name,colors,threads,normal_bytes,or_bytes,size_ratio,normal_ms,or_ms,cli_speedup,indexed_speedup,changed_pixels,alpha_changed_pixels,normal_msssim,or_msssim,normal_deltae,or_deltae
picsum-0-p256-t1,256,1,461755,391982,0.848896059598705,56.157625000196276,47.76349999883678,1.1757435071040423,4.9460227272727275,0,0,0.871313,0.871313,1.792637,1.792637
picsum-1-p256-t1,256,1,415498,478109,1.1506890526548865,66.19070800115878,59.44887500118057,1.1134055606576967,3.6633333333333336,0,0,0.930492,0.930492,3.553081,3.553081
picsum-2-p256-t1,256,1,484987,457982,0.9443180951241992,64.36079099876224,52.79670799973246,1.2190303796798918,4.987884032886196,0,0,0.904867,0.904867,2.272613,2.272613
picsum-3-p256-t1,256,1,412204,469776,1.1396687077272418,67.61908299995412,60.72200000016892,1.113584582190409,3.8887494772061904,0,0,0.935948,0.935948,3.379028,3.379028
picsum-4-p256-t1,256,1,417747,526333,1.259932447151027,71.46095799907926,65.9419160001562,1.0836955055857034,3.1042163882259346,0,0,0.964466,0.964466,3.715825,3.715825
picsum-5-p256-t1,256,1,419708,457862,1.0909060584978127,72.47445800021524,64.95870899925649,1.115700405946257,4.201028718388342,0,0,0.918577,0.918577,3.408642,3.408642
picsum-6-p256-t1,256,1,423888,528437,1.246642981164836,68.32283399853623,63.743417000296176,1.0718414106701994,2.955520254169976,0,0,0.984042,0.984042,3.414143,3.414143
picsum-7-p256-t1,256,1,597224,597025,0.9996667916895503,78.56670799992571,68.25754200144729,1.1510333612402837,4.8372434017595305,0,0,0.989824,0.989824,4.222558,4.222558
picsum-8-p256-t1,256,1,645045,518367,0.8036137013696719,64.3807079995895,50.98770800032071,1.2626711520193172,6.11797307996833,0,0,0.983225,0.983225,2.501664,2.501664
picsum-9-p256-t1,256,1,658399,507610,0.7709762621146143,66.34091600062675,53.32412499956263,1.2441069778673515,6.28254735993551,0,0,0.942225,0.942225,2.075916,2.075916
picsum-10-p256-t1,256,1,771227,581949,0.7545755011170512,69.99250000080792,49.42154200034565,1.4162346452143966,8.358719646799116,0,0,0.993826,0.993826,2.589923,2.589923
picsum-11-p256-t1,256,1,618539,481089,0.7777828075513428,59.1996660004952,46.00183299953642,1.2868979808063687,6.8370307167235485,0,0,0.995834,0.995834,1.85736,1.85736
picsum-12-p256-t1,256,1,646748,565252,0.8739911062732316,61.23858399951132,47.151665999990655,1.298757587897816,6.097570093457944,0,0,0.995081,0.995081,2.580513,2.580513
picsum-13-p256-t1,256,1,900514,588692,0.6537288704006823,90.60841700011224,58.53983399902063,1.5478078909760509,12.93204252088079,0,0,0.996527,0.996527,3.129617,3.129617
picsum-14-p256-t1,256,1,746996,510650,0.683604731484506,64.52283299950068,44.21054200065555,1.4594445143546066,9.203829787234042,0,0,0.997385,0.997385,2.148161,2.148161
picsum-15-p256-t1,256,1,1185818,626899,0.5286637578447957,125.57295899932797,73.21420800144551,1.7151446751544277,20.60083081570997,0,0,0.997549,0.997549,3.749573,3.749573
picsum-16-p256-t1,256,1,621099,548873,0.8837125804420873,67.55316700036929,57.00958400120726,1.1849440437758456,5.281767955801105,0,0,0.994863,0.994863,2.584696,2.584696
picsum-17-p256-t1,256,1,1064187,636703,0.5982999228519048,104.71841700018558,74.44770899928699,1.4066036202831778,12.609240407204387,0,0,0.994958,0.994958,3.261052,3.261052
picsum-18-p256-t1,256,1,654201,611951,0.9354174022968476,98.19383300055051,81.16154200070014,1.2098566707826157,7.183725135623869,0,0,0.989768,0.989768,3.180076,3.180076
picsum-19-p256-t1,256,1,911869,630253,0.6911661653154126,124.392583998997,94.4033749983646,1.317670941331832,12.76350364963504,0,0,0.994525,0.994525,3.674067,3.674067
picsum-20-p256-t1,256,1,573582,561923,0.9796733509768437,84.5904169982532,71.3731670002744,1.185185141047867,5.703136396790663,0,0,0.990776,0.990776,3.746791,3.746791
picsum-21-p256-t1,256,1,818931,566597,0.6918739185596833,99.65408300013223,72.22362500033341,1.3797989646694164,11.133408071748878,0,0,0.988603,0.988603,3.100332,3.100332
picsum-22-p256-t1,256,1,1122664,625332,0.5570072612999081,74.71020900084113,41.99987500032876,1.7788197941126334,12.898449039881832,0,0,0.998116,0.998116,2.009955,2.009955
picsum-23-p256-t1,256,1,419078,421784,1.0064570318651898,47.07050000070012,37.31299999890325,1.261504033502631,5.392728904847397,0,0,0.994173,0.994173,1.708345,1.708345
picsum-24-p256-t1,256,1,407377,497920,1.2222584976569615,50.422374999470776,45.855625001422595,1.0995897449420111,2.625144620131122,0,0,0.993875,0.993875,1.878213,1.878213
picsum-25-p256-t1,256,1,995325,527081,0.529556677467159,123.79183400116744,63.704000000143424,1.9432348675261952,24.761250000000004,0,0,0.99794,0.99794,2.922068,2.922068
picsum-26-p256-t1,256,1,724772,550777,0.7599313991158598,55.67566699937743,39.242041999386856,1.418775990307725,6.9104422147900415,0,0,0.997159,0.997159,1.989841,1.989841
picsum-27-p256-t1,256,1,736316,585317,0.7949263631375659,77.15170800111082,62.41379200037045,1.2361323599862815,6.497382198952879,0,0,0.994491,0.994491,2.977989,2.977989
picsum-28-p256-t1,256,1,1215382,629908,0.5182798494629672,140.66304200059676,88.54925000014191,1.5885288921179042,21.196534068530916,0,0,0.996889,0.996889,3.695127,3.695127
picsum-29-p256-t1,256,1,1196809,616662,0.5152551493178945,116.01683300068544,59.30908300069859,1.9561393825515545,23.20713141025641,0,0,0.997472,0.997472,3.373801,3.373801
picsum-30-p256-t1,256,1,547438,584344,1.0674158534847782,71.7459580009745,62.54633400021703,1.147084943471276,4.5204236006051435,0,0,0.989081,0.989081,2.803079,2.803079
picsum-31-p256-t1,256,1,156367,148234,0.9479877467752147,21.531333000893937,19.326707999425707,1.1140714187606984,2.7756410256410255,0,0,0.995015,0.995015,0.223294,0.223294
picsum-32-p256-t1,256,1,1075549,612073,0.5690796049273441,75.09024999853864,43.067833001259714,1.7435344377866024,12.588128186453021,0,0,0.998798,0.998798,2.130622,2.130622
picsum-33-p256-t1,256,1,602695,521754,0.8657015571723674,71.46579199979897,54.793124998468556,1.304283922513936,6.896332335329341,0,0,0.980601,0.980601,2.553306,2.553306
picsum-34-p256-t1,256,1,1019662,621881,0.6098893554923102,126.9789159996435,92.38929200000712,1.3743899671796784,13.730577879831612,0,0,0.98819,0.98819,3.536704,3.536704
picsum-35-p256-t1,256,1,473712,550178,1.161418752322086,90.8264589997998,84.46012499916833,1.07537680059903,3.729206963249516,0,0,0.985653,0.985653,3.561561,3.561561
picsum-36-p256-t1,256,1,592320,469978,0.7934528633171258,66.2396660009108,49.45225000119535,1.3394671829756921,7.761544920235097,0,0,0.99735,0.99735,2.375937,2.375937
picsum-37-p256-t1,256,1,649631,474722,0.7307563832391003,70.2829580004618,52.758333999008755,1.3321678808466981,8.402491408934706,0,0,0.995721,0.995721,2.893369,2.893369
picsum-38-p256-t1,256,1,516214,582838,1.12906275304428,52.9499999993277,47.54529199999524,1.1136749354559228,3.0841459010473096,0,0,0.993118,0.993118,2.616666,2.616666
picsum-39-p256-t1,256,1,320011,411495,1.2858776729549921,46.969749999334454,42.88050000104704,1.09536385998735,2.6665204036858268,0,0,0.994271,0.994271,2.022378,2.022378
picsum-40-p256-t1,256,1,717607,567252,0.7904772389344028,80.01566699931573,57.209958000385086,1.398631808098463,8.997313891020722,0,0,0.995162,0.995162,3.124308,3.124308
picsum-41-p256-t1,256,1,692646,614581,0.8872945198557416,85.08979200087197,65.34170899976743,1.3022278312490239,8.022483940042827,0,0,0.992399,0.992399,3.934723,3.934723
picsum-42-p256-t1,256,1,542866,575534,1.060176912903,76.76979200005007,66.54108300062944,1.1537202061968825,4.5227106227106235,0,0,0.990606,0.990606,3.64639,3.64639
picsum-43-p256-t1,256,1,526261,265616,0.5047229416582266,32.24916700128233,20.990790999348974,1.5363483444850903,7.7203907203907205,0,0,0.996067,0.996067,0.393981,0.393981
picsum-44-p256-t1,256,1,487928,424317,0.8696303552983227,39.01820799910638,29.280124999786494,1.3325833820515074,5.349293205654354,0,0,0.99765,0.99765,1.469306,1.469306
picsum-45-p256-t1,256,1,615010,577192,0.938508316937936,85.14412499971513,70.87116699949547,1.2013930150228973,6.013552068473609,0,0,0.991777,0.991777,3.292791,3.292791
picsum-46-p256-t1,256,1,617481,576858,0.9342117409280609,73.03858299928834,60.85441699906369,1.2002182684686984,5.46699732926364,0,0,0.993459,0.993459,3.528484,3.528484
picsum-47-p256-t1,256,1,387414,216043,0.5576540858100121,27.329374999681022,20.919665999826975,1.3063963353863806,5.101198402130493,0,0,0.993625,0.993625,0.342332,0.342332
picsum-48-p256-t1,256,1,346079,460829,1.3315716931683228,56.09829099921626,50.695583999186056,1.106571550692008,2.577970297029703,0,0,0.992169,0.992169,2.306196,2.306196
picsum-49-p256-t1,256,1,495183,486917,0.9833071813854676,64.37758299944107,51.896332999604056,1.2405035053234348,5.804421768707483,0,0,0.994645,0.994645,3.053831,3.053831
picsum-50-p256-t1,256,1,870901,611471,0.702113098963028,79.18179199987208,58.470959000260336,1.3542071714527468,8.316318926974665,0,0,0.996182,0.996182,2.583412,2.583412
picsum-51-p256-t1,256,1,498596,302157,0.6060156920633137,29.08166599991091,22.036082998965867,1.3197293730140556,4.460738429537182,0,0,0.997261,0.997261,0.317074,0.317074
picsum-52-p256-t1,256,1,548606,546879,0.9968520213049074,59.717707999880076,52.25554199932958,1.1428014276580698,4.078491727587533,0,0,0.992793,0.992793,2.489632,2.489632
picsum-53-p256-t1,256,1,475809,578831,1.2165196538947352,50.87929100045585,44.64854199977708,1.1395510070790191,2.963393171418514,0,0,0.993343,0.993343,1.385419,1.385419
picsum-54-p256-t1,256,1,635851,541969,0.8523522020095903,74.33929100079695,59.48858300143911,1.2496396325156809,6.55589704187476,0,0,0.993525,0.993525,2.900505,2.900505
picsum-55-p256-t1,256,1,780671,620263,0.794525478722791,97.43999999955122,82.47845799996867,1.1813993903667335,7.186080057699243,0,0,0.99269,0.99269,3.483112,3.483112
picsum-56-p256-t1,256,1,343799,501482,1.458648803516008,83.22570800009998,80.00291600001219,1.040283431670007,2.516680227827502,0,0,0.982375,0.982375,3.151653,3.151653
picsum-57-p256-t1,256,1,865475,609024,0.7036875704093128,105.64112499923795,73.7606250004319,1.4322156977197438,12.198439241917503,0,0,0.994665,0.994665,4.362507,4.362507
picsum-58-p256-t1,256,1,607007,316686,0.5217172124868412,33.110416999988956,20.986416000596364,1.5777070748548998,7.348156182212581,0,0,0.997664,0.997664,0.367631,0.367631
picsum-59-p256-t1,256,1,683575,500695,0.7324653476209633,88.99370900144277,68.84479200016358,1.2926716228764452,9.232558139534882,0,0,0.994668,0.994668,2.761831,2.761831
picsum-60-p256-t1,256,1,401588,399483,0.9947583095112403,46.97850000047765,38.335667000865215,1.225451483586222,4.410321489001691,0,0,0.997245,0.997245,1.459619,1.459619
picsum-61-p256-t1,256,1,673368,355117,0.527374333202647,34.80504099934478,21.230416001344565,1.6393951487874994,8.544796883695048,0,0,0.997606,0.997606,0.343289,0.343289
picsum-62-p256-t1,256,1,594665,579483,0.9744696593880589,69.19583299895748,55.592416998479166,1.2446991286752376,6.061567877629063,0,0,0.988384,0.988384,3.066538,3.066538
picsum-63-p256-t1,256,1,231671,382946,1.6529733976199006,44.412999999622116,43.47004199917137,1.0216921345617453,1.8847248576850095,0,0,0.991928,0.991928,1.348661,1.348661
picsum-64-p256-t1,256,1,396827,393927,0.9926920295242008,67.03258400011691,59.033999999883235,1.1354911407028068,4.740900383141763,0,0,0.992954,0.992954,2.809988,2.809988
picsum-65-p256-t1,256,1,462045,472292,1.0221774935341796,76.7537909996463,67.76691600134654,1.1326144899101087,4.836448598130841,0,0,0.98913,0.98913,2.898525,2.898525
picsum-66-p256-t1,256,1,594566,478949,0.8055438757009314,65.72070799848007,50.55874999925436,1.2998879125660605,7.533419023136247,0,0,0.995121,0.995121,2.134248,2.134248
picsum-67-p256-t1,256,1,676671,336258,0.4969298226168995,36.607208001441904,22.66708299976017,1.6149942187898298,8.447737068965516,0,0,0.997402,0.997402,0.328376,0.328376
picsum-68-p256-t1,256,1,579049,492941,0.8512941046439939,43.2587909999711,31.668833000367158,1.3659736372183202,4.940975776185602,0,0,0.997577,0.997577,0.907203,0.907203
picsum-69-p256-t1,256,1,688210,513480,0.7461094723994129,81.3024580002093,61.43829200118489,1.3233189815667614,9.079300528670192,0,0,0.995714,0.995714,2.795824,2.795824
picsum-70-p256-t1,256,1,881314,557037,0.6320528211284514,75.50133299992012,46.40516600011324,1.6270027565408534,12.524472741742937,0,0,0.997108,0.997108,2.610844,2.610844
picsum-71-p256-t1,256,1,981091,611555,0.6233417695198509,118.47370800023782,75.96304199978476,1.5596230072062347,16.937596899224808,0,0,0.993064,0.993064,3.8946,3.8946
picsum-72-p256-t1,256,1,763980,376993,0.4934592528600225,44.080292000217014,21.185582998441532,2.0806740132409702,12.147029702970297,0,0,0.998762,0.998762,0.385047,0.385047
picsum-73-p256-t1,256,1,500480,585854,1.1705842391304349,66.52983399908408,60.13387500024692,1.1063619964422864,3.6103286384976525,0,0,0.99092,0.99092,2.665414,2.665414
picsum-74-p256-t1,256,1,708201,486378,0.6867796007065791,76.26675000028627,53.38520899931609,1.4286119962790313,10.740580337808575,0,0,0.995698,0.995698,1.768814,1.768814
picsum-75-p256-t1,256,1,796821,609247,0.764597067597365,95.12962500048161,69.83166600002733,1.3622705922617453,10.039752005835156,0,0,0.994024,0.994024,3.976694,3.976694
picsum-76-p256-t1,256,1,1027716,635769,0.6186232383265415,140.8717920003255,101.2189169996418,1.3917535987944234,15.608910891089108,0,0,0.994719,0.994719,5.156011,5.156011
picsum-77-p256-t1,256,1,713464,585118,0.8201086529944047,73.73929200002749,61.09570799890207,1.2069471721541,5.503308823529411,0,0,0.994803,0.994803,3.219285,3.219285
picsum-78-p256-t1,256,1,947357,635747,0.6710743679521025,100.406915998974,65.2234999997745,1.5394285188516583,14.190043604651164,0,0,0.995865,0.995865,3.521362,3.521362
picsum-79-p256-t1,256,1,698620,338794,0.48494746786522,33.014541999364155,22.21441700021387,1.4861763871204139,6.798532731376976,0,0,0.997366,0.997366,0.350297,0.350297
picsum-80-p256-t1,256,1,334569,243355,0.7273686444350792,27.29166700009955,20.487208999838913,1.3321320146787266,4.717992103778905,0,0,0.995624,0.995624,0.384106,0.384106
picsum-81-p256-t1,256,1,983983,634692,0.6450233388178455,113.59824999999546,72.96433299961791,1.5569010957804594,15.101785714285716,0,0,0.995323,0.995323,3.007966,3.007966
picsum-82-p256-t1,256,1,586993,580798,0.9894462114539696,111.43491599978006,95.58229200047208,1.1658531477695646,6.1139551192145865,0,0,0.985814,0.985814,4.226803,4.226803
picsum-83-p256-t1,256,1,650953,522627,0.8028644157105045,65.65966700145509,50.743916999635985,1.2939416364315373,6.508474576271187,0,0,0.971661,0.971661,2.368646,2.368646
picsum-84-p256-t1,256,1,460949,500651,1.0861310036468244,66.00966599944513,58.629665998523706,1.1258748429695515,3.8731314679954,0,0,0.98039,0.98039,2.654975,2.654975
picsum-85-p256-t1,256,1,705612,561694,0.7960380492395254,69.27141699998174,54.25591600032931,1.2767532484302964,6.362981634857761,0,0,0.993504,0.993504,1.951858,1.951858
picsum-87-p256-t1,256,1,980910,619045,0.6310925569114394,69.84462499895017,46.3364580009511,1.5073362965619113,8.440513354144988,0,0,0.998362,0.998362,2.270799,2.270799
picsum-88-p256-t1,256,1,545030,354576,0.6505623543658148,30.728666999493726,20.801999999093823,1.4771977214129568,5.909321175278622,0,0,0.997355,0.997355,0.380778,0.380778
picsum-89-p256-t1,256,1,592923,585166,0.9869173568911983,78.75904100001208,64.40474999908474,1.2228762785529224,6.260144927536233,0,0,0.987132,0.987132,2.930079,2.930079
picsum-90-p256-t1,256,1,642106,609484,0.94919530420211,119.37483300062013,105.3896249995887,1.1327000451997624,7.286846846846847,0,0,0.985996,0.985996,3.974685,3.974685
picsum-91-p256-t1,256,1,500592,427785,0.8545582030875444,45.567458000732586,34.10624999924039,1.336044214821256,5.377670294236195,0,0,0.997072,0.997072,1.01873,1.01873
picsum-92-p256-t1,256,1,540233,587434,1.0873715600490899,90.78445900013321,79.83966700157907,1.137084639873782,5.173913043478261,0,0,0.984174,0.984174,3.709683,3.709683
picsum-93-p256-t1,256,1,930660,609902,0.6553435196527195,86.82524999858288,58.08854200040514,1.4947052724783023,11.832066869300913,0,0,0.995614,0.995614,3.131695,3.131695
picsum-94-p256-t1,256,1,733134,571676,0.7797701375191984,82.26300000023912,54.44241700024577,1.5110093293592708,11.250278914094459,0,0,0.995744,0.995744,2.930442,2.930442
picsum-95-p256-t1,256,1,957608,604191,0.6309377114643988,94.86091700091492,57.945915999880526,1.637059581577941,14.090251332825591,0,0,0.996728,0.996728,2.851605,2.851605
picsum-96-p256-t1,256,1,330917,470613,1.422148151953511,52.63504100003047,49.40225000063947,1.0654381328653888,2.326157595450853,0,0,0.990622,0.990622,2.517322,2.517322
picsum-98-p256-t1,256,1,493808,554403,1.122709636133882,66.01516699993226,57.59525000030408,1.1461911702715715,4.124685591088753,0,0,0.990796,0.990796,3.086498,3.086498
picsum-99-p256-t1,256,1,837925,516620,0.6165468269833219,69.66708400068455,36.1192079999455,1.928809845464764,13.92934564431955,0,0,0.976208,0.976208,1.358143,1.358143
picsum-100-p256-t1,256,1,514568,487742,0.9478669485859984,45.96504099936283,36.580707999746664,1.2565377630110701,4.654704944178629,0,0,0.994683,0.994683,1.620314,1.620314
picsum-101-p256-t1,256,1,487274,411767,0.8450420092186326,53.8149580006575,44.00783299934119,1.2228495322971964,5.790697674418605,0,0,0.99631,0.99631,1.937409,1.937409
snake-p16-t1,16,1,104209,123286,1.1830648024642785,25.469875001363107,24.812208001094405,1.0265057829694033,1.8471138845553823,0,0,0.91847,0.91847,10.699538,10.699538
snake-p16-t4,16,4,90715,98015,1.080471807308604,21.138916999916546,20.89250000062748,1.0117945195300546,,0,0,0.931329,0.931329,7.483759,7.483759
snake-p256-t1,256,1,299483,312223,1.042539977227422,54.47733300024993,49.331041000186815,1.1043215771595742,4.414858645627876,0,0,0.991198,0.991198,2.728167,2.728167
snake-p256-t4,256,4,305106,321295,1.0530602479138398,40.42154099988693,40.57608299990534,0.9961913031373982,,0,0,0.992344,0.992344,2.364255,2.364255
egret-p16-t1,16,1,74445,104715,1.4066089059036873,21.610750000036205,21.41479100100696,1.0091506379408526,1.6172607879924952,0,0,0.924886,0.924886,10.722998,10.722998
egret-p16-t4,16,4,58572,77968,1.3311479888001092,15.724040998975397,15.723874999821419,1.000010557140271,,0,0,0.943076,0.943076,6.895656,6.895656
egret-p256-t1,256,1,187590,232789,1.2409456794072178,31.095708000066224,29.151042001103633,1.0667099995564127,2.478748997594226,0,0,0.994462,0.994462,2.136528,2.136528
egret-p256-t4,256,4,192857,240489,1.246980923689573,21.261166999465786,21.46600000014587,0.9904577936886849,,0,0,0.995541,0.995541,1.900896,1.900896
autumn-resized-p16-t1,16,1,175407,152061,0.8669038293796713,33.71204199902422,31.986375000997214,1.0539500646126112,2.7832402234636873,0,0,0.969799,0.969799,5.541378,5.541378
autumn-resized-p16-t4,16,4,172251,157113,0.9121166205130885,26.114833999599796,26.037542000267422,1.0029684829440344,,0,0,0.97688,0.97688,4.425293,4.425293
autumn-resized-p256-t1,256,1,596776,420598,0.7047837044385163,68.8014999996085,46.833124999466236,1.4690777094287992,12.426006528835693,0,0,0.997689,0.997689,1.727537,1.727537
autumn-resized-p256-t4,256,4,608822,420623,0.6908800930321177,38.745584000935196,38.35404199890036,1.0102086242186956,,0,0,0.99809,0.99809,1.548026,1.548026
fisheye-resized-p16-t1,16,1,238990,232576,0.9731620569898322,38.469125000119675,36.30337499998859,1.0596569878181235,2.7814977973568284,0,0,0.96383,0.96383,7.495056,7.495056
fisheye-resized-p16-t4,16,4,228958,201117,0.8784012788371667,29.682750000574742,29.73179199943843,0.9983505199126709,,0,0,0.968001,0.968001,5.163012,5.163012
fisheye-resized-p256-t1,256,1,631040,484553,0.7678641607505071,81.20550000057847,60.82150000111142,1.3351446445598114,9.552219321148824,0,0,0.996761,0.996761,2.010642,2.010642
fisheye-resized-p256-t4,256,4,644914,485284,0.7524786250569844,50.7562090006104,49.97437499878288,1.0156446979446279,,0,0,0.997263,0.997263,1.64189,1.64189
vimperator3-p16-t1,16,1,61687,57829,0.9374584596430366,22.726082999724895,21.984042001349735,1.0337536199362065,2.2887189292543018,0,0,0.978091,0.978091,3.280869,3.280869
vimperator3-p16-t4,16,4,55028,51370,0.9335247510358363,17.672208001386025,17.754832999344217,0.9953463376444462,,0,0,0.988932,0.988932,2.590428,2.590428
vimperator3-p256-t1,256,1,134748,111121,0.8246578798943213,31.802499999685097,29.013499999564374,1.0961276647134126,3.459639126305793,0,0,0.99951,0.99951,1.294539,1.294539
vimperator3-p256-t4,256,4,134482,123840,0.9208667330943918,21.520667000004323,21.42733400069119,1.0043557915002457,,0,0,0.999534,0.999534,1.123496,1.123496
map16-p16-t1,16,1,950,1206,1.2694736842105263,7.659124999918276,7.515416000387631,1.0191218955175911,1.8181818181818183,0,0,0.987934,0.987934,0.574689,0.574689
map16-p16-t4,16,4,950,1206,1.2694736842105263,7.6442919998953585,7.574833000035142,1.009169707089238,,0,0,0.987934,0.987934,0.574689,0.574689
map16-p256-t1,256,1,950,1206,1.2694736842105263,7.766665999952238,8.09408299937786,0.9595485987170148,1.9523809523809526,0,0,0.987934,0.987934,0.574689,0.574689
map16-p256-t4,256,4,950,1206,1.2694736842105263,7.9445829996984685,8.076416999756475,0.9836766724573556,,0,0,0.987934,0.987934,0.574689,0.574689
smooth-gradient-600x450-p16-t1,16,1,55922,90609,1.6202746682879725,22.87287500075763,22.32062500115717,1.0247416906816826,1.4370860927152318,0,0,0.793065,0.793065,10.148256,10.148256
smooth-gradient-600x450-p16-t4,16,4,54093,88467,1.6354611502412513,16.442124999230145,16.571416999795474,0.9921978910694889,,0,0,0.827362,0.827362,9.451855,9.451855
smooth-gradient-600x450-p256-t1,256,1,122620,272455,2.22194584896428,52.37983299957705,52.00999999942724,1.0071108056172637,1.1416,0,0,0.964675,0.964675,2.9544,2.9544
smooth-gradient-600x450-p256-t4,256,4,117390,238509,2.0317659085100948,30.91787499943166,30.654417001642287,1.008594454684141,,0,0,0.965038,0.965038,2.889194,2.889194
rare-colors-600x450-p16-t1,16,1,79781,111358,1.3957959915268046,18.505333000575774,17.838334000771283,1.0373913281237839,1.778675282714055,0,0,0.883036,0.883036,4.670836,4.670836
rare-colors-600x450-p16-t4,16,4,100299,111187,1.108555419296304,15.325082998970174,15.146042000196758,1.0118209759864056,,0,0,0.887407,0.887407,6.082011,6.082011
rare-colors-600x450-p256-t1,256,1,106556,191605,1.7981624685611322,25.233542000933085,24.226666000686237,1.0415606505747976,1.6950527169505272,0,0,0.996409,0.996409,0.491064,0.491064
rare-colors-600x450-p256-t4,256,4,107953,192814,1.7860920956342112,17.167791000247234,17.08566600063932,1.0048066607181037,,0,0,0.995918,0.995918,0.512739,0.512739
