image,colors,threads,defined_colors,normal_bytes,or_bytes,size_ratio,encode_normal_ms,encode_or_ms,decode_rgba_normal_ms,decode_rgba_or_ms,decode_indexed_normal_ms,decode_indexed_or_ms,decode_cli_normal_ms,decode_cli_or_ms,encode_cli_speedup,decode_rgba_speedup,decode_indexed_speedup,decode_cli_speedup,msssim,deltae
snake,2,1,2,34997,33712,0.9632825670771781,19.811583999398863,19.41304200045124,0.824,0.7,0.5900000000000001,0.544,23.062915999616962,23.072875001162174,1.0205296006127405,1.177142857142857,1.084558823529412,0.9995683675508704,0.696277,23.50317
snake,4,1,4,66384,63976,0.9637261990841166,21.024916999522247,20.682374999523745,1.121,1.0790000000000002,1.054,1.0230000000000001,27.791541999249603,27.73170900036348,1.0165620244293216,1.0389249304911954,1.0303030303030303,1.0021575662316857,0.736745,19.075333
snake,8,1,8,87927,100460,1.142538696873543,23.43499999915366,22.789750000811182,1.381,1.617,1.3110000000000002,1.632,24.577291998866713,24.605917000371846,1.0283131670298933,0.8540507111935685,0.8033088235294118,0.9988366618685781,0.83502,15.961645
snake,16,1,16,104209,123286,1.1830648024642785,25.115166999967187,24.63841600001615,1.464,1.9120000000000001,1.3860000000000001,2.028,27.680041999701643,28.151417000117362,1.0193499046347267,0.7656903765690376,0.6834319526627219,0.9832557273968214,0.91847,10.699538
snake,32,1,32,162190,196370,1.2107404895492941,35.0288339996041,33.87870799997472,2.109,3.065,2.006,3.191,31.904166000458645,32.86325000044599,1.033948343001458,0.6880913539967374,0.6286430586023191,0.9708159113911641,0.950489,7.917294
snake,64,1,64,205385,236754,1.152732672785257,38.65820899954997,36.98791600072582,2.357,3.847,2.368,4.067,35.02783400108456,36.374749999595224,1.0451578023155286,0.6126852092539642,0.5822473567740348,0.9629711269898582,0.973431,5.750345
snake,128,1,128,234008,268729,1.148375269221565,45.62950000035926,42.71112500100571,2.49,4.24,2.472,4.502,37.78754199993273,39.43037499993807,1.0683282165778782,0.5872641509433962,0.5490892936472679,0.9583358514848535,0.984365,3.88721
snake,256,1,256,299483,312223,1.042539977227422,54.25858399939898,48.66708300141909,2.841,4.9350000000000005,2.964,5.49,41.129374998490675,43.14729199904832,1.114892873234602,0.5756838905775076,0.5398907103825137,0.9532318969032366,0.991198,2.728167
egret,256,1,256,187590,232789,1.2409456794072178,31.180542000583955,29.253916998641216,2.004,3.504,1.954,3.732,31.255042000339017,32.78762499940058,1.0658587019998802,0.5719178082191781,0.5235798499464094,0.9532572731605422,0.994462,2.136528
egret,128,1,128,154203,212333,1.3769706166546696,28.45220800008974,27.253750000454602,1.848,3.307,1.7930000000000001,3.458,30.358625001099426,31.70312499969441,1.0439740586016657,0.5588146356214091,0.5185078079814922,0.9575909315372556,0.989444,2.91412
egret,64,1,64,129596,176737,1.3637535109108305,26.38466700045683,25.7347499991738,1.706,2.735,1.641,2.902,28.786250000848668,29.663875000551343,1.025254451716216,0.6237659963436929,0.5654720882150241,0.9704143507992006,0.979127,3.995316
egret,32,1,32,138521,183376,1.3238137177756442,25.24308300053235,24.248249999800464,1.825,2.748,1.813,2.8960000000000004,29.69716699954006,30.888792000041576,1.041027001979115,0.6641193595342068,0.62603591160221,0.9614220912070659,0.957201,6.999694
egret,16,1,16,74445,104715,1.4066089059036873,19.89687500099535,19.45983400037221,1.137,1.6540000000000001,1.05,1.7229999999999999,22.649958000329207,22.996790999968653,1.022458619154448,0.6874244256348246,0.6094022054556006,0.9849182001245339,0.924886,10.722998
egret,8,1,8,69176,109303,1.580071122932809,19.28395799950522,18.98066700050549,1.0610000000000002,1.694,0.968,1.689,25.152583000817685,25.73616699919512,1.0159789431526116,0.6263282172373082,0.5731201894612197,0.9773243623109966,0.881533,12.441137
egret,4,1,4,35368,44254,1.2512440624293146,17.215709000083734,16.726042000300367,0.629,0.8130000000000001,0.535,0.746,20.635457998650963,20.534999999654246,1.0292757246319586,0.7736777367773677,0.7171581769436997,1.004892037935155,0.857494,15.687907
egret,2,1,2,19641,18998,0.9672623593503386,15.923167000437388,15.362000000095577,0.42700000000000005,0.412,0.315,0.323,22.13487500011979,21.9613749995915,1.0365295534655852,1.0364077669902914,0.9752321981424149,1.0079002339576424,0.743403,16.213556
autumn-resized,2,1,2,31034,28357,0.9137397692853,25.63291700062109,25.480457999947248,0.641,0.603,0.508,0.456,23.226874998727,22.56649999981164,1.0059833697131408,1.0630182421227197,1.1140350877192982,1.0292635100224168,0.679001,15.488887
autumn-resized,4,1,4,80078,72296,0.9028197507430256,27.880874999027583,27.177459000085946,1.343,1.3079999999999998,1.224,1.217,27.58387500034587,27.457958000013605,1.0258823313444945,1.0267584097859328,1.0057518488085457,1.0045858107996306,0.848515,11.196542
autumn-resized,8,1,8,118808,103139,0.868114941754764,29.29483300067659,28.183833001094172,1.701,1.758,1.665,1.776,28.87495899994974,28.81566700125404,1.039419762370125,0.9675767918088737,0.9375,1.0020576306178552,0.936113,6.622141
autumn-resized,16,1,16,175407,152061,0.8669038293796713,32.04337500028487,30.318334000185132,2.18,2.4299999999999997,2.145,2.528,33.31645799880789,33.39675000097486,1.056897618453877,0.8971193415637861,0.8484968354430381,0.9975958138991181,0.969799,5.541378
autumn-resized,32,1,32,296071,244326,0.8252277325371279,41.6187920000084,37.70341699964774,3.233,4.224,3.184,4.3870000000000005,41.58666699913738,42.25241600033769,1.1038466884950304,0.7653882575757576,0.7257807157510827,0.9842435281997841,0.985222,4.714203
autumn-resized,64,1,64,369694,301206,0.8147440856492126,47.35995900045964,40.478709001035895,3.645,5.172000000000001,3.629,5.472,46.084833000350045,47.2816250003234,1.1699967753232359,0.7047563805104408,0.6631944444444444,0.9746880104064704,0.991958,3.239325
autumn-resized,128,1,128,480330,361467,0.7525388795203298,56.262750000314554,43.40645800039056,4.3629999999999995,6.388,4.332,6.723,55.54241699974227,56.926541999928304,1.2961838535594938,0.6829993738259236,0.644355198572066,0.97568577061667,0.995918,2.377378
autumn-resized,256,1,256,596776,420598,0.7047837044385163,68.41866600007052,46.40662500059989,4.884,7.457,4.8919999999999995,7.896999999999999,61.07487500048592,65.51108399980876,1.4743297104494473,0.654955075767735,0.6194757502849183,0.932283077481426,0.997689,1.727537
fisheye-resized,256,1,256,631040,484553,0.7678641607505071,81.40341699981946,61.17962500138674,5.305,8.142,5.2620000000000005,8.548,61.41845800084411,63.827334000961855,1.3305641706364546,0.6515598133136822,0.6155825924192794,0.9622594921467119,0.996761,2.010642
fisheye-resized,128,1,128,535217,432148,0.8074257730976407,67.93041600030847,55.20566700033669,4.8999999999999995,7.403,4.854,7.749,57.73345800116658,59.756874999948195,1.23049715167637,0.6618938268269621,0.6264034068912118,0.9661391764749517,0.993322,2.945145
fisheye-resized,64,1,64,457591,375673,0.8209798706705332,57.94491699998616,50.517042000137735,4.508,6.438,4.4799999999999995,6.707,53.47245800112432,55.87458300033177,1.147037013763161,0.7002174588381485,0.6679588489637691,0.9570086277119387,0.986872,4.388063
fisheye-resized,32,1,32,372165,314834,0.8459527360176265,51.8828329986718,47.45749999892723,4.054,5.279,4.069,5.545999999999999,49.94299999998475,52.135416999590234,1.093248337983345,0.7679484750899792,0.7336819329246304,0.9579476462301487,0.977739,6.35165
fisheye-resized,16,1,16,238990,232576,0.9731620569898322,38.94895799930964,37.34400000030291,3.0140000000000002,3.899,2.9650000000000003,3.9699999999999998,44.31958400164149,45.8922910002002,1.0429776670681692,0.773018722749423,0.7468513853904284,0.9657304753307728,0.96383,7.495056
fisheye-resized,8,1,8,172127,167423,0.9726713415094669,35.48454199881235,34.27437500067754,2.463,2.901,2.372,2.8890000000000002,40.79783300039708,41.17920899989258,1.0353082149013917,0.8490175801447777,0.8210453444098303,0.9907386273617713,0.940874,8.730219
fisheye-resized,4,1,4,109009,112594,1.0328871928005945,32.500750001418055,31.662208999478025,1.8259999999999998,2.064,1.658,1.9629999999999999,36.44212500148569,36.65324999928998,1.0264839702736424,0.8846899224806202,0.8446255731023943,0.9942399378552139,0.859982,11.578819
fisheye-resized,2,1,2,41481,37034,0.8927942913623105,30.41920800023945,29.549250000854954,0.9039999999999999,0.874,0.6769999999999999,0.6579999999999999,25.500499999907333,25.492416998531553,1.0294409502562443,1.034324942791762,1.0288753799392099,1.0003170747354495,0.762944,16.070435
vimperator3,2,1,2,61905,60903,0.9838139084080446,22.68437500060827,21.87950000006822,1.259,1.2229999999999999,0.9940000000000001,0.909,28.010292000544723,28.001667000353336,1.0367867181854038,1.0294358135731807,1.0935093509350937,1.000308017383082,0.690004,23.46994
vimperator3,4,1,4,25600,23935,0.9349609375,21.988124999552383,21.205791999818757,0.662,0.614,0.345,0.37,24.710875000891974,24.488707998898462,1.0368924206999819,1.0781758957654723,0.9324324324324323,1.0090722222668302,0.890537,6.277086
vimperator3,8,1,8,49010,45170,0.9216486431340543,23.004541999398498,22.367125000528176,0.963,0.9259999999999999,0.661,0.704,24.959415999546763,24.697625000044354,1.0284979405647918,1.0399568034557236,0.9389204545454546,1.0105998451066425,0.97251,4.472532
vimperator3,16,1,16,61687,57829,0.9374584596430366,23.799667000275804,23.069708000548417,1.0579999999999998,1.107,0.751,0.838,25.394624999535154,25.122958999418188,1.0316414494587463,0.9557362240289069,0.89618138424821,1.0108134555377517,0.978091,3.280869
vimperator3,32,1,32,67420,57739,0.8564075941857016,27.160333998835995,26.084749999427004,0.9840000000000001,0.9959999999999999,0.678,0.7969999999999999,25.995875001171953,25.637958000515937,1.0412342077049854,0.9879518072289158,0.8506900878293602,1.0139604332236136,0.99661,1.800987
vimperator3,64,1,64,85523,70076,0.8193819206529238,28.10700000009092,26.618166999469395,1.03,1.177,0.731,0.957,27.904874999876483,26.789999999891734,1.0559329649051794,0.8751062022090059,0.7638453500522466,1.0416153415449516,0.999288,1.390813
vimperator3,128,1,128,106891,84844,0.7937431589188987,30.507292000038433,28.426999999282998,1.167,1.349,0.843,1.142,29.371000000537606,29.71087500009162,1.0731801456646113,0.865085248332098,0.7381786339754816,0.9885605859957687,0.999559,1.268371
vimperator3,256,1,256,134748,111121,0.8246578798943213,32.79445800035319,30.079500000283588,1.303,1.6980000000000002,1.026,1.546,29.845958999430877,30.481665999104735,1.0902594125581877,0.7673733804475853,0.6636481241914618,0.9791446110690758,0.99951,1.294539
map16,256,1,16,950,1206,1.2694736842105263,8.616125000116881,8.752249999815831,0.023,0.025,0.06999999999999999,0.083,11.100624999016873,10.520834000999457,0.9844468565566781,0.9199999999999999,0.8433734939759036,1.055108843839028,0.987934,0.574689
map16,128,1,16,950,1206,1.2694736842105263,9.499666999545298,9.364874998937012,0.022,0.027,0.07100000000000001,0.08399999999999999,10.22187499984284,10.623125001075095,1.014393358226734,0.8148148148148148,0.8452380952380953,0.9622286284693394,0.987934,0.574689
map16,64,1,16,950,1206,1.2694736842105263,8.811332998448052,8.750166998652276,0.022,0.027,0.06999999999999999,0.083,10.056333001557505,10.490874999959487,1.0069902665635064,0.8148148148148148,0.8433734939759036,0.9585790509939676,0.987934,0.574689
map16,32,1,16,950,1206,1.2694736842105263,9.186290999423363,8.967874999143532,0.022,0.027,0.074,0.087,9.9711250004475,11.200499999176827,1.0243553796524472,0.8148148148148148,0.8505747126436781,0.8902392751377457,0.987934,0.574689
map16,16,1,16,950,1206,1.2694736842105263,8.935542000472196,8.753542000704329,0.023,0.029,0.06999999999999999,0.083,11.138125000798027,10.397791000286816,1.0207915835387804,0.7931034482758621,0.8433734939759036,1.0712010849699507,0.987934,0.574689
map16,8,1,8,3399,5629,1.656075316269491,9.296250000261352,9.069416999409441,0.045000000000000005,0.067,0.095,0.128,10.084792000270681,9.953749999112915,1.0250107587804906,0.6716417910447762,0.7421875000000001,1.0131650886519599,0.798139,13.723151
map16,4,1,4,1890,2312,1.2232804232804233,9.050500000739703,9.105708000788582,0.030000000000000002,0.036000000000000004,0.079,0.091,10.235249999823282,10.580709000350907,0.9939369898481153,0.8333333333333334,0.868131868131868,0.9673501085308963,0.784378,20.805214
map16,2,1,2,1246,1010,0.8105939004815409,8.917499999370193,9.152708000328857,0.027,0.029,0.075,0.075,10.643707999406615,9.841208000580082,0.9743018130863332,0.9310344827586207,1.0,1.0815448671320869,0.4094,31.87182
smooth-gradient-600x450,2,1,2,16349,15828,0.9681326074989296,16.271500000584638,15.82116700046754,0.412,0.415,0.29100000000000004,0.28800000000000003,19.964084000093862,19.827874999464257,1.028463955920811,0.9927710843373494,1.0104166666666667,1.0068695712794884,0.713946,28.335621
smooth-gradient-600x450,4,1,4,32610,36107,1.1072370438515793,17.799083001591498,17.372207999869715,0.642,0.7010000000000001,0.524,0.632,21.683708000637125,21.751041000243276,1.0245722939608473,0.9158345221112696,0.829113924050633,0.9969043780660706,0.732868,16.64727
smooth-gradient-600x450,8,1,8,52350,57591,1.1001146131805157,20.423084000867675,19.962624999607215,0.9420000000000001,0.9790000000000001,0.8350000000000001,0.9510000000000001,23.204458999316557,23.230166998473578,1.0230660547532962,0.9622063329928499,0.8780231335436383,0.9988933355856326,0.749431,15.292165
smooth-gradient-600x450,16,1,16,55922,90609,1.6202746682879725,23.343750001004082,23.078791999068926,1.026,1.477,0.873,1.4729999999999999,23.36762499908218,24.1962500003865,1.0114805836434526,0.6946513202437373,0.5926680244399185,0.9657539907510014,0.793065,10.148256
smooth-gradient-600x450,32,1,32,100227,158363,1.5800433017051294,31.085416998394066,30.49300000020594,1.489,2.327,1.443,2.447,27.260041000772617,28.38095799961593,1.01942796701486,0.6398796733992265,0.5897016755210462,0.9605046102087716,0.868901,8.343375
smooth-gradient-600x450,64,1,64,110029,189841,1.725372401821338,38.718124998922576,38.2137500000681,1.591,2.827,1.5479999999999998,3.061,27.52587500071968,28.29629100051534,1.0131987831305111,0.5627874071453838,0.505717085919634,0.9727732514561138,0.90686,6.127144
smooth-gradient-600x450,128,1,128,115681,231203,1.9986255305538507,45.33887499928824,45.34820899971237,1.6219999999999999,3.3800000000000003,1.581,3.6380000000000003,28.953749999345746,30.496291001327336,0.9997941704726598,0.4798816568047337,0.4345794392523364,0.9494187341695273,0.942789,4.217815
smooth-gradient-600x450,256,1,256,122620,272455,2.22194584896428,52.79545800112828,52.52979099896038,1.678,3.9119999999999995,1.6039999999999999,4.278,31.051291000039782,33.528916999785,1.0050574540106805,0.4289366053169735,0.3749415614773259,0.926104800827265,0.964675,2.9544
rare-colors-600x450,256,1,256,106556,191605,1.7981624685611322,26.294416999007808,25.391499999386724,0.9610000000000001,2.231,0.8540000000000001,2.362,23.68291600032535,25.038499999936903,1.0355598133092923,0.4307485432541462,0.3615580016934801,0.9458600155913904,0.996409,0.491064
rare-colors-600x450,128,1,128,109886,180702,1.6444497024188705,26.697416999013512,25.618957999540726,0.9970000000000001,2.176,0.892,2.3089999999999997,23.973084000317613,25.726833000589977,1.0420961305097625,0.45818014705882354,0.38631442182763104,0.9318319126092144,0.995168,0.548095
rare-colors-600x450,64,1,64,137490,182248,1.3255364026474652,29.935790998933953,28.682624999419204,1.32,2.477,1.268,2.601,25.702541999635287,27.018917000532383,1.0436907709646563,0.5329027048849414,0.4875048058439062,0.9512795053602201,0.989086,0.784788
rare-colors-600x450,32,1,32,104752,150562,1.4373186192149077,26.472999999896274,25.567334001607378,1.2069999999999999,2.043,1.143,2.17,24.19683299922326,24.73608399850491,1.0354227780742395,0.5907978463044542,0.5267281105990783,0.9781998234112464,0.970465,1.907254
rare-colors-600x450,16,1,16,79781,111358,1.3957959915268046,19.507041999531793,18.56683299956785,0.93,1.5250000000000001,0.875,1.606,21.28291699955298,21.73170899914112,1.050639169317989,0.6098360655737705,0.5448318804483188,0.9793485178912585,0.883036,4.670836
rare-colors-600x450,8,1,8,121485,110182,0.906959706959707,21.784416001537465,20.86704200155509,1.58,1.7489999999999999,1.553,1.767,31.356999999843538,31.336166999608395,1.043962819450596,0.903373356203545,0.8788907753254103,1.0006648228622028,0.792178,16.531477
rare-colors-600x450,4,1,4,71532,70637,0.9874881172062853,18.736416999672656,18.356125001446344,1.034,1.1139999999999999,0.959,1.103,28.70108400020399,28.77762500065728,1.020717444351482,0.9281867145421903,0.8694469628286491,0.9973402599953421,0.792874,26.409252
rare-colors-600x450,2,1,2,30672,27398,0.8932576943140323,17.020584000420058,16.656957999657607,0.6,0.559,0.47800000000000004,0.439,20.46387499831326,20.525666999674286,1.0218302766189316,1.073345259391771,1.0888382687927107,0.996989525292308,0.628729,24.868412
snake,256,2,256,305004,321299,1.0534255288455234,53.55874999986554,50.01691699908406,3.206,7.04,3.231,6.877000000000001,42.189207999399514,46.064124999247724,1.0708127012475868,0.45539772727272726,0.469826959429984,0.9158799391085473,0.992332,2.364883
snake,256,3,256,305004,321299,1.0534255288455234,49.62999999952444,49.65420799999265,2.548,5.3870000000000005,2.575,5.271,43.376583000281244,46.23800000081246,0.9995124682993995,0.4729905327640616,0.48852210206791885,0.9381154677866487,0.992332,2.364883
snake,256,4,256,305106,321295,1.0530602479138398,39.60883400031889,38.85195800103247,2.154,4.126,2.1679999999999997,3.9960000000000004,43.145333000211394,44.38987499997893,1.0194810258794758,0.5220552593310712,0.5425425425425424,0.9719633812943126,0.992344,2.364255
snake,256,5,256,305030,321328,1.053430810084254,34.926291000374476,34.31158300008974,1.905,3.499,1.944,3.3249999999999997,43.15137499906996,45.12316699947405,1.0179154660478105,0.5444412689339811,0.5846616541353383,0.9563020033494751,0.992327,2.363273
snake,256,6,256,305263,321401,1.052865889413391,33.55595799985167,33.57845800019277,1.772,3.068,1.841,2.904,40.53429099985806,42.263249999450636,0.9993299275285075,0.5775749674054759,0.6339531680440772,0.9590907230367979,0.992337,2.362154
snake,256,7,256,305360,321131,1.0516472360492533,29.53370800059929,28.93324999968172,1.6700000000000002,2.689,1.703,2.5799999999999996,40.693250000913395,41.9998340003076,1.020753216487058,0.6210487169951655,0.660077519379845,0.968890734201839,0.992348,2.362576
snake,256,8,256,305226,321192,1.0523087810343812,28.579083000295213,28.94512500097335,1.5939999999999999,2.518,1.657,2.3379999999999996,41.401583001061226,43.415416999778245,0.9873539326340506,0.6330420969023034,0.7087254063301969,0.9536147724038374,0.992334,2.362296
snake,256,9,256,305411,320896,1.0507021685531954,27.22025000002759,26.877708000029088,1.5430000000000001,2.375,1.601,2.235,41.55229199932364,43.073625000033644,1.0127444646693138,0.6496842105263159,0.716331096196868,0.9646806369162378,0.992362,2.362478
snake,256,10,256,305411,320896,1.0507021685531954,27.13525000035588,27.20420900004683,1.5690000000000002,2.2230000000000003,1.5610000000000002,2.0349999999999997,42.26741699858394,42.7939580004022,0.9974651349101593,0.7058029689608637,0.7670761670761671,0.9876959031970516,0.992362,2.362478
snake,256,11,256,305141,321029,1.0520677326219683,26.22920899921155,26.04116700058512,1.607,2.4520000000000004,1.653,2.3,40.74258299988287,42.12554200057639,1.0072209512969295,0.6553833605220227,0.7186956521739131,0.9671705351429165,0.992353,2.36082
snake,256,12,256,305374,321019,1.051232259458893,24.994999999762513,25.029458000062732,1.635,2.502,1.682,2.311,40.46458300035738,41.86087499874702,0.9986233021785716,0.6534772182254197,0.7278234530506273,0.9666444621993344,0.992348,2.361523
egret,256,12,256,192340,239519,1.2452895913486535,20.517416000075173,20.733208999445196,1.23,2.0140000000000002,1.203,1.782,31.154041000263533,32.680542000889545,0.9895919151070248,0.6107249255213505,0.6750841750841752,0.953290217751454,0.995535,1.899469
egret,256,11,256,192081,239122,1.2449018903483426,19.690957999046077,19.23495800110686,1.1540000000000001,1.903,1.1820000000000002,1.7149999999999999,31.799292000869173,32.611000000542845,1.023706836163249,0.6064109301103521,0.6892128279883383,0.9751093802808819,0.995517,1.899654
egret,256,10,256,192057,239515,1.2471037244151475,20.422458999746596,20.036249999975553,0.9779999999999999,1.776,1.02,1.59,31.912583001030725,32.3262080000859,1.0192755131210438,0.5506756756756757,0.6415094339622642,0.9872046545312684,0.995544,1.899679
egret,256,9,256,192057,239515,1.2471037244151475,20.32395800051745,21.15816700097639,0.983,1.907,1.034,1.7429999999999999,30.885999998645275,32.16079199955857,0.960572718779446,0.5154693235448348,0.5932300631095812,0.9603619214063264,0.995544,1.899679
egret,256,8,256,192461,239717,1.24553545913198,19.320041999890236,19.090542000412825,1.013,1.875,1.035,1.694,30.52525000020978,31.7179590001615,1.0120216597031373,0.5402666666666667,0.6109799291617473,0.9623964139702165,0.995531,1.899972
egret,256,7,256,192612,239927,1.2456492845720932,22.221833000003244,21.935749999101972,1.072,2.003,1.121,1.8539999999999999,30.928875001336564,32.17583300101978,1.0130418609308085,0.5351972041937094,0.604638619201726,0.9612455099563795,0.995533,1.899701
egret,256,6,256,192744,240201,1.2462177810982442,19.049291000555968,19.199833001039224,1.156,2.186,1.157,2.029,30.541459000232862,32.10629099885409,0.9921592026099858,0.5288197621225983,0.5702316412025629,0.9512608915593184,0.995542,1.900769
egret,256,5,256,192556,239861,1.245668792455182,24.55091600131709,24.707582999326405,1.2899999999999998,2.575,1.279,2.4130000000000003,31.422500000189757,32.9042080011277,0.9936591532237862,0.5009708737864077,0.5300455864069622,0.9549690422304904,0.995531,1.900035
egret,256,4,256,192857,240489,1.246980923689573,21.792708001157735,21.462958000483923,1.417,2.9589999999999996,1.434,2.805,31.893833000140148,33.48112499952549,1.0153636791660487,0.478877999324096,0.5112299465240641,0.9525914377307262,0.995541,1.900896
egret,256,3,256,193016,240610,1.2465805943548722,29.604875000586617,29.393916998742498,1.694,3.612,1.696,3.437,31.9705839992821,33.81020900087606,1.0071769271803124,0.46899224806201545,0.49345359324992727,0.9455896589829926,0.995542,1.901209
egret,256,2,256,193016,240610,1.2465805943548722,30.936207998820464,29.863750000004075,2.315,4.897,2.3019999999999996,4.7219999999999995,31.89958400071191,34.2170839994651,1.0359116989264994,0.4727384112722074,0.48750529436679374,0.9322706751168679,0.995542,1.901209
autumn-resized,256,2,256,608807,420633,0.6909135407444396,60.88291699961701,47.8089580010419,5.538,10.436,5.555,10.27,59.82962500092981,64.12608299979183,1.273462538093597,0.5306630893062476,0.5408958130477118,0.9329998372288547,0.998091,1.54811
autumn-resized,256,3,256,608807,420633,0.6909135407444396,47.877708999294555,47.11150000002817,4.274,7.288,4.274,7.139,60.87758400099119,65.48995899902366,1.0162637360148992,0.586443468715697,0.5986832889760471,0.9295712645338314,0.998091,1.54811
autumn-resized,256,4,256,608822,420623,0.6908800930321177,39.37045899874647,38.83754199887335,3.544,5.734999999999999,3.564,5.558999999999999,60.944416998609086,62.84237500040035,1.013721697420722,0.6179598953792502,0.6411225040474906,0.9697981178817768,0.99809,1.548026
autumn-resized,256,5,256,608508,420571,0.69115114345251,36.72362500037707,35.18087500015099,3.1740000000000004,4.699,3.212,4.5040000000000004,57.43799999982002,58.96075000055134,1.0438519508175808,0.6754628644392424,0.7131438721136767,0.9741734967632352,0.998095,1.547311
autumn-resized,256,6,256,608742,420565,0.6908756090429115,35.99516699978267,33.25145800044993,2.96,4.128,3.006,3.928,57.197666999854846,59.104042000399204,1.082513945683092,0.7170542635658915,0.765274949083503,0.9677454377734186,0.998096,1.54792
autumn-resized,256,7,256,608855,420609,0.6908196532836225,35.789708999800496,31.413624999913736,2.7720000000000002,3.7399999999999998,2.7729999999999997,3.529,60.12383300003421,61.36904099912499,1.139305285521769,0.7411764705882353,0.7857750070841598,0.9797095085923123,0.998095,1.547241
autumn-resized,256,8,256,608910,420641,0.6908098076891495,36.13566700005322,30.181375001120614,2.72,3.68,2.696,3.225,57.01824999960081,57.766624999203486,1.1972836558543647,0.7391304347826088,0.835968992248062,0.9870448550592493,0.998096,1.547437
autumn-resized,256,9,256,608581,420733,0.6913344320640966,36.0928749996674,29.74704199914413,2.5460000000000003,3.189,2.63,2.991,54.11820799963607,54.56466699979501,1.2133265216993963,0.7983693947946064,0.8793045804078903,0.9918178003329404,0.998102,1.547068
autumn-resized,256,10,256,608581,420733,0.6913344320640966,31.806250000954606,29.665707999811275,2.478,2.969,2.539,2.7590000000000003,54.551624998566695,54.265791000943864,1.0721554328370302,0.8346244526776694,0.9202609641174339,1.005267296253322,0.998102,1.547068
autumn-resized,256,11,256,608871,420649,0.6908671951858439,31.733666999571142,29.02212499975576,2.663,3.4250000000000003,2.738,3.241,54.148416998941684,55.64008399960585,1.0934301674959432,0.7775182481751824,0.8448009873495834,0.9731907845309017,0.998094,1.547366
autumn-resized,256,12,256,608749,420546,0.6908364531194302,31.9591669995134,28.567082999870763,2.8040000000000003,3.473,2.762,3.169,53.97916699985217,54.6789580002951,1.1187409999004092,0.8073711488626548,0.8715683180814138,0.9872018226748368,0.9981,1.547096
fisheye-resized,256,12,256,644370,484410,0.7517575306112948,34.32970799985924,32.48824999900535,2.918,3.701,2.99,3.468,56.375791999016656,56.6558749997057,1.0566807384488321,0.7884355579573089,0.8621683967704729,0.9950564173496482,0.997288,1.640222
fisheye-resized,256,11,256,644858,485130,0.7523051586550837,34.25745800086588,33.48562499922991,2.913,3.913,2.9459999999999997,3.554,55.62566700064053,55.98279200057732,1.0230496818158155,0.7444416049067212,0.8289251547552053,0.9936208076236515,0.997287,1.641286
fisheye-resized,256,10,256,645028,485222,0.7522495147497473,34.78741600156354,34.619792000739835,2.721,3.2950000000000004,2.779,2.992,55.298000001130276,55.43345799924282,1.0048418546483504,0.8257966616084976,0.9288101604278075,0.9975563855656562,0.997265,1.641517
fisheye-resized,256,9,256,645028,485222,0.7522495147497473,37.76987499986717,34.69237499848532,2.726,3.503,2.786,3.219,55.380333000357496,56.47975000101724,1.0887082536585118,0.7781901227519269,0.8654861758310034,0.9805343153848957,0.997265,1.641517
fisheye-resized,256,8,256,644799,484669,0.7516590441362347,38.390375000744825,35.818416999973124,2.875,3.746,2.9160000000000004,3.4290000000000003,57.72670900114463,57.22470900036569,1.071805462557813,0.7674853176721836,0.8503937007874016,1.0087724343128721,0.997265,1.640873
fisheye-resized,256,7,256,644867,485306,0.7525675837033062,38.477374999274616,37.089957999342005,2.963,4.166,3.0,3.887,55.83858299905842,56.986249999681604,1.0374068096803244,0.7112337974075851,0.7718034473887317,0.9798606330363974,0.997272,1.641548
fisheye-resized,256,6,256,644817,485281,0.7525871681422791,39.58795899961842,39.53400000136753,3.104,4.545000000000001,3.1679999999999997,4.273,55.34466599965526,57.089457999609294,1.0013648757588158,0.6829482948294828,0.7413994851392464,0.9694375798774272,0.99726,1.642048
fisheye-resized,256,5,256,644733,485297,0.7527100365577689,42.737124998893705,44.01204100031464,3.369,5.2589999999999995,3.412,4.992,56.51570800000627,58.24225000105798,0.9710325635338788,0.6406160867084998,0.6834935897435898,0.9703558499024274,0.997262,1.641903
fisheye-resized,256,4,256,644914,485284,0.7524786250569844,51.25962499914749,50.840750000133994,3.735,6.248,3.787,5.989999999999999,56.202708999990136,58.19733299904328,1.0082389618369594,0.5977912932138284,0.632220367278798,0.9657265394088431,0.997263,1.64189
fisheye-resized,256,3,256,644873,485336,0.7526071024837448,65.17620800150326,65.09400000140886,4.42,7.960999999999999,4.460999999999999,7.715,56.35045800045191,59.5950000006269,1.0012629120977758,0.5552066323326216,0.5782242384964354,0.9455568084547218,0.997265,1.642126
fisheye-resized,256,2,256,644873,485336,0.7526071024837448,73.5307909999392,61.471916998925735,5.659,11.155999999999999,5.668,10.916,57.526040998709504,62.72058299873606,1.1961688294383954,0.507260666905701,0.5192378160498351,0.9171796282548706,0.997265,1.642126
vimperator3,256,2,256,134423,123858,0.9214048191157763,29.930958000477403,28.090750000046683,1.281,2.238,1.201,1.96,25.655166000433383,26.613957999870763,1.065509393676839,0.5723860589812333,0.6127551020408164,0.96397409211204,0.999534,1.123558
vimperator3,256,3,256,134423,123858,0.9214048191157763,28.765665998434997,28.661416999966605,1.072,1.692,1.013,1.4020000000000001,25.67083299982187,26.035042001240072,1.0036372590534695,0.6335697399527187,0.7225392296718973,0.9860108156767768,0.999534,1.123558
vimperator3,256,4,256,134482,123840,0.9208667330943918,22.865167000418296,22.906291000253987,0.9259999999999999,1.478,0.865,1.185,25.586833000488696,25.986332999309525,0.998204685348875,0.6265223274695535,0.729957805907173,0.9846265343081902,0.999534,1.123496
vimperator3,256,5,256,134359,123670,0.920444480831206,20.879625000816304,20.681334000983043,0.897,1.351,0.8009999999999999,0.9959999999999999,25.421583999559516,25.904042000547634,1.0095879211574958,0.6639526276831976,0.8042168674698795,0.9813751845762944,0.99953,1.123372
vimperator3,256,6,256,134096,122306,0.9120779143300323,20.515083000645973,20.601583000825485,0.842,1.229,0.794,0.9,25.77033399938955,26.361166001152014,0.9958012935134137,0.6851098454027664,0.8822222222222222,0.9775870307961095,0.999535,1.123195
vimperator3,256,7,256,134304,123174,0.9171283059328091,19.25200000005134,19.062125000345986,0.787,1.199,0.7789999999999999,0.873,25.72804100054782,26.738708000266342,1.0099608516732477,0.6563803169307757,0.8923253150057273,0.9622021004265257,0.99955,1.12366
vimperator3,256,8,256,134342,123403,0.9185734915365262,19.097082998996484,18.673291000595782,0.7879999999999999,1.131,0.809,0.834,25.920500000211177,26.36020899990399,1.0226950888510857,0.6967285587975243,0.9700239808153478,0.9833192142105394,0.999531,1.123222
vimperator3,256,9,256,134274,123448,0.9193738177160136,18.645000000105938,19.231999998737592,0.79,1.124,0.777,0.8140000000000001,25.287750000643427,26.444790999448742,0.9694779534801277,0.702846975088968,0.9545454545454545,0.9562469221696842,0.999551,1.123598
vimperator3,256,10,256,134274,123448,0.9193738177160136,20.470957999350503,20.335249999334337,0.7649999999999999,1.183,0.772,0.8130000000000001,25.412042001335067,26.45995900093112,1.0066735348727263,0.6466610312764158,0.949569495694957,0.9603961215677175,0.999551,1.123598
vimperator3,256,11,256,134076,122312,0.9122587189355291,17.887583000629093,18.357208000452374,0.847,1.282,0.868,0.9790000000000001,25.3784579999774,25.679917000161367,0.9744174059687231,0.6606864274570983,0.8866189989785495,0.9882609044187303,0.999543,1.123299
vimperator3,256,12,256,134117,122578,0.9139631814013138,17.937541000719648,18.12216699909186,0.828,1.2570000000000001,0.859,0.982,25.655041999925743,25.900374999764608,0.9898121456235635,0.6587112171837708,0.8747454175152749,0.9905278205492741,0.99953,1.123081
map16,256,12,16,950,1206,1.2694736842105263,9.288082999773906,9.386999998241663,0.11699999999999999,0.118,0.174,0.187,7.9281660000560805,7.8416660016955575,0.9894623416974234,0.9915254237288136,0.93048128342246,1.011030819004765,0.987934,0.574689
map16,256,11,16,950,1206,1.2694736842105263,10.363625000536558,9.862500000963337,0.111,0.114,0.161,0.17200000000000001,7.87299999865354,7.816875000571599,1.050811153310446,0.9736842105263157,0.936046511627907,1.0071799789657423,0.987934,0.574689
map16,256,10,16,950,1206,1.2694736842105263,9.76483299928077,9.797875000003842,0.101,0.10500000000000001,0.161,0.179,7.83358399894496,7.832082999811973,0.9966276360207639,0.9619047619047619,0.899441340782123,1.0001916475008017,0.987934,0.574689
map16,256,9,16,950,1206,1.2694736842105263,9.533000000374159,10.154375000638538,0.097,0.101,0.15100000000000002,0.164,7.863249998990796,7.798832999469596,0.9388071643773934,0.9603960396039604,0.9207317073170732,1.0082598254797328,0.987934,0.574689
map16,256,8,16,950,1206,1.2694736842105263,10.064457999760634,9.978541998862056,0.089,0.22699999999999998,0.16699999999999998,0.332,7.8401249993476085,8.06620900038979,1.0086100755910408,0.3920704845814978,0.5030120481927711,0.9719714675095504,0.987934,0.574689
map16,256,7,16,950,1206,1.2694736842105263,9.409875001438195,9.807333999560797,0.203,0.22599999999999998,0.264,0.252,8.074875000602333,8.05666599990218,0.9594732882411875,0.8982300884955753,1.0476190476190477,1.0022601161200395,0.987934,0.574689
map16,256,6,16,950,1206,1.2694736842105263,10.047334000773844,9.664791999966837,0.159,0.16799999999999998,0.216,0.217,8.130584001264651,8.11358300052234,1.0395809864100871,0.9464285714285714,0.9953917050691244,1.0020953752172397,0.987934,0.574689
map16,256,5,16,950,1206,1.2694736842105263,9.822415999224177,9.644165998906828,0.12999999999999998,0.13999999999999999,0.191,0.196,7.908083000074839,7.961833000081242,1.0184826765048998,0.9285714285714286,0.9744897959183674,0.9932490420226279,0.987934,0.574689
map16,256,4,16,950,1206,1.2694736842105263,9.551457998895785,9.698167001261027,0.092,0.10900000000000001,0.16699999999999998,0.164,7.803832999343285,7.8839159996277886,0.9848725019535995,0.8440366972477064,1.0182926829268293,0.989842230651838,0.987934,0.574689
map16,256,3,16,950,1206,1.2694736842105263,9.488834000876523,9.30316699850664,0.087,0.102,0.159,0.16,7.805582999935723,7.7431249992514495,1.0199573975614633,0.8529411764705882,0.9937499999999998,1.0080662524097586,0.987934,0.574689
map16,256,2,16,950,1206,1.2694736842105263,9.550958000545506,9.235499999704189,0.07200000000000001,0.087,0.133,0.13699999999999998,7.8091249997669365,7.908292000138317,1.034157111239394,0.8275862068965517,0.9708029197080292,0.9874603769853659,0.987934,0.574689
smooth-gradient-600x450,256,2,256,117632,238624,2.0285636561479867,51.913666999098496,51.843834000464994,1.9680000000000002,5.543,1.9580000000000002,5.388999999999999,27.36949999962235,30.93224999975064,1.0013469875440322,0.3550423958145409,0.36333271478938584,0.8848208584840414,0.965049,2.890389
smooth-gradient-600x450,256,3,256,117632,238624,2.0285636561479867,50.74370900001668,50.57195799963665,1.426,4.002999999999999,1.433,3.8240000000000003,26.880208000875427,29.46558299845492,1.003396170667967,0.3562328253809643,0.3747384937238494,0.9122578026806711,0.965049,2.890389
smooth-gradient-600x450,256,4,256,117390,238509,2.0317659085100948,31.629000000975793,31.816707998586935,1.1620000000000001,3.211,1.1969999999999998,3.076,26.644625000699307,28.638499999942724,0.9941003325165043,0.3618810339458113,0.3891417425227568,0.930377813110065,0.965038,2.889194
smooth-gradient-600x450,256,5,256,117053,238269,2.0355650859012586,26.59887499976321,26.884875000178,1.0219999999999998,2.71,1.042,2.536,26.54833300039172,28.09083399915835,0.9893620483482667,0.3771217712177121,0.4108832807570978,0.9450888144220694,0.965156,2.886045
smooth-gradient-600x450,256,6,256,117228,238435,2.033942402838912,23.78441600012593,23.563292001199443,0.92,2.3600000000000003,0.962,2.215,26.425291998748435,27.881166999577545,1.009384257467727,0.3898305084745763,0.4343115124153499,0.9477828528177759,0.965103,2.884722
smooth-gradient-600x450,256,7,256,116618,237738,2.0386046750930387,21.934667000095942,22.00483300111955,0.873,2.176,0.9,1.971,26.48770799896738,28.24312499978987,0.9968113368085985,0.40119485294117646,0.45662100456621,0.937846219183056,0.964949,2.87964
smooth-gradient-600x450,256,8,256,117015,237989,2.0338332692389867,20.472708998568123,20.12924999871757,0.833,2.033,0.868,1.871,26.700291999077308,28.323374999672524,1.0170626824085565,0.4097393015248401,0.4639230358097274,0.9426945764544663,0.965097,2.881129
smooth-gradient-600x450,256,9,256,116817,237544,2.033471155739319,19.929125000999193,20.161082999038626,0.809,1.9220000000000002,0.847,1.717,26.556750000963802,28.27683400028036,0.9884947649860628,0.4209157127991675,0.49330227140361094,0.9391698519254489,0.964976,2.878376
smooth-gradient-600x450,256,10,256,116817,237544,2.033471155739319,19.80958300009661,19.89641699947242,0.815,1.8190000000000002,0.868,1.673,26.58174999851326,28.211250000822474,0.995635696649396,0.44804837822979654,0.5188284518828452,0.9422393547871254,0.964976,2.878376
smooth-gradient-600x450,256,11,256,116365,237312,2.0393761010613156,19.142291999742156,19.303958000818966,0.955,2.178,0.983,1.975,27.03795799970976,27.709124999091728,0.9916252407371612,0.4384756657483931,0.4977215189873417,0.9757781236540682,0.965073,2.878895
smooth-gradient-600x450,256,12,256,116736,237794,2.037023711622807,18.960291999974288,18.47270899997966,0.9859999999999999,2.0869999999999997,1.021,1.965,27.099207998617203,28.32608300013817,1.0263947751244913,0.4724484906564446,0.5195928753180661,0.9566874459304882,0.965012,2.876932
rare-colors-600x450,256,12,256,107744,192523,1.7868558806058805,14.402249998965999,14.358165999510675,0.753,1.371,0.773,1.21,20.13500000066415,20.221958000547602,1.0030703085238621,0.549234135667396,0.6388429752066116,0.995699822940929,0.995871,0.511394
rare-colors-600x450,256,11,256,107753,192497,1.7864653420322405,13.931125000453903,14.29308299884724,0.678,1.379,0.7699999999999999,1.22,19.798625000476022,20.825040999625344,0.9746760024815829,0.49166062364031904,0.6311475409836066,0.9507124140035168,0.995885,0.511565
rare-colors-600x450,256,10,256,107806,192464,1.7852809676641375,14.231541999834008,14.260709000154748,0.601,1.1440000000000001,0.6629999999999999,0.987,19.458208998912596,20.01883299999463,0.9979547299983175,0.5253496503496503,0.6717325227963525,0.9719951706934074,0.995869,0.511916
rare-colors-600x450,256,9,256,107806,192464,1.7852809676641375,14.298750000307336,14.43620799909695,0.606,1.178,0.638,1.01,19.58879099947808,20.11408300131734,0.9904782475565458,0.5144312393887945,0.6316831683168317,0.9738843673954781,0.995869,0.511916
rare-colors-600x450,256,8,256,107928,192794,1.7863205099696093,14.955041999201057,14.780249999603257,0.58,1.216,0.635,1.056,19.50470799965842,20.28904200051329,1.0118260516298772,0.47697368421052627,0.6013257575757576,0.9613419893933373,0.9959,0.512066
rare-colors-600x450,256,7,256,107814,192681,1.787161222104736,15.251124999849708,15.223291999063804,0.5860000000000001,1.252,0.625,1.1019999999999999,19.559709000532166,20.492249999733758,1.001828316817914,0.46805111821086265,0.5671506352087115,0.9544929912911609,0.995891,0.51202
rare-colors-600x450,256,6,256,107905,192689,1.7857281868310089,15.374833999885595,15.23891599936178,0.624,1.3940000000000001,0.6679999999999999,1.227,19.618667000031564,20.61166599924036,1.0089191383776581,0.44763271162123386,0.5444172779136104,0.9518234479810904,0.995889,0.512437
rare-colors-600x450,256,5,256,107863,192747,1.786961237866553,16.484084000694565,16.717332999178325,0.646,1.4809999999999999,0.6769999999999999,1.328,19.437499999185093,20.240208999894094,0.9860474754857593,0.4361917623227549,0.509789156626506,0.9603408739152248,0.995895,0.512348
rare-colors-600x450,256,4,256,107953,192814,1.7860920956342112,18.11983399966266,17.956290999791236,0.673,1.716,0.6970000000000001,1.564,19.561875000363216,20.571791999827838,1.0091078385772054,0.39219114219114215,0.44565217391304346,0.950907679823271,0.995918,0.512739
rare-colors-600x450,256,3,256,107942,192886,1.7869411350540105,24.203582999689388,24.110207999910926,0.7929999999999999,2.084,0.819,1.9449999999999998,19.629375001386506,20.806790998904034,1.0038728409053463,0.3805182341650672,0.4210796915167095,0.943411937113246,0.995921,0.512959
rare-colors-600x450,256,2,256,107942,192886,1.7869411350540105,25.118875000771368,24.325291999048204,1.004,2.787,1.002,2.6510000000000002,19.995167000161018,21.718915999372257,1.0326237811144965,0.3602439899533548,0.37797057714070165,0.9206337462117787,0.995921,0.512959
snake-fullhd,256,1,256,1435170,2114073,1.4730470954660424,220.47445900170715,199.9796250001964,15.601,31.667,15.049999999999999,33.598000000000006,194.23674999961804,210.53245800067089,1.1024846106271609,0.49265797202134715,0.4479433299601166,0.9225976452476468,0.986745,2.970626
snake-fullhd,256,2,256,1417184,2030707,1.4329169677331948,211.03983400098514,202.26995799930592,17.713,44.257999999999996,17.312,42.845,196.29929199982143,222.75358300066728,1.0433572839408476,0.4002214288942112,0.4040611506593535,0.8812396611336816,0.989203,2.571429
snake-fullhd,256,3,256,1417184,2030707,1.4329169677331948,197.25933399968199,200.24133299921232,13.362,32.233,13.041,30.71,191.70691699946474,211.04716599984386,0.9851079746880128,0.41454410076629544,0.42464995115597526,0.9083605368081871,0.989203,2.571429
snake-fullhd,256,4,256,1416702,2031106,1.4336861245343058,157.49391700046544,158.1939589996182,10.959,25.111,10.678,23.567999999999998,189.16066699966905,203.80554199982726,0.9955747867770701,0.43642228505435865,0.45307196198234895,0.9281429010396066,0.989207,2.571477
snake-fullhd,256,5,256,1417768,2030780,1.432378217028456,137.28162500046892,133.26916599908145,9.536,21.279,9.325,19.734,190.22475000019767,201.15595800052688,1.0301079321034778,0.448141360026317,0.47253471166514643,0.945658045086089,0.989215,2.570297
snake-fullhd,256,6,256,1418051,2029936,1.431497174643225,133.06924999960756,130.9304170008545,8.526,18.246,8.297,16.288,187.00620900017384,196.74070800101617,1.0163356464276678,0.46728049983558045,0.5093934184675836,0.9505211753086095,0.989229,2.570978
snake-fullhd,256,7,256,1416617,2029570,1.4326878754102204,116.65820799862558,115.86341700058256,7.796,16.145,7.692,14.585,186.9245840007352,196.10695899973507,1.0068597234452272,0.4828739547847631,0.5273911552965375,0.9531766998691144,0.989243,2.57071
snake-fullhd,256,8,256,1417619,2030754,1.432510427696017,109.36404199856042,109.42450000038662,7.388,14.644,7.256,13.12,187.73016700106382,194.314584001404,0.9994474911758703,0.5045069653100245,0.5530487804878049,0.9661146535440047,0.989216,2.570201
snake-fullhd,256,9,256,1415369,2029655,1.4340112013192319,105.34841600019718,105.11004199906893,6.888,13.343,6.8149999999999995,11.736999999999998,186.24000000090746,193.52845799949137,1.0022678518302786,0.5162257363411527,0.580642412882338,0.9623390891762127,0.98925,2.570055
snake-fullhd,256,10,256,1415369,2029655,1.4340112013192319,103.45979199883004,103.4706249993178,6.6160000000000005,12.511,6.507,10.87,189.35787500049628,195.05150000077265,0.999895303614066,0.5288146431140597,0.598620055197792,0.9708096323265711,0.98925,2.570055
snake-fullhd,256,11,256,1416131,2028626,1.4325129525446445,98.71841600033804,97.83220799909031,6.802,14.545,6.675999999999999,12.825,188.28550000034738,194.7882500007836,1.009058448330799,0.4676521141285665,0.5205458089668615,0.9666163128401736,0.989252,2.569852
snake-fullhd,256,12,256,1415540,2029006,1.4333794876866779,93.75441699921794,92.26254200075346,6.832000000000001,13.877,6.97,12.194999999999999,186.6783330006001,195.97887500094657,1.0161698883004144,0.4923254305685667,0.5715457154571546,0.9525431401710948,0.98926,2.569458
