revision,platform,input,colors,config,label,family,quantize_option,encoded_bytes,bytes_vs_compat,command
f2c138d8f6aa0a90c89d019f85eaf9bb3efa5edb,macOS-26.5.1-arm64-arm-64bit-Mach-O,images/snake.png,8,heckbert-compat,compat,heckbert,heckbert:profile=compat,34064,1.0,{img2sixel} --threads=1 --precision=8bit --quality=full '--loaders=libpng!' --quantize-model=heckbert:profile=compat -Xoklab -Wgamma --diffusion=none --gpu-policy=off --lookup-policy=none -p 8 {input}
f2c138d8f6aa0a90c89d019f85eaf9bb3efa5edb,macOS-26.5.1-arm64-arm-64bit-Mach-O,images/snake.png,8,heckbert-speed,speed,heckbert,heckbert:profile=speed,34064,1.0,{img2sixel} --threads=1 --precision=8bit --quality=full '--loaders=libpng!' --quantize-model=heckbert:profile=speed -Xoklab -Wgamma --diffusion=none --gpu-policy=off --lookup-policy=none -p 8 {input}
f2c138d8f6aa0a90c89d019f85eaf9bb3efa5edb,macOS-26.5.1-arm64-arm-64bit-Mach-O,images/snake.png,8,heckbert-quality,quality,heckbert,heckbert:profile=quality,48614,1.4271371535932362,{img2sixel} --threads=1 --precision=8bit --quality=full '--loaders=libpng!' --quantize-model=heckbert:profile=quality -Xoklab -Wgamma --diffusion=none --gpu-policy=off --lookup-policy=none -p 8 {input}
f2c138d8f6aa0a90c89d019f85eaf9bb3efa5edb,macOS-26.5.1-arm64-arm-64bit-Mach-O,images/snake.png,8,kmeans,k-means,kmeans,kmeans:seed=1,41410,1.2156528886801314,{img2sixel} --threads=1 --precision=8bit --quality=full '--loaders=libpng!' --quantize-model=kmeans:seed=1 -Xoklab -Wgamma --diffusion=none --gpu-policy=off --lookup-policy=none -p 8 {input}
f2c138d8f6aa0a90c89d019f85eaf9bb3efa5edb,macOS-26.5.1-arm64-arm-64bit-Mach-O,images/snake.png,8,medoids-pam,PAM,medoids,medoids:algo=pam:seed=1,50527,1.4832961484264913,{img2sixel} --threads=1 --precision=8bit --quality=full '--loaders=libpng!' --quantize-model=medoids:algo=pam:seed=1 -Xoklab -Wgamma --diffusion=none --gpu-policy=off --lookup-policy=none -p 8 {input}
f2c138d8f6aa0a90c89d019f85eaf9bb3efa5edb,macOS-26.5.1-arm64-arm-64bit-Mach-O,images/snake.png,8,medoids-sample,CLARA,medoids,medoids:algo=sample:seed=1,49818,1.462482386096759,{img2sixel} --threads=1 --precision=8bit --quality=full '--loaders=libpng!' --quantize-model=medoids:algo=sample:seed=1 -Xoklab -Wgamma --diffusion=none --gpu-policy=off --lookup-policy=none -p 8 {input}
f2c138d8f6aa0a90c89d019f85eaf9bb3efa5edb,macOS-26.5.1-arm64-arm-64bit-Mach-O,images/snake.png,8,medoids-random,CLARANS,medoids,medoids:algo=random:seed=1,49818,1.462482386096759,{img2sixel} --threads=1 --precision=8bit --quality=full '--loaders=libpng!' --quantize-model=medoids:algo=random:seed=1 -Xoklab -Wgamma --diffusion=none --gpu-policy=off --lookup-policy=none -p 8 {input}
f2c138d8f6aa0a90c89d019f85eaf9bb3efa5edb,macOS-26.5.1-arm64-arm-64bit-Mach-O,images/snake.png,8,medoids-bandit,BanditPAM,medoids,medoids:algo=bandit:seed=1,49818,1.462482386096759,{img2sixel} --threads=1 --precision=8bit --quality=full '--loaders=libpng!' --quantize-model=medoids:algo=bandit:seed=1 -Xoklab -Wgamma --diffusion=none --gpu-policy=off --lookup-policy=none -p 8 {input}
f2c138d8f6aa0a90c89d019f85eaf9bb3efa5edb,macOS-26.5.1-arm64-arm-64bit-Mach-O,images/snake.png,8,center-fft,FFT,center,center:algo=fft:seed=1,39087,1.1474577266322217,{img2sixel} --threads=1 --precision=8bit --quality=full '--loaders=libpng!' --quantize-model=center:algo=fft:seed=1 -Xoklab -Wgamma --diffusion=none --gpu-policy=off --lookup-policy=none -p 8 {input}
f2c138d8f6aa0a90c89d019f85eaf9bb3efa5edb,macOS-26.5.1-arm64-arm-64bit-Mach-O,images/snake.png,8,center-swap,swap,center,center:algo=swap:seed=1,45543,1.336983325504932,{img2sixel} --threads=1 --precision=8bit --quality=full '--loaders=libpng!' --quantize-model=center:algo=swap:seed=1 -Xoklab -Wgamma --diffusion=none --gpu-policy=off --lookup-policy=none -p 8 {input}
f2c138d8f6aa0a90c89d019f85eaf9bb3efa5edb,macOS-26.5.1-arm64-arm-64bit-Mach-O,images/snake.png,8,center-hybrid,hybrid,center,center:algo=hybrid:seed=1,40663,1.1937235791451386,{img2sixel} --threads=1 --precision=8bit --quality=full '--loaders=libpng!' --quantize-model=center:algo=hybrid:seed=1 -Xoklab -Wgamma --diffusion=none --gpu-policy=off --lookup-policy=none -p 8 {input}
f2c138d8f6aa0a90c89d019f85eaf9bb3efa5edb,macOS-26.5.1-arm64-arm-64bit-Mach-O,images/snake.png,16,heckbert-compat,compat,heckbert,heckbert:profile=compat,57581,1.0,{img2sixel} --threads=1 --precision=8bit --quality=full '--loaders=libpng!' --quantize-model=heckbert:profile=compat -Xoklab -Wgamma --diffusion=none --gpu-policy=off --lookup-policy=none -p 16 {input}
f2c138d8f6aa0a90c89d019f85eaf9bb3efa5edb,macOS-26.5.1-arm64-arm-64bit-Mach-O,images/snake.png,16,heckbert-speed,speed,heckbert,heckbert:profile=speed,57581,1.0,{img2sixel} --threads=1 --precision=8bit --quality=full '--loaders=libpng!' --quantize-model=heckbert:profile=speed -Xoklab -Wgamma --diffusion=none --gpu-policy=off --lookup-policy=none -p 16 {input}
f2c138d8f6aa0a90c89d019f85eaf9bb3efa5edb,macOS-26.5.1-arm64-arm-64bit-Mach-O,images/snake.png,16,heckbert-quality,quality,heckbert,heckbert:profile=quality,68479,1.1892638196627359,{img2sixel} --threads=1 --precision=8bit --quality=full '--loaders=libpng!' --quantize-model=heckbert:profile=quality -Xoklab -Wgamma --diffusion=none --gpu-policy=off --lookup-policy=none -p 16 {input}
f2c138d8f6aa0a90c89d019f85eaf9bb3efa5edb,macOS-26.5.1-arm64-arm-64bit-Mach-O,images/snake.png,16,kmeans,k-means,kmeans,kmeans:seed=1,64102,1.1132491620499818,{img2sixel} --threads=1 --precision=8bit --quality=full '--loaders=libpng!' --quantize-model=kmeans:seed=1 -Xoklab -Wgamma --diffusion=none --gpu-policy=off --lookup-policy=none -p 16 {input}
f2c138d8f6aa0a90c89d019f85eaf9bb3efa5edb,macOS-26.5.1-arm64-arm-64bit-Mach-O,images/snake.png,16,medoids-pam,PAM,medoids,medoids:algo=pam:seed=1,71752,1.246105486184679,{img2sixel} --threads=1 --precision=8bit --quality=full '--loaders=libpng!' --quantize-model=medoids:algo=pam:seed=1 -Xoklab -Wgamma --diffusion=none --gpu-policy=off --lookup-policy=none -p 16 {input}
f2c138d8f6aa0a90c89d019f85eaf9bb3efa5edb,macOS-26.5.1-arm64-arm-64bit-Mach-O,images/snake.png,16,medoids-sample,CLARA,medoids,medoids:algo=sample:seed=1,69796,1.2121359476216114,{img2sixel} --threads=1 --precision=8bit --quality=full '--loaders=libpng!' --quantize-model=medoids:algo=sample:seed=1 -Xoklab -Wgamma --diffusion=none --gpu-policy=off --lookup-policy=none -p 16 {input}
f2c138d8f6aa0a90c89d019f85eaf9bb3efa5edb,macOS-26.5.1-arm64-arm-64bit-Mach-O,images/snake.png,16,medoids-random,CLARANS,medoids,medoids:algo=random:seed=1,69796,1.2121359476216114,{img2sixel} --threads=1 --precision=8bit --quality=full '--loaders=libpng!' --quantize-model=medoids:algo=random:seed=1 -Xoklab -Wgamma --diffusion=none --gpu-policy=off --lookup-policy=none -p 16 {input}
f2c138d8f6aa0a90c89d019f85eaf9bb3efa5edb,macOS-26.5.1-arm64-arm-64bit-Mach-O,images/snake.png,16,medoids-bandit,BanditPAM,medoids,medoids:algo=bandit:seed=1,69796,1.2121359476216114,{img2sixel} --threads=1 --precision=8bit --quality=full '--loaders=libpng!' --quantize-model=medoids:algo=bandit:seed=1 -Xoklab -Wgamma --diffusion=none --gpu-policy=off --lookup-policy=none -p 16 {input}
f2c138d8f6aa0a90c89d019f85eaf9bb3efa5edb,macOS-26.5.1-arm64-arm-64bit-Mach-O,images/snake.png,16,center-fft,FFT,center,center:algo=fft:seed=1,55375,0.9616887514978899,{img2sixel} --threads=1 --precision=8bit --quality=full '--loaders=libpng!' --quantize-model=center:algo=fft:seed=1 -Xoklab -Wgamma --diffusion=none --gpu-policy=off --lookup-policy=none -p 16 {input}
f2c138d8f6aa0a90c89d019f85eaf9bb3efa5edb,macOS-26.5.1-arm64-arm-64bit-Mach-O,images/snake.png,16,center-swap,swap,center,center:algo=swap:seed=1,57100,0.9916465500772824,{img2sixel} --threads=1 --precision=8bit --quality=full '--loaders=libpng!' --quantize-model=center:algo=swap:seed=1 -Xoklab -Wgamma --diffusion=none --gpu-policy=off --lookup-policy=none -p 16 {input}
f2c138d8f6aa0a90c89d019f85eaf9bb3efa5edb,macOS-26.5.1-arm64-arm-64bit-Mach-O,images/snake.png,16,center-hybrid,hybrid,center,center:algo=hybrid:seed=1,58257,1.0117399836751706,{img2sixel} --threads=1 --precision=8bit --quality=full '--loaders=libpng!' --quantize-model=center:algo=hybrid:seed=1 -Xoklab -Wgamma --diffusion=none --gpu-policy=off --lookup-policy=none -p 16 {input}
f2c138d8f6aa0a90c89d019f85eaf9bb3efa5edb,macOS-26.5.1-arm64-arm-64bit-Mach-O,images/snake.png,32,heckbert-compat,compat,heckbert,heckbert:profile=compat,91291,1.0,{img2sixel} --threads=1 --precision=8bit --quality=full '--loaders=libpng!' --quantize-model=heckbert:profile=compat -Xoklab -Wgamma --diffusion=none --gpu-policy=off --lookup-policy=none -p 32 {input}
f2c138d8f6aa0a90c89d019f85eaf9bb3efa5edb,macOS-26.5.1-arm64-arm-64bit-Mach-O,images/snake.png,32,heckbert-speed,speed,heckbert,heckbert:profile=speed,91291,1.0,{img2sixel} --threads=1 --precision=8bit --quality=full '--loaders=libpng!' --quantize-model=heckbert:profile=speed -Xoklab -Wgamma --diffusion=none --gpu-policy=off --lookup-policy=none -p 32 {input}
f2c138d8f6aa0a90c89d019f85eaf9bb3efa5edb,macOS-26.5.1-arm64-arm-64bit-Mach-O,images/snake.png,32,heckbert-quality,quality,heckbert,heckbert:profile=quality,114087,1.2497069809729326,{img2sixel} --threads=1 --precision=8bit --quality=full '--loaders=libpng!' --quantize-model=heckbert:profile=quality -Xoklab -Wgamma --diffusion=none --gpu-policy=off --lookup-policy=none -p 32 {input}
f2c138d8f6aa0a90c89d019f85eaf9bb3efa5edb,macOS-26.5.1-arm64-arm-64bit-Mach-O,images/snake.png,32,kmeans,k-means,kmeans,kmeans:seed=1,94770,1.0381089044922283,{img2sixel} --threads=1 --precision=8bit --quality=full '--loaders=libpng!' --quantize-model=kmeans:seed=1 -Xoklab -Wgamma --diffusion=none --gpu-policy=off --lookup-policy=none -p 32 {input}
f2c138d8f6aa0a90c89d019f85eaf9bb3efa5edb,macOS-26.5.1-arm64-arm-64bit-Mach-O,images/snake.png,32,medoids-pam,PAM,medoids,medoids:algo=pam:seed=1,108203,1.185253749000449,{img2sixel} --threads=1 --precision=8bit --quality=full '--loaders=libpng!' --quantize-model=medoids:algo=pam:seed=1 -Xoklab -Wgamma --diffusion=none --gpu-policy=off --lookup-policy=none -p 32 {input}
f2c138d8f6aa0a90c89d019f85eaf9bb3efa5edb,macOS-26.5.1-arm64-arm-64bit-Mach-O,images/snake.png,32,medoids-sample,CLARA,medoids,medoids:algo=sample:seed=1,108925,1.1931625242356858,{img2sixel} --threads=1 --precision=8bit --quality=full '--loaders=libpng!' --quantize-model=medoids:algo=sample:seed=1 -Xoklab -Wgamma --diffusion=none --gpu-policy=off --lookup-policy=none -p 32 {input}
f2c138d8f6aa0a90c89d019f85eaf9bb3efa5edb,macOS-26.5.1-arm64-arm-64bit-Mach-O,images/snake.png,32,medoids-random,CLARANS,medoids,medoids:algo=random:seed=1,108925,1.1931625242356858,{img2sixel} --threads=1 --precision=8bit --quality=full '--loaders=libpng!' --quantize-model=medoids:algo=random:seed=1 -Xoklab -Wgamma --diffusion=none --gpu-policy=off --lookup-policy=none -p 32 {input}
f2c138d8f6aa0a90c89d019f85eaf9bb3efa5edb,macOS-26.5.1-arm64-arm-64bit-Mach-O,images/snake.png,32,medoids-bandit,BanditPAM,medoids,medoids:algo=bandit:seed=1,108925,1.1931625242356858,{img2sixel} --threads=1 --precision=8bit --quality=full '--loaders=libpng!' --quantize-model=medoids:algo=bandit:seed=1 -Xoklab -Wgamma --diffusion=none --gpu-policy=off --lookup-policy=none -p 32 {input}
f2c138d8f6aa0a90c89d019f85eaf9bb3efa5edb,macOS-26.5.1-arm64-arm-64bit-Mach-O,images/snake.png,32,center-fft,FFT,center,center:algo=fft:seed=1,80453,0.8812807396128862,{img2sixel} --threads=1 --precision=8bit --quality=full '--loaders=libpng!' --quantize-model=center:algo=fft:seed=1 -Xoklab -Wgamma --diffusion=none --gpu-policy=off --lookup-policy=none -p 32 {input}
f2c138d8f6aa0a90c89d019f85eaf9bb3efa5edb,macOS-26.5.1-arm64-arm-64bit-Mach-O,images/snake.png,32,center-swap,swap,center,center:algo=swap:seed=1,88452,0.9689016441927463,{img2sixel} --threads=1 --precision=8bit --quality=full '--loaders=libpng!' --quantize-model=center:algo=swap:seed=1 -Xoklab -Wgamma --diffusion=none --gpu-policy=off --lookup-policy=none -p 32 {input}
f2c138d8f6aa0a90c89d019f85eaf9bb3efa5edb,macOS-26.5.1-arm64-arm-64bit-Mach-O,images/snake.png,32,center-hybrid,hybrid,center,center:algo=hybrid:seed=1,85695,0.9387015149357549,{img2sixel} --threads=1 --precision=8bit --quality=full '--loaders=libpng!' --quantize-model=center:algo=hybrid:seed=1 -Xoklab -Wgamma --diffusion=none --gpu-policy=off --lookup-policy=none -p 32 {input}
f2c138d8f6aa0a90c89d019f85eaf9bb3efa5edb,macOS-26.5.1-arm64-arm-64bit-Mach-O,images/snake.png,64,heckbert-compat,compat,heckbert,heckbert:profile=compat,122195,1.0,{img2sixel} --threads=1 --precision=8bit --quality=full '--loaders=libpng!' --quantize-model=heckbert:profile=compat -Xoklab -Wgamma --diffusion=none --gpu-policy=off --lookup-policy=none -p 64 {input}
f2c138d8f6aa0a90c89d019f85eaf9bb3efa5edb,macOS-26.5.1-arm64-arm-64bit-Mach-O,images/snake.png,64,heckbert-speed,speed,heckbert,heckbert:profile=speed,122195,1.0,{img2sixel} --threads=1 --precision=8bit --quality=full '--loaders=libpng!' --quantize-model=heckbert:profile=speed -Xoklab -Wgamma --diffusion=none --gpu-policy=off --lookup-policy=none -p 64 {input}
f2c138d8f6aa0a90c89d019f85eaf9bb3efa5edb,macOS-26.5.1-arm64-arm-64bit-Mach-O,images/snake.png,64,heckbert-quality,quality,heckbert,heckbert:profile=quality,147976,1.2109824460902656,{img2sixel} --threads=1 --precision=8bit --quality=full '--loaders=libpng!' --quantize-model=heckbert:profile=quality -Xoklab -Wgamma --diffusion=none --gpu-policy=off --lookup-policy=none -p 64 {input}
f2c138d8f6aa0a90c89d019f85eaf9bb3efa5edb,macOS-26.5.1-arm64-arm-64bit-Mach-O,images/snake.png,64,kmeans,k-means,kmeans,kmeans:seed=1,133234,1.0903392119153812,{img2sixel} --threads=1 --precision=8bit --quality=full '--loaders=libpng!' --quantize-model=kmeans:seed=1 -Xoklab -Wgamma --diffusion=none --gpu-policy=off --lookup-policy=none -p 64 {input}
f2c138d8f6aa0a90c89d019f85eaf9bb3efa5edb,macOS-26.5.1-arm64-arm-64bit-Mach-O,images/snake.png,64,medoids-pam,PAM,medoids,medoids:algo=pam:seed=1,134857,1.103621261099063,{img2sixel} --threads=1 --precision=8bit --quality=full '--loaders=libpng!' --quantize-model=medoids:algo=pam:seed=1 -Xoklab -Wgamma --diffusion=none --gpu-policy=off --lookup-policy=none -p 64 {input}
f2c138d8f6aa0a90c89d019f85eaf9bb3efa5edb,macOS-26.5.1-arm64-arm-64bit-Mach-O,images/snake.png,64,medoids-sample,CLARA,medoids,medoids:algo=sample:seed=1,135066,1.105331642047547,{img2sixel} --threads=1 --precision=8bit --quality=full '--loaders=libpng!' --quantize-model=medoids:algo=sample:seed=1 -Xoklab -Wgamma --diffusion=none --gpu-policy=off --lookup-policy=none -p 64 {input}
f2c138d8f6aa0a90c89d019f85eaf9bb3efa5edb,macOS-26.5.1-arm64-arm-64bit-Mach-O,images/snake.png,64,medoids-random,CLARANS,medoids,medoids:algo=random:seed=1,135066,1.105331642047547,{img2sixel} --threads=1 --precision=8bit --quality=full '--loaders=libpng!' --quantize-model=medoids:algo=random:seed=1 -Xoklab -Wgamma --diffusion=none --gpu-policy=off --lookup-policy=none -p 64 {input}
f2c138d8f6aa0a90c89d019f85eaf9bb3efa5edb,macOS-26.5.1-arm64-arm-64bit-Mach-O,images/snake.png,64,medoids-bandit,BanditPAM,medoids,medoids:algo=bandit:seed=1,135066,1.105331642047547,{img2sixel} --threads=1 --precision=8bit --quality=full '--loaders=libpng!' --quantize-model=medoids:algo=bandit:seed=1 -Xoklab -Wgamma --diffusion=none --gpu-policy=off --lookup-policy=none -p 64 {input}
f2c138d8f6aa0a90c89d019f85eaf9bb3efa5edb,macOS-26.5.1-arm64-arm-64bit-Mach-O,images/snake.png,64,center-fft,FFT,center,center:algo=fft:seed=1,115179,0.94258357543271,{img2sixel} --threads=1 --precision=8bit --quality=full '--loaders=libpng!' --quantize-model=center:algo=fft:seed=1 -Xoklab -Wgamma --diffusion=none --gpu-policy=off --lookup-policy=none -p 64 {input}
f2c138d8f6aa0a90c89d019f85eaf9bb3efa5edb,macOS-26.5.1-arm64-arm-64bit-Mach-O,images/snake.png,64,center-swap,swap,center,center:algo=swap:seed=1,120839,0.9889029829371088,{img2sixel} --threads=1 --precision=8bit --quality=full '--loaders=libpng!' --quantize-model=center:algo=swap:seed=1 -Xoklab -Wgamma --diffusion=none --gpu-policy=off --lookup-policy=none -p 64 {input}
f2c138d8f6aa0a90c89d019f85eaf9bb3efa5edb,macOS-26.5.1-arm64-arm-64bit-Mach-O,images/snake.png,64,center-hybrid,hybrid,center,center:algo=hybrid:seed=1,114750,0.9390727934858218,{img2sixel} --threads=1 --precision=8bit --quality=full '--loaders=libpng!' --quantize-model=center:algo=hybrid:seed=1 -Xoklab -Wgamma --diffusion=none --gpu-policy=off --lookup-policy=none -p 64 {input}
f2c138d8f6aa0a90c89d019f85eaf9bb3efa5edb,macOS-26.5.1-arm64-arm-64bit-Mach-O,images/snake.png,128,heckbert-compat,compat,heckbert,heckbert:profile=compat,175276,1.0,{img2sixel} --threads=1 --precision=8bit --quality=full '--loaders=libpng!' --quantize-model=heckbert:profile=compat -Xoklab -Wgamma --diffusion=none --gpu-policy=off --lookup-policy=none -p 128 {input}
f2c138d8f6aa0a90c89d019f85eaf9bb3efa5edb,macOS-26.5.1-arm64-arm-64bit-Mach-O,images/snake.png,128,heckbert-speed,speed,heckbert,heckbert:profile=speed,175276,1.0,{img2sixel} --threads=1 --precision=8bit --quality=full '--loaders=libpng!' --quantize-model=heckbert:profile=speed -Xoklab -Wgamma --diffusion=none --gpu-policy=off --lookup-policy=none -p 128 {input}
f2c138d8f6aa0a90c89d019f85eaf9bb3efa5edb,macOS-26.5.1-arm64-arm-64bit-Mach-O,images/snake.png,128,heckbert-quality,quality,heckbert,heckbert:profile=quality,203351,1.160175951071453,{img2sixel} --threads=1 --precision=8bit --quality=full '--loaders=libpng!' --quantize-model=heckbert:profile=quality -Xoklab -Wgamma --diffusion=none --gpu-policy=off --lookup-policy=none -p 128 {input}
f2c138d8f6aa0a90c89d019f85eaf9bb3efa5edb,macOS-26.5.1-arm64-arm-64bit-Mach-O,images/snake.png,128,kmeans,k-means,kmeans,kmeans:seed=1,185358,1.057520710194208,{img2sixel} --threads=1 --precision=8bit --quality=full '--loaders=libpng!' --quantize-model=kmeans:seed=1 -Xoklab -Wgamma --diffusion=none --gpu-policy=off --lookup-policy=none -p 128 {input}
f2c138d8f6aa0a90c89d019f85eaf9bb3efa5edb,macOS-26.5.1-arm64-arm-64bit-Mach-O,images/snake.png,128,medoids-pam,PAM,medoids,medoids:algo=pam:seed=1,176532,1.0071658413017184,{img2sixel} --threads=1 --precision=8bit --quality=full '--loaders=libpng!' --quantize-model=medoids:algo=pam:seed=1 -Xoklab -Wgamma --diffusion=none --gpu-policy=off --lookup-policy=none -p 128 {input}
f2c138d8f6aa0a90c89d019f85eaf9bb3efa5edb,macOS-26.5.1-arm64-arm-64bit-Mach-O,images/snake.png,128,medoids-sample,CLARA,medoids,medoids:algo=sample:seed=1,176891,1.0092140395718752,{img2sixel} --threads=1 --precision=8bit --quality=full '--loaders=libpng!' --quantize-model=medoids:algo=sample:seed=1 -Xoklab -Wgamma --diffusion=none --gpu-policy=off --lookup-policy=none -p 128 {input}
f2c138d8f6aa0a90c89d019f85eaf9bb3efa5edb,macOS-26.5.1-arm64-arm-64bit-Mach-O,images/snake.png,128,medoids-random,CLARANS,medoids,medoids:algo=random:seed=1,176706,1.0081585613546635,{img2sixel} --threads=1 --precision=8bit --quality=full '--loaders=libpng!' --quantize-model=medoids:algo=random:seed=1 -Xoklab -Wgamma --diffusion=none --gpu-policy=off --lookup-policy=none -p 128 {input}
f2c138d8f6aa0a90c89d019f85eaf9bb3efa5edb,macOS-26.5.1-arm64-arm-64bit-Mach-O,images/snake.png,128,medoids-bandit,BanditPAM,medoids,medoids:algo=bandit:seed=1,177661,1.0136071110705402,{img2sixel} --threads=1 --precision=8bit --quality=full '--loaders=libpng!' --quantize-model=medoids:algo=bandit:seed=1 -Xoklab -Wgamma --diffusion=none --gpu-policy=off --lookup-policy=none -p 128 {input}
f2c138d8f6aa0a90c89d019f85eaf9bb3efa5edb,macOS-26.5.1-arm64-arm-64bit-Mach-O,images/snake.png,128,center-fft,FFT,center,center:algo=fft:seed=1,158723,0.9055603733540245,{img2sixel} --threads=1 --precision=8bit --quality=full '--loaders=libpng!' --quantize-model=center:algo=fft:seed=1 -Xoklab -Wgamma --diffusion=none --gpu-policy=off --lookup-policy=none -p 128 {input}
f2c138d8f6aa0a90c89d019f85eaf9bb3efa5edb,macOS-26.5.1-arm64-arm-64bit-Mach-O,images/snake.png,128,center-swap,swap,center,center:algo=swap:seed=1,160038,0.9130628266277185,{img2sixel} --threads=1 --precision=8bit --quality=full '--loaders=libpng!' --quantize-model=center:algo=swap:seed=1 -Xoklab -Wgamma --diffusion=none --gpu-policy=off --lookup-policy=none -p 128 {input}
f2c138d8f6aa0a90c89d019f85eaf9bb3efa5edb,macOS-26.5.1-arm64-arm-64bit-Mach-O,images/snake.png,128,center-hybrid,hybrid,center,center:algo=hybrid:seed=1,158708,0.9054747940391155,{img2sixel} --threads=1 --precision=8bit --quality=full '--loaders=libpng!' --quantize-model=center:algo=hybrid:seed=1 -Xoklab -Wgamma --diffusion=none --gpu-policy=off --lookup-policy=none -p 128 {input}
f2c138d8f6aa0a90c89d019f85eaf9bb3efa5edb,macOS-26.5.1-arm64-arm-64bit-Mach-O,images/snake.png,256,heckbert-compat,compat,heckbert,heckbert:profile=compat,245578,1.0,{img2sixel} --threads=1 --precision=8bit --quality=full '--loaders=libpng!' --quantize-model=heckbert:profile=compat -Xoklab -Wgamma --diffusion=none --gpu-policy=off --lookup-policy=none -p 256 {input}
f2c138d8f6aa0a90c89d019f85eaf9bb3efa5edb,macOS-26.5.1-arm64-arm-64bit-Mach-O,images/snake.png,256,heckbert-speed,speed,heckbert,heckbert:profile=speed,245578,1.0,{img2sixel} --threads=1 --precision=8bit --quality=full '--loaders=libpng!' --quantize-model=heckbert:profile=speed -Xoklab -Wgamma --diffusion=none --gpu-policy=off --lookup-policy=none -p 256 {input}
f2c138d8f6aa0a90c89d019f85eaf9bb3efa5edb,macOS-26.5.1-arm64-arm-64bit-Mach-O,images/snake.png,256,heckbert-quality,quality,heckbert,heckbert:profile=quality,281214,1.145110718386826,{img2sixel} --threads=1 --precision=8bit --quality=full '--loaders=libpng!' --quantize-model=heckbert:profile=quality -Xoklab -Wgamma --diffusion=none --gpu-policy=off --lookup-policy=none -p 256 {input}
f2c138d8f6aa0a90c89d019f85eaf9bb3efa5edb,macOS-26.5.1-arm64-arm-64bit-Mach-O,images/snake.png,256,kmeans,k-means,kmeans,kmeans:seed=1,259426,1.0563894159900318,{img2sixel} --threads=1 --precision=8bit --quality=full '--loaders=libpng!' --quantize-model=kmeans:seed=1 -Xoklab -Wgamma --diffusion=none --gpu-policy=off --lookup-policy=none -p 256 {input}
f2c138d8f6aa0a90c89d019f85eaf9bb3efa5edb,macOS-26.5.1-arm64-arm-64bit-Mach-O,images/snake.png,256,medoids-pam,PAM,medoids,medoids:algo=pam:seed=1,212854,0.8667470213129841,{img2sixel} --threads=1 --precision=8bit --quality=full '--loaders=libpng!' --quantize-model=medoids:algo=pam:seed=1 -Xoklab -Wgamma --diffusion=none --gpu-policy=off --lookup-policy=none -p 256 {input}
f2c138d8f6aa0a90c89d019f85eaf9bb3efa5edb,macOS-26.5.1-arm64-arm-64bit-Mach-O,images/snake.png,256,medoids-sample,CLARA,medoids,medoids:algo=sample:seed=1,213181,0.8680785738136152,{img2sixel} --threads=1 --precision=8bit --quality=full '--loaders=libpng!' --quantize-model=medoids:algo=sample:seed=1 -Xoklab -Wgamma --diffusion=none --gpu-policy=off --lookup-policy=none -p 256 {input}
f2c138d8f6aa0a90c89d019f85eaf9bb3efa5edb,macOS-26.5.1-arm64-arm-64bit-Mach-O,images/snake.png,256,medoids-random,CLARANS,medoids,medoids:algo=random:seed=1,213652,0.8699964980576436,{img2sixel} --threads=1 --precision=8bit --quality=full '--loaders=libpng!' --quantize-model=medoids:algo=random:seed=1 -Xoklab -Wgamma --diffusion=none --gpu-policy=off --lookup-policy=none -p 256 {input}
f2c138d8f6aa0a90c89d019f85eaf9bb3efa5edb,macOS-26.5.1-arm64-arm-64bit-Mach-O,images/snake.png,256,medoids-bandit,BanditPAM,medoids,medoids:algo=bandit:seed=1,213759,0.8704322048391957,{img2sixel} --threads=1 --precision=8bit --quality=full '--loaders=libpng!' --quantize-model=medoids:algo=bandit:seed=1 -Xoklab -Wgamma --diffusion=none --gpu-policy=off --lookup-policy=none -p 256 {input}
f2c138d8f6aa0a90c89d019f85eaf9bb3efa5edb,macOS-26.5.1-arm64-arm-64bit-Mach-O,images/snake.png,256,center-fft,FFT,center,center:algo=fft:seed=1,224952,0.9160103918103413,{img2sixel} --threads=1 --precision=8bit --quality=full '--loaders=libpng!' --quantize-model=center:algo=fft:seed=1 -Xoklab -Wgamma --diffusion=none --gpu-policy=off --lookup-policy=none -p 256 {input}
f2c138d8f6aa0a90c89d019f85eaf9bb3efa5edb,macOS-26.5.1-arm64-arm-64bit-Mach-O,images/snake.png,256,center-swap,swap,center,center:algo=swap:seed=1,223679,0.9108267027176702,{img2sixel} --threads=1 --precision=8bit --quality=full '--loaders=libpng!' --quantize-model=center:algo=swap:seed=1 -Xoklab -Wgamma --diffusion=none --gpu-policy=off --lookup-policy=none -p 256 {input}
f2c138d8f6aa0a90c89d019f85eaf9bb3efa5edb,macOS-26.5.1-arm64-arm-64bit-Mach-O,images/snake.png,256,center-hybrid,hybrid,center,center:algo=hybrid:seed=1,224952,0.9160103918103413,{img2sixel} --threads=1 --precision=8bit --quality=full '--loaders=libpng!' --quantize-model=center:algo=hybrid:seed=1 -Xoklab -Wgamma --diffusion=none --gpu-policy=off --lookup-policy=none -p 256 {input}
