revision,platform,input,colors,config,label,family,quantize_option,runs,palette_median_seconds,palette_q1_seconds,palette_q3_seconds,palette_min_seconds,palette_max_seconds,palette_speedup_vs_compat,end_to_end_median_seconds,end_to_end_q1_seconds,end_to_end_q3_seconds,end_to_end_min_seconds,end_to_end_max_seconds,end_to_end_speedup_vs_compat,command,timeline_command
f2c138d8f6aa0a90c89d019f85eaf9bb3efa5edb,macOS-26.5.1-arm64-arm-64bit-Mach-O,images/snake.png,8,heckbert-compat,compat,heckbert,heckbert:profile=compat,9,0.004583,0.0045169999999999984,0.0046720000000000025,0.00443,0.004753,1.0,0.053455958142876625,0.051748208003118634,0.05534874997101724,0.05156395793892443,0.06051954114809632,1.0,{img2sixel} --threads=1 --precision=8bit --quality=full '--loaders=libpng!' --quantize-model=heckbert:profile=compat -Xoklab -Wgamma --diffusion=none --gpu-policy=off --lookup-policy=none -p 8 -o /dev/null {input},{img2sixel} --threads=1 --precision=8bit --quality=full '--loaders=libpng!' --quantize-model=heckbert:profile=compat -Xoklab -Wgamma --diffusion=none --gpu-policy=off --lookup-policy=none -p 8 -J {timeline} -o /dev/null {input}
f2c138d8f6aa0a90c89d019f85eaf9bb3efa5edb,macOS-26.5.1-arm64-arm-64bit-Mach-O,images/snake.png,8,heckbert-speed,speed,heckbert,heckbert:profile=speed,9,0.004671999999999999,0.004532000000000001,0.004775,0.004421999999999999,0.005384,0.9809503424657536,0.052848750026896596,0.052133917110040784,0.053591624833643436,0.05061654094606638,0.054796041920781136,1.0114895454607915,{img2sixel} --threads=1 --precision=8bit --quality=full '--loaders=libpng!' --quantize-model=heckbert:profile=speed -Xoklab -Wgamma --diffusion=none --gpu-policy=off --lookup-policy=none -p 8 -o /dev/null {input},{img2sixel} --threads=1 --precision=8bit --quality=full '--loaders=libpng!' --quantize-model=heckbert:profile=speed -Xoklab -Wgamma --diffusion=none --gpu-policy=off --lookup-policy=none -p 8 -J {timeline} -o /dev/null {input}
f2c138d8f6aa0a90c89d019f85eaf9bb3efa5edb,macOS-26.5.1-arm64-arm-64bit-Mach-O,images/snake.png,8,heckbert-quality,quality,heckbert,heckbert:profile=quality,9,0.007302000000000001,0.007066999999999999,0.007424999999999999,0.0069700000000000005,0.011826,0.62763626403725,0.054899583803489804,0.05472804117016494,0.0559842090588063,0.05286370893009007,0.05658829212188721,0.9737042512784694,{img2sixel} --threads=1 --precision=8bit --quality=full '--loaders=libpng!' --quantize-model=heckbert:profile=quality -Xoklab -Wgamma --diffusion=none --gpu-policy=off --lookup-policy=none -p 8 -o /dev/null {input},{img2sixel} --threads=1 --precision=8bit --quality=full '--loaders=libpng!' --quantize-model=heckbert:profile=quality -Xoklab -Wgamma --diffusion=none --gpu-policy=off --lookup-policy=none -p 8 -J {timeline} -o /dev/null {input}
f2c138d8f6aa0a90c89d019f85eaf9bb3efa5edb,macOS-26.5.1-arm64-arm-64bit-Mach-O,images/snake.png,8,kmeans,k-means,kmeans,kmeans:seed=1,9,0.006868999999999998,0.006804000000000001,0.007163000000000001,0.006708,0.007714,0.6672004658611154,0.05526804178953171,0.05450287484563887,0.056013874942436814,0.053626209031790495,0.06080754077993333,0.9672128125408216,{img2sixel} --threads=1 --precision=8bit --quality=full '--loaders=libpng!' --quantize-model=kmeans:seed=1 -Xoklab -Wgamma --diffusion=none --gpu-policy=off --lookup-policy=none -p 8 -o /dev/null {input},{img2sixel} --threads=1 --precision=8bit --quality=full '--loaders=libpng!' --quantize-model=kmeans:seed=1 -Xoklab -Wgamma --diffusion=none --gpu-policy=off --lookup-policy=none -p 8 -J {timeline} -o /dev/null {input}
f2c138d8f6aa0a90c89d019f85eaf9bb3efa5edb,macOS-26.5.1-arm64-arm-64bit-Mach-O,images/snake.png,8,medoids-pam,PAM,medoids,medoids:algo=pam:seed=1,9,0.004905000000000001,0.004812999999999998,0.005048,0.004612999999999999,0.005809999999999999,0.9343527013251782,0.0537173340562731,0.05267804185859859,0.05414416710846126,0.05222700000740588,0.05701945791952312,0.9951342351963582,{img2sixel} --threads=1 --precision=8bit --quality=full '--loaders=libpng!' --quantize-model=medoids:algo=pam:seed=1 -Xoklab -Wgamma --diffusion=none --gpu-policy=off --lookup-policy=none -p 8 -o /dev/null {input},{img2sixel} --threads=1 --precision=8bit --quality=full '--loaders=libpng!' --quantize-model=medoids:algo=pam:seed=1 -Xoklab -Wgamma --diffusion=none --gpu-policy=off --lookup-policy=none -p 8 -J {timeline} -o /dev/null {input}
f2c138d8f6aa0a90c89d019f85eaf9bb3efa5edb,macOS-26.5.1-arm64-arm-64bit-Mach-O,images/snake.png,8,medoids-sample,CLARA,medoids,medoids:algo=sample:seed=1,9,0.005586000000000001,0.005543999999999999,0.005794999999999998,0.0053440000000000015,0.006997,0.8204439670605084,0.05473820795305073,0.05269054207019508,0.055017750011757016,0.05115487496368587,0.06098545901477337,0.9765748668412035,{img2sixel} --threads=1 --precision=8bit --quality=full '--loaders=libpng!' --quantize-model=medoids:algo=sample:seed=1 -Xoklab -Wgamma --diffusion=none --gpu-policy=off --lookup-policy=none -p 8 -o /dev/null {input},{img2sixel} --threads=1 --precision=8bit --quality=full '--loaders=libpng!' --quantize-model=medoids:algo=sample:seed=1 -Xoklab -Wgamma --diffusion=none --gpu-policy=off --lookup-policy=none -p 8 -J {timeline} -o /dev/null {input}
f2c138d8f6aa0a90c89d019f85eaf9bb3efa5edb,macOS-26.5.1-arm64-arm-64bit-Mach-O,images/snake.png,8,medoids-random,CLARANS,medoids,medoids:algo=random:seed=1,9,0.010973999999999998,0.010855000000000002,0.01123,0.010550000000000002,0.011807,0.41762347366502656,0.05864233407191932,0.05797874997369945,0.059634583070874214,0.05621724994853139,0.06310641579329967,0.9115591831204725,{img2sixel} --threads=1 --precision=8bit --quality=full '--loaders=libpng!' --quantize-model=medoids:algo=random:seed=1 -Xoklab -Wgamma --diffusion=none --gpu-policy=off --lookup-policy=none -p 8 -o /dev/null {input},{img2sixel} --threads=1 --precision=8bit --quality=full '--loaders=libpng!' --quantize-model=medoids:algo=random:seed=1 -Xoklab -Wgamma --diffusion=none --gpu-policy=off --lookup-policy=none -p 8 -J {timeline} -o /dev/null {input}
f2c138d8f6aa0a90c89d019f85eaf9bb3efa5edb,macOS-26.5.1-arm64-arm-64bit-Mach-O,images/snake.png,8,medoids-bandit,BanditPAM,medoids,medoids:algo=bandit:seed=1,9,0.005952000000000001,0.005792999999999998,0.006221999999999998,0.0057859999999999995,0.006336999999999999,0.7699932795698924,0.05459100008010864,0.053913375129923224,0.055192082887515426,0.053492250153794885,0.0561260839458555,0.9792082589517243,{img2sixel} --threads=1 --precision=8bit --quality=full '--loaders=libpng!' --quantize-model=medoids:algo=bandit:seed=1 -Xoklab -Wgamma --diffusion=none --gpu-policy=off --lookup-policy=none -p 8 -o /dev/null {input},{img2sixel} --threads=1 --precision=8bit --quality=full '--loaders=libpng!' --quantize-model=medoids:algo=bandit:seed=1 -Xoklab -Wgamma --diffusion=none --gpu-policy=off --lookup-policy=none -p 8 -J {timeline} -o /dev/null {input}
f2c138d8f6aa0a90c89d019f85eaf9bb3efa5edb,macOS-26.5.1-arm64-arm-64bit-Mach-O,images/snake.png,8,center-fft,FFT,center,center:algo=fft:seed=1,9,0.005698,0.005658,0.005762,0.005624999999999998,0.005949000000000001,0.8043173043173044,0.054365041898563504,0.05337675008922815,0.05703050014562905,0.05110587505623698,0.06007700017653406,0.9832781558895313,{img2sixel} --threads=1 --precision=8bit --quality=full '--loaders=libpng!' --quantize-model=center:algo=fft:seed=1 -Xoklab -Wgamma --diffusion=none --gpu-policy=off --lookup-policy=none -p 8 -o /dev/null {input},{img2sixel} --threads=1 --precision=8bit --quality=full '--loaders=libpng!' --quantize-model=center:algo=fft:seed=1 -Xoklab -Wgamma --diffusion=none --gpu-policy=off --lookup-policy=none -p 8 -J {timeline} -o /dev/null {input}
f2c138d8f6aa0a90c89d019f85eaf9bb3efa5edb,macOS-26.5.1-arm64-arm-64bit-Mach-O,images/snake.png,8,center-swap,swap,center,center:algo=swap:seed=1,9,0.005753999999999999,0.005701000000000001,0.005819999999999999,0.005552000000000001,0.005863,0.7964893986791799,0.05347412498667836,0.05299283401109278,0.0544338331092149,0.052521207835525274,0.055703916819766164,0.9996602685166656,{img2sixel} --threads=1 --precision=8bit --quality=full '--loaders=libpng!' --quantize-model=center:algo=swap:seed=1 -Xoklab -Wgamma --diffusion=none --gpu-policy=off --lookup-policy=none -p 8 -o /dev/null {input},{img2sixel} --threads=1 --precision=8bit --quality=full '--loaders=libpng!' --quantize-model=center:algo=swap:seed=1 -Xoklab -Wgamma --diffusion=none --gpu-policy=off --lookup-policy=none -p 8 -J {timeline} -o /dev/null {input}
f2c138d8f6aa0a90c89d019f85eaf9bb3efa5edb,macOS-26.5.1-arm64-arm-64bit-Mach-O,images/snake.png,8,center-hybrid,hybrid,center,center:algo=hybrid:seed=1,9,0.005918999999999999,0.005783,0.006104,0.005732000000000001,0.006668999999999998,0.7742861969927355,0.05375320906750858,0.05286062485538423,0.055029124952852726,0.05175095796585083,0.05569191696122289,0.9944700803954116,{img2sixel} --threads=1 --precision=8bit --quality=full '--loaders=libpng!' --quantize-model=center:algo=hybrid:seed=1 -Xoklab -Wgamma --diffusion=none --gpu-policy=off --lookup-policy=none -p 8 -o /dev/null {input},{img2sixel} --threads=1 --precision=8bit --quality=full '--loaders=libpng!' --quantize-model=center:algo=hybrid:seed=1 -Xoklab -Wgamma --diffusion=none --gpu-policy=off --lookup-policy=none -p 8 -J {timeline} -o /dev/null {input}
f2c138d8f6aa0a90c89d019f85eaf9bb3efa5edb,macOS-26.5.1-arm64-arm-64bit-Mach-O,images/snake.png,16,heckbert-compat,compat,heckbert,heckbert:profile=compat,9,0.0051,0.004990999999999999,0.005129999999999999,0.0046949999999999995,0.005534999999999998,1.0,0.0548337500076741,0.05354054179042578,0.05521020805463195,0.05318995891138911,0.056566165992990136,1.0,{img2sixel} --threads=1 --precision=8bit --quality=full '--loaders=libpng!' --quantize-model=heckbert:profile=compat -Xoklab -Wgamma --diffusion=none --gpu-policy=off --lookup-policy=none -p 16 -o /dev/null {input},{img2sixel} --threads=1 --precision=8bit --quality=full '--loaders=libpng!' --quantize-model=heckbert:profile=compat -Xoklab -Wgamma --diffusion=none --gpu-policy=off --lookup-policy=none -p 16 -J {timeline} -o /dev/null {input}
f2c138d8f6aa0a90c89d019f85eaf9bb3efa5edb,macOS-26.5.1-arm64-arm-64bit-Mach-O,images/snake.png,16,heckbert-speed,speed,heckbert,heckbert:profile=speed,9,0.004900999999999999,0.0048340000000000015,0.004971,0.004636999999999999,0.005056999999999999,1.040603958375842,0.054864584002643824,0.054207583190873265,0.05597758409567177,0.05317958304658532,0.05732224998064339,0.9994379981999273,{img2sixel} --threads=1 --precision=8bit --quality=full '--loaders=libpng!' --quantize-model=heckbert:profile=speed -Xoklab -Wgamma --diffusion=none --gpu-policy=off --lookup-policy=none -p 16 -o /dev/null {input},{img2sixel} --threads=1 --precision=8bit --quality=full '--loaders=libpng!' --quantize-model=heckbert:profile=speed -Xoklab -Wgamma --diffusion=none --gpu-policy=off --lookup-policy=none -p 16 -J {timeline} -o /dev/null {input}
f2c138d8f6aa0a90c89d019f85eaf9bb3efa5edb,macOS-26.5.1-arm64-arm-64bit-Mach-O,images/snake.png,16,heckbert-quality,quality,heckbert,heckbert:profile=quality,9,0.008551,0.008527,0.008817,0.007985,0.009054999999999999,0.5964214711729623,0.05886604101397097,0.05811770795844495,0.0594282909296453,0.057804625015705824,0.06181375007145107,0.9315005572509986,{img2sixel} --threads=1 --precision=8bit --quality=full '--loaders=libpng!' --quantize-model=heckbert:profile=quality -Xoklab -Wgamma --diffusion=none --gpu-policy=off --lookup-policy=none -p 16 -o /dev/null {input},{img2sixel} --threads=1 --precision=8bit --quality=full '--loaders=libpng!' --quantize-model=heckbert:profile=quality -Xoklab -Wgamma --diffusion=none --gpu-policy=off --lookup-policy=none -p 16 -J {timeline} -o /dev/null {input}
f2c138d8f6aa0a90c89d019f85eaf9bb3efa5edb,macOS-26.5.1-arm64-arm-64bit-Mach-O,images/snake.png,16,kmeans,k-means,kmeans,kmeans:seed=1,9,0.007746999999999999,0.0074769999999999975,0.007932000000000002,0.006844000000000001,0.008409,0.6583193494255842,0.05712633300572634,0.05650541605427861,0.05851320899091661,0.05428545898757875,0.06025095796212554,0.9598681925230098,{img2sixel} --threads=1 --precision=8bit --quality=full '--loaders=libpng!' --quantize-model=kmeans:seed=1 -Xoklab -Wgamma --diffusion=none --gpu-policy=off --lookup-policy=none -p 16 -o /dev/null {input},{img2sixel} --threads=1 --precision=8bit --quality=full '--loaders=libpng!' --quantize-model=kmeans:seed=1 -Xoklab -Wgamma --diffusion=none --gpu-policy=off --lookup-policy=none -p 16 -J {timeline} -o /dev/null {input}
f2c138d8f6aa0a90c89d019f85eaf9bb3efa5edb,macOS-26.5.1-arm64-arm-64bit-Mach-O,images/snake.png,16,medoids-pam,PAM,medoids,medoids:algo=pam:seed=1,9,0.007261999999999999,0.007154000000000001,0.007343000000000002,0.006636999999999999,0.007475999999999998,0.7022858716606997,0.0568960839882493,0.05643454194068909,0.05742558394558728,0.05591166694648564,0.058183582965284586,0.9637526199342448,{img2sixel} --threads=1 --precision=8bit --quality=full '--loaders=libpng!' --quantize-model=medoids:algo=pam:seed=1 -Xoklab -Wgamma --diffusion=none --gpu-policy=off --lookup-policy=none -p 16 -o /dev/null {input},{img2sixel} --threads=1 --precision=8bit --quality=full '--loaders=libpng!' --quantize-model=medoids:algo=pam:seed=1 -Xoklab -Wgamma --diffusion=none --gpu-policy=off --lookup-policy=none -p 16 -J {timeline} -o /dev/null {input}
f2c138d8f6aa0a90c89d019f85eaf9bb3efa5edb,macOS-26.5.1-arm64-arm-64bit-Mach-O,images/snake.png,16,medoids-sample,CLARA,medoids,medoids:algo=sample:seed=1,9,0.006475999999999999,0.006405000000000001,0.006644999999999998,0.006216999999999999,0.007068999999999999,0.7875231624459544,0.05613837484270334,0.05478512495756149,0.057386166183277965,0.05358454096131027,0.05867474991828203,0.9767605521412985,{img2sixel} --threads=1 --precision=8bit --quality=full '--loaders=libpng!' --quantize-model=medoids:algo=sample:seed=1 -Xoklab -Wgamma --diffusion=none --gpu-policy=off --lookup-policy=none -p 16 -o /dev/null {input},{img2sixel} --threads=1 --precision=8bit --quality=full '--loaders=libpng!' --quantize-model=medoids:algo=sample:seed=1 -Xoklab -Wgamma --diffusion=none --gpu-policy=off --lookup-policy=none -p 16 -J {timeline} -o /dev/null {input}
f2c138d8f6aa0a90c89d019f85eaf9bb3efa5edb,macOS-26.5.1-arm64-arm-64bit-Mach-O,images/snake.png,16,medoids-random,CLARANS,medoids,medoids:algo=random:seed=1,9,0.014105,0.013845000000000001,0.014247,0.013435,0.014841000000000002,0.3615739099610068,0.06492545804940164,0.06438483321107924,0.06543808314017951,0.06293512508273125,0.06896975007839501,0.8445647001204245,{img2sixel} --threads=1 --precision=8bit --quality=full '--loaders=libpng!' --quantize-model=medoids:algo=random:seed=1 -Xoklab -Wgamma --diffusion=none --gpu-policy=off --lookup-policy=none -p 16 -o /dev/null {input},{img2sixel} --threads=1 --precision=8bit --quality=full '--loaders=libpng!' --quantize-model=medoids:algo=random:seed=1 -Xoklab -Wgamma --diffusion=none --gpu-policy=off --lookup-policy=none -p 16 -J {timeline} -o /dev/null {input}
f2c138d8f6aa0a90c89d019f85eaf9bb3efa5edb,macOS-26.5.1-arm64-arm-64bit-Mach-O,images/snake.png,16,medoids-bandit,BanditPAM,medoids,medoids:algo=bandit:seed=1,9,0.007028999999999999,0.006865999999999999,0.007067999999999998,0.0065759999999999985,0.00767,0.7255655142979088,0.05674562486819923,0.05557845812290907,0.05741412495262921,0.05483104195445776,0.05782641586847603,0.9663079776640795,{img2sixel} --threads=1 --precision=8bit --quality=full '--loaders=libpng!' --quantize-model=medoids:algo=bandit:seed=1 -Xoklab -Wgamma --diffusion=none --gpu-policy=off --lookup-policy=none -p 16 -o /dev/null {input},{img2sixel} --threads=1 --precision=8bit --quality=full '--loaders=libpng!' --quantize-model=medoids:algo=bandit:seed=1 -Xoklab -Wgamma --diffusion=none --gpu-policy=off --lookup-policy=none -p 16 -J {timeline} -o /dev/null {input}
f2c138d8f6aa0a90c89d019f85eaf9bb3efa5edb,macOS-26.5.1-arm64-arm-64bit-Mach-O,images/snake.png,16,center-fft,FFT,center,center:algo=fft:seed=1,9,0.005714,0.005671999999999998,0.005988000000000002,0.0054509999999999975,0.006203,0.8925446272313616,0.05570558295585215,0.05500354105606675,0.05638533388264477,0.05340550001710653,0.058122375048696995,0.984349271618448,{img2sixel} --threads=1 --precision=8bit --quality=full '--loaders=libpng!' --quantize-model=center:algo=fft:seed=1 -Xoklab -Wgamma --diffusion=none --gpu-policy=off --lookup-policy=none -p 16 -o /dev/null {input},{img2sixel} --threads=1 --precision=8bit --quality=full '--loaders=libpng!' --quantize-model=center:algo=fft:seed=1 -Xoklab -Wgamma --diffusion=none --gpu-policy=off --lookup-policy=none -p 16 -J {timeline} -o /dev/null {input}
f2c138d8f6aa0a90c89d019f85eaf9bb3efa5edb,macOS-26.5.1-arm64-arm-64bit-Mach-O,images/snake.png,16,center-swap,swap,center,center:algo=swap:seed=1,9,0.005918000000000003,0.0058379999999999994,0.0060139999999999985,0.005521999999999999,0.006355000000000001,0.8617776275768837,0.05560091696679592,0.05477675003930926,0.05612375005148351,0.05422208388336003,0.05787258315831423,0.9862022606645146,{img2sixel} --threads=1 --precision=8bit --quality=full '--loaders=libpng!' --quantize-model=center:algo=swap:seed=1 -Xoklab -Wgamma --diffusion=none --gpu-policy=off --lookup-policy=none -p 16 -o /dev/null {input},{img2sixel} --threads=1 --precision=8bit --quality=full '--loaders=libpng!' --quantize-model=center:algo=swap:seed=1 -Xoklab -Wgamma --diffusion=none --gpu-policy=off --lookup-policy=none -p 16 -J {timeline} -o /dev/null {input}
f2c138d8f6aa0a90c89d019f85eaf9bb3efa5edb,macOS-26.5.1-arm64-arm-64bit-Mach-O,images/snake.png,16,center-hybrid,hybrid,center,center:algo=hybrid:seed=1,9,0.005884,0.0056819999999999996,0.006093999999999999,0.005606999999999999,0.006690999999999999,0.8667573079537729,0.05663983314298093,0.05560737499035895,0.05680966703221202,0.05458558304235339,0.05776204192079604,0.9681128450582194,{img2sixel} --threads=1 --precision=8bit --quality=full '--loaders=libpng!' --quantize-model=center:algo=hybrid:seed=1 -Xoklab -Wgamma --diffusion=none --gpu-policy=off --lookup-policy=none -p 16 -o /dev/null {input},{img2sixel} --threads=1 --precision=8bit --quality=full '--loaders=libpng!' --quantize-model=center:algo=hybrid:seed=1 -Xoklab -Wgamma --diffusion=none --gpu-policy=off --lookup-policy=none -p 16 -J {timeline} -o /dev/null {input}
f2c138d8f6aa0a90c89d019f85eaf9bb3efa5edb,macOS-26.5.1-arm64-arm-64bit-Mach-O,images/snake.png,32,heckbert-compat,compat,heckbert,heckbert:profile=compat,9,0.005226999999999999,0.005091999999999999,0.005386999999999999,0.0049710000000000015,0.005665999999999999,1.0,0.05786487506702542,0.0571342499461025,0.05796795804053545,0.05587329110130668,0.06004516687244177,1.0,{img2sixel} --threads=1 --precision=8bit --quality=full '--loaders=libpng!' --quantize-model=heckbert:profile=compat -Xoklab -Wgamma --diffusion=none --gpu-policy=off --lookup-policy=none -p 32 -o /dev/null {input},{img2sixel} --threads=1 --precision=8bit --quality=full '--loaders=libpng!' --quantize-model=heckbert:profile=compat -Xoklab -Wgamma --diffusion=none --gpu-policy=off --lookup-policy=none -p 32 -J {timeline} -o /dev/null {input}
f2c138d8f6aa0a90c89d019f85eaf9bb3efa5edb,macOS-26.5.1-arm64-arm-64bit-Mach-O,images/snake.png,32,heckbert-speed,speed,heckbert,heckbert:profile=speed,9,0.005255000000000001,0.005187000000000001,0.0054730000000000004,0.005006999999999999,0.006024,0.9946717411988578,0.058154874946922064,0.05747295799665153,0.05859554116614163,0.056127042043954134,0.0631294168997556,0.9950133177973244,{img2sixel} --threads=1 --precision=8bit --quality=full '--loaders=libpng!' --quantize-model=heckbert:profile=speed -Xoklab -Wgamma --diffusion=none --gpu-policy=off --lookup-policy=none -p 32 -o /dev/null {input},{img2sixel} --threads=1 --precision=8bit --quality=full '--loaders=libpng!' --quantize-model=heckbert:profile=speed -Xoklab -Wgamma --diffusion=none --gpu-policy=off --lookup-policy=none -p 32 -J {timeline} -o /dev/null {input}
f2c138d8f6aa0a90c89d019f85eaf9bb3efa5edb,macOS-26.5.1-arm64-arm-64bit-Mach-O,images/snake.png,32,heckbert-quality,quality,heckbert,heckbert:profile=quality,9,0.010694,0.010405999999999999,0.010761,0.009877,0.011288,0.4887787544417429,0.06316954200156033,0.0626196248922497,0.06370508321560919,0.06202062498778105,0.06410129205323756,0.9160249264684572,{img2sixel} --threads=1 --precision=8bit --quality=full '--loaders=libpng!' --quantize-model=heckbert:profile=quality -Xoklab -Wgamma --diffusion=none --gpu-policy=off --lookup-policy=none -p 32 -o /dev/null {input},{img2sixel} --threads=1 --precision=8bit --quality=full '--loaders=libpng!' --quantize-model=heckbert:profile=quality -Xoklab -Wgamma --diffusion=none --gpu-policy=off --lookup-policy=none -p 32 -J {timeline} -o /dev/null {input}
f2c138d8f6aa0a90c89d019f85eaf9bb3efa5edb,macOS-26.5.1-arm64-arm-64bit-Mach-O,images/snake.png,32,kmeans,k-means,kmeans,kmeans:seed=1,9,0.008442,0.008286000000000002,0.008591,0.007923000000000001,0.009562000000000001,0.6191660743899549,0.06203945796005428,0.061220499919727445,0.06245520804077387,0.06021087500266731,0.06378104188479483,0.9327108419335841,{img2sixel} --threads=1 --precision=8bit --quality=full '--loaders=libpng!' --quantize-model=kmeans:seed=1 -Xoklab -Wgamma --diffusion=none --gpu-policy=off --lookup-policy=none -p 32 -o /dev/null {input},{img2sixel} --threads=1 --precision=8bit --quality=full '--loaders=libpng!' --quantize-model=kmeans:seed=1 -Xoklab -Wgamma --diffusion=none --gpu-policy=off --lookup-policy=none -p 32 -J {timeline} -o /dev/null {input}
f2c138d8f6aa0a90c89d019f85eaf9bb3efa5edb,macOS-26.5.1-arm64-arm-64bit-Mach-O,images/snake.png,32,medoids-pam,PAM,medoids,medoids:algo=pam:seed=1,9,0.005434,0.005361999999999999,0.005634999999999999,0.005091999999999999,0.005946000000000002,0.9619065145380934,0.05773645802401006,0.05621650000102818,0.058664208045229316,0.05596145801246166,0.06036804197356105,1.0022241932984868,{img2sixel} --threads=1 --precision=8bit --quality=full '--loaders=libpng!' --quantize-model=medoids:algo=pam:seed=1 -Xoklab -Wgamma --diffusion=none --gpu-policy=off --lookup-policy=none -p 32 -o /dev/null {input},{img2sixel} --threads=1 --precision=8bit --quality=full '--loaders=libpng!' --quantize-model=medoids:algo=pam:seed=1 -Xoklab -Wgamma --diffusion=none --gpu-policy=off --lookup-policy=none -p 32 -J {timeline} -o /dev/null {input}
f2c138d8f6aa0a90c89d019f85eaf9bb3efa5edb,macOS-26.5.1-arm64-arm-64bit-Mach-O,images/snake.png,32,medoids-sample,CLARA,medoids,medoids:algo=sample:seed=1,9,0.0077550000000000015,0.007667,0.007859,0.007316999999999999,0.008198000000000002,0.6740167633784653,0.05937458318658173,0.059041749918833375,0.06024287478066981,0.05877150013111532,0.06229991605505347,0.9745731584369675,{img2sixel} --threads=1 --precision=8bit --quality=full '--loaders=libpng!' --quantize-model=medoids:algo=sample:seed=1 -Xoklab -Wgamma --diffusion=none --gpu-policy=off --lookup-policy=none -p 32 -o /dev/null {input},{img2sixel} --threads=1 --precision=8bit --quality=full '--loaders=libpng!' --quantize-model=medoids:algo=sample:seed=1 -Xoklab -Wgamma --diffusion=none --gpu-policy=off --lookup-policy=none -p 32 -J {timeline} -o /dev/null {input}
f2c138d8f6aa0a90c89d019f85eaf9bb3efa5edb,macOS-26.5.1-arm64-arm-64bit-Mach-O,images/snake.png,32,medoids-random,CLARANS,medoids,medoids:algo=random:seed=1,9,0.019291000000000003,0.018952999999999998,0.019375999999999997,0.018309,0.019961,0.2709553677880876,0.07140400004573166,0.0710008330643177,0.0720180831849575,0.070161750074476,0.07411183300428092,0.8103870235556142,{img2sixel} --threads=1 --precision=8bit --quality=full '--loaders=libpng!' --quantize-model=medoids:algo=random:seed=1 -Xoklab -Wgamma --diffusion=none --gpu-policy=off --lookup-policy=none -p 32 -o /dev/null {input},{img2sixel} --threads=1 --precision=8bit --quality=full '--loaders=libpng!' --quantize-model=medoids:algo=random:seed=1 -Xoklab -Wgamma --diffusion=none --gpu-policy=off --lookup-policy=none -p 32 -J {timeline} -o /dev/null {input}
f2c138d8f6aa0a90c89d019f85eaf9bb3efa5edb,macOS-26.5.1-arm64-arm-64bit-Mach-O,images/snake.png,32,medoids-bandit,BanditPAM,medoids,medoids:algo=bandit:seed=1,9,0.008937999999999998,0.008701,0.009208000000000001,0.008603,0.009744000000000001,0.5848064443947192,0.06164970900863409,0.06085679098032415,0.06218333309516311,0.05984995816834271,0.06240533385425806,0.9386074321765477,{img2sixel} --threads=1 --precision=8bit --quality=full '--loaders=libpng!' --quantize-model=medoids:algo=bandit:seed=1 -Xoklab -Wgamma --diffusion=none --gpu-policy=off --lookup-policy=none -p 32 -o /dev/null {input},{img2sixel} --threads=1 --precision=8bit --quality=full '--loaders=libpng!' --quantize-model=medoids:algo=bandit:seed=1 -Xoklab -Wgamma --diffusion=none --gpu-policy=off --lookup-policy=none -p 32 -J {timeline} -o /dev/null {input}
f2c138d8f6aa0a90c89d019f85eaf9bb3efa5edb,macOS-26.5.1-arm64-arm-64bit-Mach-O,images/snake.png,32,center-fft,FFT,center,center:algo=fft:seed=1,9,0.005835,0.005590000000000001,0.005932,0.005476000000000002,0.006017,0.8958011996572406,0.05836224998347461,0.05808799993246794,0.05869095795787871,0.057001667097210884,0.05942895798943937,0.9914777974360135,{img2sixel} --threads=1 --precision=8bit --quality=full '--loaders=libpng!' --quantize-model=center:algo=fft:seed=1 -Xoklab -Wgamma --diffusion=none --gpu-policy=off --lookup-policy=none -p 32 -o /dev/null {input},{img2sixel} --threads=1 --precision=8bit --quality=full '--loaders=libpng!' --quantize-model=center:algo=fft:seed=1 -Xoklab -Wgamma --diffusion=none --gpu-policy=off --lookup-policy=none -p 32 -J {timeline} -o /dev/null {input}
f2c138d8f6aa0a90c89d019f85eaf9bb3efa5edb,macOS-26.5.1-arm64-arm-64bit-Mach-O,images/snake.png,32,center-swap,swap,center,center:algo=swap:seed=1,9,0.006081999999999999,0.006024000000000002,0.006173000000000001,0.005991999999999999,0.0063570000000000015,0.859421243012167,0.059039791114628315,0.0586284170858562,0.059429500019177794,0.05789962504059076,0.06122200004756451,0.9800995900320558,{img2sixel} --threads=1 --precision=8bit --quality=full '--loaders=libpng!' --quantize-model=center:algo=swap:seed=1 -Xoklab -Wgamma --diffusion=none --gpu-policy=off --lookup-policy=none -p 32 -o /dev/null {input},{img2sixel} --threads=1 --precision=8bit --quality=full '--loaders=libpng!' --quantize-model=center:algo=swap:seed=1 -Xoklab -Wgamma --diffusion=none --gpu-policy=off --lookup-policy=none -p 32 -J {timeline} -o /dev/null {input}
f2c138d8f6aa0a90c89d019f85eaf9bb3efa5edb,macOS-26.5.1-arm64-arm-64bit-Mach-O,images/snake.png,32,center-hybrid,hybrid,center,center:algo=hybrid:seed=1,9,0.0063830000000000015,0.006302,0.006465,0.006246,0.006837999999999999,0.8188939370202096,0.05869966698810458,0.05759154190309346,0.05884137493558228,0.05741008301265538,0.0617512499447912,0.9857785918743232,{img2sixel} --threads=1 --precision=8bit --quality=full '--loaders=libpng!' --quantize-model=center:algo=hybrid:seed=1 -Xoklab -Wgamma --diffusion=none --gpu-policy=off --lookup-policy=none -p 32 -o /dev/null {input},{img2sixel} --threads=1 --precision=8bit --quality=full '--loaders=libpng!' --quantize-model=center:algo=hybrid:seed=1 -Xoklab -Wgamma --diffusion=none --gpu-policy=off --lookup-policy=none -p 32 -J {timeline} -o /dev/null {input}
f2c138d8f6aa0a90c89d019f85eaf9bb3efa5edb,macOS-26.5.1-arm64-arm-64bit-Mach-O,images/snake.png,64,heckbert-compat,compat,heckbert,heckbert:profile=compat,9,0.0057360000000000015,0.005482000000000001,0.005981,0.005429,0.0061309999999999976,1.0,0.06698475009761751,0.06690904195420444,0.06819495907984674,0.059818165842443705,0.06944833416491747,1.0,{img2sixel} --threads=1 --precision=8bit --quality=full '--loaders=libpng!' --quantize-model=heckbert:profile=compat -Xoklab -Wgamma --diffusion=none --gpu-policy=off --lookup-policy=none -p 64 -o /dev/null {input},{img2sixel} --threads=1 --precision=8bit --quality=full '--loaders=libpng!' --quantize-model=heckbert:profile=compat -Xoklab -Wgamma --diffusion=none --gpu-policy=off --lookup-policy=none -p 64 -J {timeline} -o /dev/null {input}
f2c138d8f6aa0a90c89d019f85eaf9bb3efa5edb,macOS-26.5.1-arm64-arm-64bit-Mach-O,images/snake.png,64,heckbert-speed,speed,heckbert,heckbert:profile=speed,9,0.005697000000000001,0.005384999999999999,0.005903,0.005206999999999998,0.006121999999999999,1.0068457082675093,0.06806170800700784,0.06677504209801555,0.0682337919715792,0.06587091716937721,0.07087179203517735,0.9841767428275611,{img2sixel} --threads=1 --precision=8bit --quality=full '--loaders=libpng!' --quantize-model=heckbert:profile=speed -Xoklab -Wgamma --diffusion=none --gpu-policy=off --lookup-policy=none -p 64 -o /dev/null {input},{img2sixel} --threads=1 --precision=8bit --quality=full '--loaders=libpng!' --quantize-model=heckbert:profile=speed -Xoklab -Wgamma --diffusion=none --gpu-policy=off --lookup-policy=none -p 64 -J {timeline} -o /dev/null {input}
f2c138d8f6aa0a90c89d019f85eaf9bb3efa5edb,macOS-26.5.1-arm64-arm-64bit-Mach-O,images/snake.png,64,heckbert-quality,quality,heckbert,heckbert:profile=quality,9,0.014320000000000001,0.013989000000000001,0.014372000000000001,0.013222,0.01455,0.40055865921787714,0.07555741583928466,0.07386783394031227,0.07661804207600653,0.07009870815090835,0.07771075004711747,0.8865410410554306,{img2sixel} --threads=1 --precision=8bit --quality=full '--loaders=libpng!' --quantize-model=heckbert:profile=quality -Xoklab -Wgamma --diffusion=none --gpu-policy=off --lookup-policy=none -p 64 -o /dev/null {input},{img2sixel} --threads=1 --precision=8bit --quality=full '--loaders=libpng!' --quantize-model=heckbert:profile=quality -Xoklab -Wgamma --diffusion=none --gpu-policy=off --lookup-policy=none -p 64 -J {timeline} -o /dev/null {input}
f2c138d8f6aa0a90c89d019f85eaf9bb3efa5edb,macOS-26.5.1-arm64-arm-64bit-Mach-O,images/snake.png,64,kmeans,k-means,kmeans,kmeans:seed=1,9,0.010404,0.010233999999999998,0.010661,0.009821,0.010903999999999999,0.5513264129181086,0.0723817921243608,0.07174137514084578,0.07350966706871986,0.06672812486067414,0.0741768330335617,0.9254364686429633,{img2sixel} --threads=1 --precision=8bit --quality=full '--loaders=libpng!' --quantize-model=kmeans:seed=1 -Xoklab -Wgamma --diffusion=none --gpu-policy=off --lookup-policy=none -p 64 -o /dev/null {input},{img2sixel} --threads=1 --precision=8bit --quality=full '--loaders=libpng!' --quantize-model=kmeans:seed=1 -Xoklab -Wgamma --diffusion=none --gpu-policy=off --lookup-policy=none -p 64 -J {timeline} -o /dev/null {input}
f2c138d8f6aa0a90c89d019f85eaf9bb3efa5edb,macOS-26.5.1-arm64-arm-64bit-Mach-O,images/snake.png,64,medoids-pam,PAM,medoids,medoids:algo=pam:seed=1,9,0.005973000000000001,0.005864000000000001,0.0061839999999999985,0.005604,0.006259000000000001,0.960321446509292,0.06714379112236202,0.06615820783190429,0.06875154096633196,0.06454016687348485,0.07045462517999113,0.9976313368356774,{img2sixel} --threads=1 --precision=8bit --quality=full '--loaders=libpng!' --quantize-model=medoids:algo=pam:seed=1 -Xoklab -Wgamma --diffusion=none --gpu-policy=off --lookup-policy=none -p 64 -o /dev/null {input},{img2sixel} --threads=1 --precision=8bit --quality=full '--loaders=libpng!' --quantize-model=medoids:algo=pam:seed=1 -Xoklab -Wgamma --diffusion=none --gpu-policy=off --lookup-policy=none -p 64 -J {timeline} -o /dev/null {input}
f2c138d8f6aa0a90c89d019f85eaf9bb3efa5edb,macOS-26.5.1-arm64-arm-64bit-Mach-O,images/snake.png,64,medoids-sample,CLARA,medoids,medoids:algo=sample:seed=1,9,0.010108,0.009628,0.010326,0.009478999999999998,0.010827000000000002,0.5674713098535814,0.07198216603137553,0.0693724169395864,0.07333929184824228,0.06616254081018269,0.07391287502832711,0.930574249021907,{img2sixel} --threads=1 --precision=8bit --quality=full '--loaders=libpng!' --quantize-model=medoids:algo=sample:seed=1 -Xoklab -Wgamma --diffusion=none --gpu-policy=off --lookup-policy=none -p 64 -o /dev/null {input},{img2sixel} --threads=1 --precision=8bit --quality=full '--loaders=libpng!' --quantize-model=medoids:algo=sample:seed=1 -Xoklab -Wgamma --diffusion=none --gpu-policy=off --lookup-policy=none -p 64 -J {timeline} -o /dev/null {input}
f2c138d8f6aa0a90c89d019f85eaf9bb3efa5edb,macOS-26.5.1-arm64-arm-64bit-Mach-O,images/snake.png,64,medoids-random,CLARANS,medoids,medoids:algo=random:seed=1,9,0.026906,0.026781,0.027100999999999997,0.026737999999999998,0.027561000000000002,0.21318664981788454,0.08861674997024238,0.08576029120013118,0.08969387505203485,0.0804177918471396,0.09008183307014406,0.7558926514469451,{img2sixel} --threads=1 --precision=8bit --quality=full '--loaders=libpng!' --quantize-model=medoids:algo=random:seed=1 -Xoklab -Wgamma --diffusion=none --gpu-policy=off --lookup-policy=none -p 64 -o /dev/null {input},{img2sixel} --threads=1 --precision=8bit --quality=full '--loaders=libpng!' --quantize-model=medoids:algo=random:seed=1 -Xoklab -Wgamma --diffusion=none --gpu-policy=off --lookup-policy=none -p 64 -J {timeline} -o /dev/null {input}
f2c138d8f6aa0a90c89d019f85eaf9bb3efa5edb,macOS-26.5.1-arm64-arm-64bit-Mach-O,images/snake.png,64,medoids-bandit,BanditPAM,medoids,medoids:algo=bandit:seed=1,9,0.013295,0.013104000000000001,0.01362,0.012588,0.014027000000000001,0.431440391124483,0.07422100007534027,0.0740183750167489,0.07657312508672476,0.06735470797866583,0.07733087497763336,0.9025040086986514,{img2sixel} --threads=1 --precision=8bit --quality=full '--loaders=libpng!' --quantize-model=medoids:algo=bandit:seed=1 -Xoklab -Wgamma --diffusion=none --gpu-policy=off --lookup-policy=none -p 64 -o /dev/null {input},{img2sixel} --threads=1 --precision=8bit --quality=full '--loaders=libpng!' --quantize-model=medoids:algo=bandit:seed=1 -Xoklab -Wgamma --diffusion=none --gpu-policy=off --lookup-policy=none -p 64 -J {timeline} -o /dev/null {input}
f2c138d8f6aa0a90c89d019f85eaf9bb3efa5edb,macOS-26.5.1-arm64-arm-64bit-Mach-O,images/snake.png,64,center-fft,FFT,center,center:algo=fft:seed=1,9,0.005987000000000003,0.005578000000000001,0.006083999999999999,0.005549000000000002,0.006121,0.9580758309670951,0.06738533289171755,0.06617866712622344,0.06803579186089337,0.059819874819368124,0.0697062078397721,0.9940553414680944,{img2sixel} --threads=1 --precision=8bit --quality=full '--loaders=libpng!' --quantize-model=center:algo=fft:seed=1 -Xoklab -Wgamma --diffusion=none --gpu-policy=off --lookup-policy=none -p 64 -o /dev/null {input},{img2sixel} --threads=1 --precision=8bit --quality=full '--loaders=libpng!' --quantize-model=center:algo=fft:seed=1 -Xoklab -Wgamma --diffusion=none --gpu-policy=off --lookup-policy=none -p 64 -J {timeline} -o /dev/null {input}
f2c138d8f6aa0a90c89d019f85eaf9bb3efa5edb,macOS-26.5.1-arm64-arm-64bit-Mach-O,images/snake.png,64,center-swap,swap,center,center:algo=swap:seed=1,9,0.007468000000000001,0.007209,0.007568,0.0068930000000000016,0.0075889999999999985,0.7680771290840923,0.06872412492521107,0.06801158399321139,0.06963433395139873,0.06109083304181695,0.071256416849792,0.9746904768960473,{img2sixel} --threads=1 --precision=8bit --quality=full '--loaders=libpng!' --quantize-model=center:algo=swap:seed=1 -Xoklab -Wgamma --diffusion=none --gpu-policy=off --lookup-policy=none -p 64 -o /dev/null {input},{img2sixel} --threads=1 --precision=8bit --quality=full '--loaders=libpng!' --quantize-model=center:algo=swap:seed=1 -Xoklab -Wgamma --diffusion=none --gpu-policy=off --lookup-policy=none -p 64 -J {timeline} -o /dev/null {input}
f2c138d8f6aa0a90c89d019f85eaf9bb3efa5edb,macOS-26.5.1-arm64-arm-64bit-Mach-O,images/snake.png,64,center-hybrid,hybrid,center,center:algo=hybrid:seed=1,9,0.007581000000000001,0.007153999999999999,0.007679,0.007029999999999998,0.008076,0.7566284131381086,0.06947095901705325,0.06850041705183685,0.06992687494494021,0.061398500110954046,0.07125991699285805,0.96421225567326,{img2sixel} --threads=1 --precision=8bit --quality=full '--loaders=libpng!' --quantize-model=center:algo=hybrid:seed=1 -Xoklab -Wgamma --diffusion=none --gpu-policy=off --lookup-policy=none -p 64 -o /dev/null {input},{img2sixel} --threads=1 --precision=8bit --quality=full '--loaders=libpng!' --quantize-model=center:algo=hybrid:seed=1 -Xoklab -Wgamma --diffusion=none --gpu-policy=off --lookup-policy=none -p 64 -J {timeline} -o /dev/null {input}
f2c138d8f6aa0a90c89d019f85eaf9bb3efa5edb,macOS-26.5.1-arm64-arm-64bit-Mach-O,images/snake.png,128,heckbert-compat,compat,heckbert,heckbert:profile=compat,9,0.006122000000000001,0.005911999999999999,0.006421,0.005688000000000002,0.0065790000000000015,1.0,0.08574241702444851,0.08349758409895003,0.08648120914585888,0.08264583302661777,0.08901866711676121,1.0,{img2sixel} --threads=1 --precision=8bit --quality=full '--loaders=libpng!' --quantize-model=heckbert:profile=compat -Xoklab -Wgamma --diffusion=none --gpu-policy=off --lookup-policy=none -p 128 -o /dev/null {input},{img2sixel} --threads=1 --precision=8bit --quality=full '--loaders=libpng!' --quantize-model=heckbert:profile=compat -Xoklab -Wgamma --diffusion=none --gpu-policy=off --lookup-policy=none -p 128 -J {timeline} -o /dev/null {input}
f2c138d8f6aa0a90c89d019f85eaf9bb3efa5edb,macOS-26.5.1-arm64-arm-64bit-Mach-O,images/snake.png,128,heckbert-speed,speed,heckbert,heckbert:profile=speed,9,0.006155000000000001,0.006031000000000002,0.006181999999999998,0.005814999999999999,0.006699999999999999,0.99463850528026,0.08644679188728333,0.08350366586819291,0.08689350006170571,0.08298525004647672,0.08807541592977941,0.9918519259366706,{img2sixel} --threads=1 --precision=8bit --quality=full '--loaders=libpng!' --quantize-model=heckbert:profile=speed -Xoklab -Wgamma --diffusion=none --gpu-policy=off --lookup-policy=none -p 128 -o /dev/null {input},{img2sixel} --threads=1 --precision=8bit --quality=full '--loaders=libpng!' --quantize-model=heckbert:profile=speed -Xoklab -Wgamma --diffusion=none --gpu-policy=off --lookup-policy=none -p 128 -J {timeline} -o /dev/null {input}
f2c138d8f6aa0a90c89d019f85eaf9bb3efa5edb,macOS-26.5.1-arm64-arm-64bit-Mach-O,images/snake.png,128,heckbert-quality,quality,heckbert,heckbert:profile=quality,9,0.019620000000000002,0.019132999999999997,0.020096999999999997,0.018459000000000003,0.020473000000000005,0.31202854230377164,0.09902566601522267,0.09771899995394051,0.1007716660387814,0.09702012501657009,0.10262616700492799,0.8658605437833441,{img2sixel} --threads=1 --precision=8bit --quality=full '--loaders=libpng!' --quantize-model=heckbert:profile=quality -Xoklab -Wgamma --diffusion=none --gpu-policy=off --lookup-policy=none -p 128 -o /dev/null {input},{img2sixel} --threads=1 --precision=8bit --quality=full '--loaders=libpng!' --quantize-model=heckbert:profile=quality -Xoklab -Wgamma --diffusion=none --gpu-policy=off --lookup-policy=none -p 128 -J {timeline} -o /dev/null {input}
f2c138d8f6aa0a90c89d019f85eaf9bb3efa5edb,macOS-26.5.1-arm64-arm-64bit-Mach-O,images/snake.png,128,kmeans,k-means,kmeans,kmeans:seed=1,9,0.012388,0.011910000000000002,0.012596,0.011627000000000002,0.012958,0.4941879237972232,0.0910179999191314,0.09052404202520847,0.09318049997091293,0.08889458305202425,0.09523062501102686,0.9420380265511197,{img2sixel} --threads=1 --precision=8bit --quality=full '--loaders=libpng!' --quantize-model=kmeans:seed=1 -Xoklab -Wgamma --diffusion=none --gpu-policy=off --lookup-policy=none -p 128 -o /dev/null {input},{img2sixel} --threads=1 --precision=8bit --quality=full '--loaders=libpng!' --quantize-model=kmeans:seed=1 -Xoklab -Wgamma --diffusion=none --gpu-policy=off --lookup-policy=none -p 128 -J {timeline} -o /dev/null {input}
f2c138d8f6aa0a90c89d019f85eaf9bb3efa5edb,macOS-26.5.1-arm64-arm-64bit-Mach-O,images/snake.png,128,medoids-pam,PAM,medoids,medoids:algo=pam:seed=1,9,0.008675000000000002,0.008285,0.008976,0.008003,0.009162000000000002,0.7057060518731988,0.08865266619250178,0.08821295900270343,0.08959945803508162,0.08536087488755584,0.08986154105514288,0.9671724574900669,{img2sixel} --threads=1 --precision=8bit --quality=full '--loaders=libpng!' --quantize-model=medoids:algo=pam:seed=1 -Xoklab -Wgamma --diffusion=none --gpu-policy=off --lookup-policy=none -p 128 -o /dev/null {input},{img2sixel} --threads=1 --precision=8bit --quality=full '--loaders=libpng!' --quantize-model=medoids:algo=pam:seed=1 -Xoklab -Wgamma --diffusion=none --gpu-policy=off --lookup-policy=none -p 128 -J {timeline} -o /dev/null {input}
f2c138d8f6aa0a90c89d019f85eaf9bb3efa5edb,macOS-26.5.1-arm64-arm-64bit-Mach-O,images/snake.png,128,medoids-sample,CLARA,medoids,medoids:algo=sample:seed=1,9,0.010570999999999999,0.010512,0.010698000000000001,0.009623999999999999,0.011058,0.5791315864156656,0.08972966694273055,0.0889602079987526,0.09041737508960068,0.08794512506574392,0.09190520807169378,0.9555637499376113,{img2sixel} --threads=1 --precision=8bit --quality=full '--loaders=libpng!' --quantize-model=medoids:algo=sample:seed=1 -Xoklab -Wgamma --diffusion=none --gpu-policy=off --lookup-policy=none -p 128 -o /dev/null {input},{img2sixel} --threads=1 --precision=8bit --quality=full '--loaders=libpng!' --quantize-model=medoids:algo=sample:seed=1 -Xoklab -Wgamma --diffusion=none --gpu-policy=off --lookup-policy=none -p 128 -J {timeline} -o /dev/null {input}
f2c138d8f6aa0a90c89d019f85eaf9bb3efa5edb,macOS-26.5.1-arm64-arm-64bit-Mach-O,images/snake.png,128,medoids-random,CLARANS,medoids,medoids:algo=random:seed=1,9,0.047653,0.047511,0.048261,0.046482,0.049195,0.1284704006043691,0.1268218751065433,0.1257957499474287,0.12758962507359684,0.12449208297766745,0.13112716586329043,0.6760853910448504,{img2sixel} --threads=1 --precision=8bit --quality=full '--loaders=libpng!' --quantize-model=medoids:algo=random:seed=1 -Xoklab -Wgamma --diffusion=none --gpu-policy=off --lookup-policy=none -p 128 -o /dev/null {input},{img2sixel} --threads=1 --precision=8bit --quality=full '--loaders=libpng!' --quantize-model=medoids:algo=random:seed=1 -Xoklab -Wgamma --diffusion=none --gpu-policy=off --lookup-policy=none -p 128 -J {timeline} -o /dev/null {input}
f2c138d8f6aa0a90c89d019f85eaf9bb3efa5edb,macOS-26.5.1-arm64-arm-64bit-Mach-O,images/snake.png,128,medoids-bandit,BanditPAM,medoids,medoids:algo=bandit:seed=1,9,0.034542,0.034148,0.035808,0.033434,0.036957,0.17723351282496672,0.1146610421128571,0.11390920798294246,0.11479654209688306,0.11177187506109476,0.1177137908525765,0.7477903169592255,{img2sixel} --threads=1 --precision=8bit --quality=full '--loaders=libpng!' --quantize-model=medoids:algo=bandit:seed=1 -Xoklab -Wgamma --diffusion=none --gpu-policy=off --lookup-policy=none -p 128 -o /dev/null {input},{img2sixel} --threads=1 --precision=8bit --quality=full '--loaders=libpng!' --quantize-model=medoids:algo=bandit:seed=1 -Xoklab -Wgamma --diffusion=none --gpu-policy=off --lookup-policy=none -p 128 -J {timeline} -o /dev/null {input}
f2c138d8f6aa0a90c89d019f85eaf9bb3efa5edb,macOS-26.5.1-arm64-arm-64bit-Mach-O,images/snake.png,128,center-fft,FFT,center,center:algo=fft:seed=1,9,0.0059660000000000026,0.005615,0.006057,0.005575,0.00639,1.0261481729802209,0.08326612482778728,0.08240170800127089,0.08655404206365347,0.08067337493412197,0.08920958312228322,1.0297394913211435,{img2sixel} --threads=1 --precision=8bit --quality=full '--loaders=libpng!' --quantize-model=center:algo=fft:seed=1 -Xoklab -Wgamma --diffusion=none --gpu-policy=off --lookup-policy=none -p 128 -o /dev/null {input},{img2sixel} --threads=1 --precision=8bit --quality=full '--loaders=libpng!' --quantize-model=center:algo=fft:seed=1 -Xoklab -Wgamma --diffusion=none --gpu-policy=off --lookup-policy=none -p 128 -J {timeline} -o /dev/null {input}
f2c138d8f6aa0a90c89d019f85eaf9bb3efa5edb,macOS-26.5.1-arm64-arm-64bit-Mach-O,images/snake.png,128,center-swap,swap,center,center:algo=swap:seed=1,9,0.005767000000000001,0.005560000000000001,0.005995999999999998,0.005527000000000001,0.006392,1.0615571354256979,0.08437808300368488,0.08308304194360971,0.08554441714659333,0.08219945780001581,0.08621812495402992,1.016169293875805,{img2sixel} --threads=1 --precision=8bit --quality=full '--loaders=libpng!' --quantize-model=center:algo=swap:seed=1 -Xoklab -Wgamma --diffusion=none --gpu-policy=off --lookup-policy=none -p 128 -o /dev/null {input},{img2sixel} --threads=1 --precision=8bit --quality=full '--loaders=libpng!' --quantize-model=center:algo=swap:seed=1 -Xoklab -Wgamma --diffusion=none --gpu-policy=off --lookup-policy=none -p 128 -J {timeline} -o /dev/null {input}
f2c138d8f6aa0a90c89d019f85eaf9bb3efa5edb,macOS-26.5.1-arm64-arm-64bit-Mach-O,images/snake.png,128,center-hybrid,hybrid,center,center:algo=hybrid:seed=1,9,0.006003000000000001,0.005712,0.0060490000000000006,0.005639999999999999,0.0062460000000000016,1.019823421622522,0.08476970787160099,0.0842279999051243,0.08527141599915922,0.0838504999410361,0.08624183316715062,1.0114747257867265,{img2sixel} --threads=1 --precision=8bit --quality=full '--loaders=libpng!' --quantize-model=center:algo=hybrid:seed=1 -Xoklab -Wgamma --diffusion=none --gpu-policy=off --lookup-policy=none -p 128 -o /dev/null {input},{img2sixel} --threads=1 --precision=8bit --quality=full '--loaders=libpng!' --quantize-model=center:algo=hybrid:seed=1 -Xoklab -Wgamma --diffusion=none --gpu-policy=off --lookup-policy=none -p 128 -J {timeline} -o /dev/null {input}
f2c138d8f6aa0a90c89d019f85eaf9bb3efa5edb,macOS-26.5.1-arm64-arm-64bit-Mach-O,images/snake.png,256,heckbert-compat,compat,heckbert,heckbert:profile=compat,9,0.006529,0.006437,0.006737,0.006351000000000001,0.006905,1.0,0.11929879104718566,0.11792137497104704,0.1200100420974195,0.11700166598893702,0.12045429088175297,1.0,{img2sixel} --threads=1 --precision=8bit --quality=full '--loaders=libpng!' --quantize-model=heckbert:profile=compat -Xoklab -Wgamma --diffusion=none --gpu-policy=off --lookup-policy=none -p 256 -o /dev/null {input},{img2sixel} --threads=1 --precision=8bit --quality=full '--loaders=libpng!' --quantize-model=heckbert:profile=compat -Xoklab -Wgamma --diffusion=none --gpu-policy=off --lookup-policy=none -p 256 -J {timeline} -o /dev/null {input}
f2c138d8f6aa0a90c89d019f85eaf9bb3efa5edb,macOS-26.5.1-arm64-arm-64bit-Mach-O,images/snake.png,256,heckbert-speed,speed,heckbert,heckbert:profile=speed,9,0.006833999999999998,0.006376,0.006957999999999999,0.006168999999999999,0.007595999999999999,0.9553702077846067,0.11862287507392466,0.11760774999856949,0.11898783291690052,0.11666433396749198,0.12031291611492634,1.0056980238663056,{img2sixel} --threads=1 --precision=8bit --quality=full '--loaders=libpng!' --quantize-model=heckbert:profile=speed -Xoklab -Wgamma --diffusion=none --gpu-policy=off --lookup-policy=none -p 256 -o /dev/null {input},{img2sixel} --threads=1 --precision=8bit --quality=full '--loaders=libpng!' --quantize-model=heckbert:profile=speed -Xoklab -Wgamma --diffusion=none --gpu-policy=off --lookup-policy=none -p 256 -J {timeline} -o /dev/null {input}
f2c138d8f6aa0a90c89d019f85eaf9bb3efa5edb,macOS-26.5.1-arm64-arm-64bit-Mach-O,images/snake.png,256,heckbert-quality,quality,heckbert,heckbert:profile=quality,9,0.030697000000000002,0.030049,0.030739,0.029715,0.031098,0.21269179398638302,0.1430653331335634,0.1426742090843618,0.14354662504047155,0.14174991589970887,0.14548720885068178,0.8338763027644881,{img2sixel} --threads=1 --precision=8bit --quality=full '--loaders=libpng!' --quantize-model=heckbert:profile=quality -Xoklab -Wgamma --diffusion=none --gpu-policy=off --lookup-policy=none -p 256 -o /dev/null {input},{img2sixel} --threads=1 --precision=8bit --quality=full '--loaders=libpng!' --quantize-model=heckbert:profile=quality -Xoklab -Wgamma --diffusion=none --gpu-policy=off --lookup-policy=none -p 256 -J {timeline} -o /dev/null {input}
f2c138d8f6aa0a90c89d019f85eaf9bb3efa5edb,macOS-26.5.1-arm64-arm-64bit-Mach-O,images/snake.png,256,kmeans,k-means,kmeans,kmeans:seed=1,9,0.016546,0.016426,0.017151,0.0157,0.017513,0.3945968814214916,0.13017329201102257,0.12932816613465548,0.13093104190193117,0.12694724998436868,0.1334664581809193,0.9164613508974169,{img2sixel} --threads=1 --precision=8bit --quality=full '--loaders=libpng!' --quantize-model=kmeans:seed=1 -Xoklab -Wgamma --diffusion=none --gpu-policy=off --lookup-policy=none -p 256 -o /dev/null {input},{img2sixel} --threads=1 --precision=8bit --quality=full '--loaders=libpng!' --quantize-model=kmeans:seed=1 -Xoklab -Wgamma --diffusion=none --gpu-policy=off --lookup-policy=none -p 256 -J {timeline} -o /dev/null {input}
f2c138d8f6aa0a90c89d019f85eaf9bb3efa5edb,macOS-26.5.1-arm64-arm-64bit-Mach-O,images/snake.png,256,medoids-pam,PAM,medoids,medoids:algo=pam:seed=1,9,0.012353,0.012017,0.012548,0.011588000000000001,0.012751000000000002,0.5285355784020076,0.12352895806543529,0.12265708297491074,0.12449999991804361,0.11923862504772842,0.12773995916359127,0.9657556650319284,{img2sixel} --threads=1 --precision=8bit --quality=full '--loaders=libpng!' --quantize-model=medoids:algo=pam:seed=1 -Xoklab -Wgamma --diffusion=none --gpu-policy=off --lookup-policy=none -p 256 -o /dev/null {input},{img2sixel} --threads=1 --precision=8bit --quality=full '--loaders=libpng!' --quantize-model=medoids:algo=pam:seed=1 -Xoklab -Wgamma --diffusion=none --gpu-policy=off --lookup-policy=none -p 256 -J {timeline} -o /dev/null {input}
f2c138d8f6aa0a90c89d019f85eaf9bb3efa5edb,macOS-26.5.1-arm64-arm-64bit-Mach-O,images/snake.png,256,medoids-sample,CLARA,medoids,medoids:algo=sample:seed=1,9,0.010471000000000001,0.010211000000000001,0.010818000000000001,0.009879,0.011171,0.6235316588673478,0.1223918329924345,0.12180858291685581,0.12257850007154047,0.12107287510298193,0.12343941698782146,0.9747283632443021,{img2sixel} --threads=1 --precision=8bit --quality=full '--loaders=libpng!' --quantize-model=medoids:algo=sample:seed=1 -Xoklab -Wgamma --diffusion=none --gpu-policy=off --lookup-policy=none -p 256 -o /dev/null {input},{img2sixel} --threads=1 --precision=8bit --quality=full '--loaders=libpng!' --quantize-model=medoids:algo=sample:seed=1 -Xoklab -Wgamma --diffusion=none --gpu-policy=off --lookup-policy=none -p 256 -J {timeline} -o /dev/null {input}
f2c138d8f6aa0a90c89d019f85eaf9bb3efa5edb,macOS-26.5.1-arm64-arm-64bit-Mach-O,images/snake.png,256,medoids-random,CLARANS,medoids,medoids:algo=random:seed=1,9,0.094954,0.093651,0.09537999999999999,0.09257,0.097112,0.06875960991638057,0.20565475011244416,0.20444250013679266,0.20630287495441735,0.20247379201464355,0.2080882501322776,0.5800925628119828,{img2sixel} --threads=1 --precision=8bit --quality=full '--loaders=libpng!' --quantize-model=medoids:algo=random:seed=1 -Xoklab -Wgamma --diffusion=none --gpu-policy=off --lookup-policy=none -p 256 -o /dev/null {input},{img2sixel} --threads=1 --precision=8bit --quality=full '--loaders=libpng!' --quantize-model=medoids:algo=random:seed=1 -Xoklab -Wgamma --diffusion=none --gpu-policy=off --lookup-policy=none -p 256 -J {timeline} -o /dev/null {input}
f2c138d8f6aa0a90c89d019f85eaf9bb3efa5edb,macOS-26.5.1-arm64-arm-64bit-Mach-O,images/snake.png,256,medoids-bandit,BanditPAM,medoids,medoids:algo=bandit:seed=1,9,0.049696000000000004,0.049454,0.050207,0.048563999999999996,0.051834000000000005,0.1313787830006439,0.16119404113851488,0.1596964169293642,0.16396729182451963,0.15836162492632866,0.1661849580705166,0.7400943000409772,{img2sixel} --threads=1 --precision=8bit --quality=full '--loaders=libpng!' --quantize-model=medoids:algo=bandit:seed=1 -Xoklab -Wgamma --diffusion=none --gpu-policy=off --lookup-policy=none -p 256 -o /dev/null {input},{img2sixel} --threads=1 --precision=8bit --quality=full '--loaders=libpng!' --quantize-model=medoids:algo=bandit:seed=1 -Xoklab -Wgamma --diffusion=none --gpu-policy=off --lookup-policy=none -p 256 -J {timeline} -o /dev/null {input}
f2c138d8f6aa0a90c89d019f85eaf9bb3efa5edb,macOS-26.5.1-arm64-arm-64bit-Mach-O,images/snake.png,256,center-fft,FFT,center,center:algo=fft:seed=1,9,0.0061169999999999974,0.005977,0.006148999999999998,0.005751999999999998,0.006337000000000001,1.0673532777505317,0.11762408306822181,0.1168091669678688,0.11854716716334224,0.11604779213666916,0.12184533290565014,1.0142377983766515,{img2sixel} --threads=1 --precision=8bit --quality=full '--loaders=libpng!' --quantize-model=center:algo=fft:seed=1 -Xoklab -Wgamma --diffusion=none --gpu-policy=off --lookup-policy=none -p 256 -o /dev/null {input},{img2sixel} --threads=1 --precision=8bit --quality=full '--loaders=libpng!' --quantize-model=center:algo=fft:seed=1 -Xoklab -Wgamma --diffusion=none --gpu-policy=off --lookup-policy=none -p 256 -J {timeline} -o /dev/null {input}
f2c138d8f6aa0a90c89d019f85eaf9bb3efa5edb,macOS-26.5.1-arm64-arm-64bit-Mach-O,images/snake.png,256,center-swap,swap,center,center:algo=swap:seed=1,9,0.006174000000000001,0.006099000000000002,0.006377000000000001,0.0055730000000000016,0.006542000000000001,1.0574991901522512,0.11697129090316594,0.11607958399690688,0.11927754199132323,0.11364870890974998,0.12156054098159075,1.0198980461449,{img2sixel} --threads=1 --precision=8bit --quality=full '--loaders=libpng!' --quantize-model=center:algo=swap:seed=1 -Xoklab -Wgamma --diffusion=none --gpu-policy=off --lookup-policy=none -p 256 -o /dev/null {input},{img2sixel} --threads=1 --precision=8bit --quality=full '--loaders=libpng!' --quantize-model=center:algo=swap:seed=1 -Xoklab -Wgamma --diffusion=none --gpu-policy=off --lookup-policy=none -p 256 -J {timeline} -o /dev/null {input}
f2c138d8f6aa0a90c89d019f85eaf9bb3efa5edb,macOS-26.5.1-arm64-arm-64bit-Mach-O,images/snake.png,256,center-hybrid,hybrid,center,center:algo=hybrid:seed=1,9,0.00614,0.006028,0.006449,0.005931000000000002,0.006662999999999999,1.063355048859935,0.11784004210494459,0.11744583281688392,0.11828108294866979,0.1153852918650955,0.11994058289565146,1.0123790599204128,{img2sixel} --threads=1 --precision=8bit --quality=full '--loaders=libpng!' --quantize-model=center:algo=hybrid:seed=1 -Xoklab -Wgamma --diffusion=none --gpu-policy=off --lookup-policy=none -p 256 -o /dev/null {input},{img2sixel} --threads=1 --precision=8bit --quality=full '--loaders=libpng!' --quantize-model=center:algo=hybrid:seed=1 -Xoklab -Wgamma --diffusion=none --gpu-policy=off --lookup-policy=none -p 256 -J {timeline} -o /dev/null {input}
