revision,platform,input,colors,config,label,family,quantize_option,MS-SSIM,Delta E00_mean,command
f2c138d8f6aa0a90c89d019f85eaf9bb3efa5edb,macOS-26.5.1-arm64-arm-64bit-Mach-O,images/snake.png,8,heckbert-compat,compat,heckbert,heckbert:profile=compat,0.808152,12.56455,{img2sixel} --threads=1 --precision=8bit --quality=full '--loaders=libpng!' --quantize-model=heckbert:profile=compat -Xoklab -Wgamma --diffusion=none --gpu-policy=off --lookup-policy=none -p 8 {input}
f2c138d8f6aa0a90c89d019f85eaf9bb3efa5edb,macOS-26.5.1-arm64-arm-64bit-Mach-O,images/snake.png,8,heckbert-speed,speed,heckbert,heckbert:profile=speed,0.808152,12.56455,{img2sixel} --threads=1 --precision=8bit --quality=full '--loaders=libpng!' --quantize-model=heckbert:profile=speed -Xoklab -Wgamma --diffusion=none --gpu-policy=off --lookup-policy=none -p 8 {input}
f2c138d8f6aa0a90c89d019f85eaf9bb3efa5edb,macOS-26.5.1-arm64-arm-64bit-Mach-O,images/snake.png,8,heckbert-quality,quality,heckbert,heckbert:profile=quality,0.916172,5.876852,{img2sixel} --threads=1 --precision=8bit --quality=full '--loaders=libpng!' --quantize-model=heckbert:profile=quality -Xoklab -Wgamma --diffusion=none --gpu-policy=off --lookup-policy=none -p 8 {input}
f2c138d8f6aa0a90c89d019f85eaf9bb3efa5edb,macOS-26.5.1-arm64-arm-64bit-Mach-O,images/snake.png,8,kmeans,k-means,kmeans,kmeans:seed=1,0.893544,6.106351,{img2sixel} --threads=1 --precision=8bit --quality=full '--loaders=libpng!' --quantize-model=kmeans:seed=1 -Xoklab -Wgamma --diffusion=none --gpu-policy=off --lookup-policy=none -p 8 {input}
f2c138d8f6aa0a90c89d019f85eaf9bb3efa5edb,macOS-26.5.1-arm64-arm-64bit-Mach-O,images/snake.png,8,medoids-pam,PAM,medoids,medoids:algo=pam:seed=1,0.904036,6.060239,{img2sixel} --threads=1 --precision=8bit --quality=full '--loaders=libpng!' --quantize-model=medoids:algo=pam:seed=1 -Xoklab -Wgamma --diffusion=none --gpu-policy=off --lookup-policy=none -p 8 {input}
f2c138d8f6aa0a90c89d019f85eaf9bb3efa5edb,macOS-26.5.1-arm64-arm-64bit-Mach-O,images/snake.png,8,medoids-sample,CLARA,medoids,medoids:algo=sample:seed=1,0.916629,5.728244,{img2sixel} --threads=1 --precision=8bit --quality=full '--loaders=libpng!' --quantize-model=medoids:algo=sample:seed=1 -Xoklab -Wgamma --diffusion=none --gpu-policy=off --lookup-policy=none -p 8 {input}
f2c138d8f6aa0a90c89d019f85eaf9bb3efa5edb,macOS-26.5.1-arm64-arm-64bit-Mach-O,images/snake.png,8,medoids-random,CLARANS,medoids,medoids:algo=random:seed=1,0.916629,5.728244,{img2sixel} --threads=1 --precision=8bit --quality=full '--loaders=libpng!' --quantize-model=medoids:algo=random:seed=1 -Xoklab -Wgamma --diffusion=none --gpu-policy=off --lookup-policy=none -p 8 {input}
f2c138d8f6aa0a90c89d019f85eaf9bb3efa5edb,macOS-26.5.1-arm64-arm-64bit-Mach-O,images/snake.png,8,medoids-bandit,BanditPAM,medoids,medoids:algo=bandit:seed=1,0.916629,5.728244,{img2sixel} --threads=1 --precision=8bit --quality=full '--loaders=libpng!' --quantize-model=medoids:algo=bandit:seed=1 -Xoklab -Wgamma --diffusion=none --gpu-policy=off --lookup-policy=none -p 8 {input}
f2c138d8f6aa0a90c89d019f85eaf9bb3efa5edb,macOS-26.5.1-arm64-arm-64bit-Mach-O,images/snake.png,8,center-fft,FFT,center,center:algo=fft:seed=1,0.84813,9.318914,{img2sixel} --threads=1 --precision=8bit --quality=full '--loaders=libpng!' --quantize-model=center:algo=fft:seed=1 -Xoklab -Wgamma --diffusion=none --gpu-policy=off --lookup-policy=none -p 8 {input}
f2c138d8f6aa0a90c89d019f85eaf9bb3efa5edb,macOS-26.5.1-arm64-arm-64bit-Mach-O,images/snake.png,8,center-swap,swap,center,center:algo=swap:seed=1,0.905016,7.363742,{img2sixel} --threads=1 --precision=8bit --quality=full '--loaders=libpng!' --quantize-model=center:algo=swap:seed=1 -Xoklab -Wgamma --diffusion=none --gpu-policy=off --lookup-policy=none -p 8 {input}
f2c138d8f6aa0a90c89d019f85eaf9bb3efa5edb,macOS-26.5.1-arm64-arm-64bit-Mach-O,images/snake.png,8,center-hybrid,hybrid,center,center:algo=hybrid:seed=1,0.890383,6.661191,{img2sixel} --threads=1 --precision=8bit --quality=full '--loaders=libpng!' --quantize-model=center:algo=hybrid:seed=1 -Xoklab -Wgamma --diffusion=none --gpu-policy=off --lookup-policy=none -p 8 {input}
f2c138d8f6aa0a90c89d019f85eaf9bb3efa5edb,macOS-26.5.1-arm64-arm-64bit-Mach-O,images/snake.png,16,heckbert-compat,compat,heckbert,heckbert:profile=compat,0.874587,9.18952,{img2sixel} --threads=1 --precision=8bit --quality=full '--loaders=libpng!' --quantize-model=heckbert:profile=compat -Xoklab -Wgamma --diffusion=none --gpu-policy=off --lookup-policy=none -p 16 {input}
f2c138d8f6aa0a90c89d019f85eaf9bb3efa5edb,macOS-26.5.1-arm64-arm-64bit-Mach-O,images/snake.png,16,heckbert-speed,speed,heckbert,heckbert:profile=speed,0.874587,9.18952,{img2sixel} --threads=1 --precision=8bit --quality=full '--loaders=libpng!' --quantize-model=heckbert:profile=speed -Xoklab -Wgamma --diffusion=none --gpu-policy=off --lookup-policy=none -p 16 {input}
f2c138d8f6aa0a90c89d019f85eaf9bb3efa5edb,macOS-26.5.1-arm64-arm-64bit-Mach-O,images/snake.png,16,heckbert-quality,quality,heckbert,heckbert:profile=quality,0.942221,4.202363,{img2sixel} --threads=1 --precision=8bit --quality=full '--loaders=libpng!' --quantize-model=heckbert:profile=quality -Xoklab -Wgamma --diffusion=none --gpu-policy=off --lookup-policy=none -p 16 {input}
f2c138d8f6aa0a90c89d019f85eaf9bb3efa5edb,macOS-26.5.1-arm64-arm-64bit-Mach-O,images/snake.png,16,kmeans,k-means,kmeans,kmeans:seed=1,0.935376,4.441328,{img2sixel} --threads=1 --precision=8bit --quality=full '--loaders=libpng!' --quantize-model=kmeans:seed=1 -Xoklab -Wgamma --diffusion=none --gpu-policy=off --lookup-policy=none -p 16 {input}
f2c138d8f6aa0a90c89d019f85eaf9bb3efa5edb,macOS-26.5.1-arm64-arm-64bit-Mach-O,images/snake.png,16,medoids-pam,PAM,medoids,medoids:algo=pam:seed=1,0.948693,4.275206,{img2sixel} --threads=1 --precision=8bit --quality=full '--loaders=libpng!' --quantize-model=medoids:algo=pam:seed=1 -Xoklab -Wgamma --diffusion=none --gpu-policy=off --lookup-policy=none -p 16 {input}
f2c138d8f6aa0a90c89d019f85eaf9bb3efa5edb,macOS-26.5.1-arm64-arm-64bit-Mach-O,images/snake.png,16,medoids-sample,CLARA,medoids,medoids:algo=sample:seed=1,0.949627,4.098872,{img2sixel} --threads=1 --precision=8bit --quality=full '--loaders=libpng!' --quantize-model=medoids:algo=sample:seed=1 -Xoklab -Wgamma --diffusion=none --gpu-policy=off --lookup-policy=none -p 16 {input}
f2c138d8f6aa0a90c89d019f85eaf9bb3efa5edb,macOS-26.5.1-arm64-arm-64bit-Mach-O,images/snake.png,16,medoids-random,CLARANS,medoids,medoids:algo=random:seed=1,0.949627,4.098872,{img2sixel} --threads=1 --precision=8bit --quality=full '--loaders=libpng!' --quantize-model=medoids:algo=random:seed=1 -Xoklab -Wgamma --diffusion=none --gpu-policy=off --lookup-policy=none -p 16 {input}
f2c138d8f6aa0a90c89d019f85eaf9bb3efa5edb,macOS-26.5.1-arm64-arm-64bit-Mach-O,images/snake.png,16,medoids-bandit,BanditPAM,medoids,medoids:algo=bandit:seed=1,0.949627,4.098872,{img2sixel} --threads=1 --precision=8bit --quality=full '--loaders=libpng!' --quantize-model=medoids:algo=bandit:seed=1 -Xoklab -Wgamma --diffusion=none --gpu-policy=off --lookup-policy=none -p 16 {input}
f2c138d8f6aa0a90c89d019f85eaf9bb3efa5edb,macOS-26.5.1-arm64-arm-64bit-Mach-O,images/snake.png,16,center-fft,FFT,center,center:algo=fft:seed=1,0.905444,10.387834,{img2sixel} --threads=1 --precision=8bit --quality=full '--loaders=libpng!' --quantize-model=center:algo=fft:seed=1 -Xoklab -Wgamma --diffusion=none --gpu-policy=off --lookup-policy=none -p 16 {input}
f2c138d8f6aa0a90c89d019f85eaf9bb3efa5edb,macOS-26.5.1-arm64-arm-64bit-Mach-O,images/snake.png,16,center-swap,swap,center,center:algo=swap:seed=1,0.916017,5.558051,{img2sixel} --threads=1 --precision=8bit --quality=full '--loaders=libpng!' --quantize-model=center:algo=swap:seed=1 -Xoklab -Wgamma --diffusion=none --gpu-policy=off --lookup-policy=none -p 16 {input}
f2c138d8f6aa0a90c89d019f85eaf9bb3efa5edb,macOS-26.5.1-arm64-arm-64bit-Mach-O,images/snake.png,16,center-hybrid,hybrid,center,center:algo=hybrid:seed=1,0.906317,7.350028,{img2sixel} --threads=1 --precision=8bit --quality=full '--loaders=libpng!' --quantize-model=center:algo=hybrid:seed=1 -Xoklab -Wgamma --diffusion=none --gpu-policy=off --lookup-policy=none -p 16 {input}
f2c138d8f6aa0a90c89d019f85eaf9bb3efa5edb,macOS-26.5.1-arm64-arm-64bit-Mach-O,images/snake.png,32,heckbert-compat,compat,heckbert,heckbert:profile=compat,0.906954,7.383236,{img2sixel} --threads=1 --precision=8bit --quality=full '--loaders=libpng!' --quantize-model=heckbert:profile=compat -Xoklab -Wgamma --diffusion=none --gpu-policy=off --lookup-policy=none -p 32 {input}
f2c138d8f6aa0a90c89d019f85eaf9bb3efa5edb,macOS-26.5.1-arm64-arm-64bit-Mach-O,images/snake.png,32,heckbert-speed,speed,heckbert,heckbert:profile=speed,0.906954,7.383236,{img2sixel} --threads=1 --precision=8bit --quality=full '--loaders=libpng!' --quantize-model=heckbert:profile=speed -Xoklab -Wgamma --diffusion=none --gpu-policy=off --lookup-policy=none -p 32 {input}
f2c138d8f6aa0a90c89d019f85eaf9bb3efa5edb,macOS-26.5.1-arm64-arm-64bit-Mach-O,images/snake.png,32,heckbert-quality,quality,heckbert,heckbert:profile=quality,0.970235,3.202593,{img2sixel} --threads=1 --precision=8bit --quality=full '--loaders=libpng!' --quantize-model=heckbert:profile=quality -Xoklab -Wgamma --diffusion=none --gpu-policy=off --lookup-policy=none -p 32 {input}
f2c138d8f6aa0a90c89d019f85eaf9bb3efa5edb,macOS-26.5.1-arm64-arm-64bit-Mach-O,images/snake.png,32,kmeans,k-means,kmeans,kmeans:seed=1,0.968379,3.237988,{img2sixel} --threads=1 --precision=8bit --quality=full '--loaders=libpng!' --quantize-model=kmeans:seed=1 -Xoklab -Wgamma --diffusion=none --gpu-policy=off --lookup-policy=none -p 32 {input}
f2c138d8f6aa0a90c89d019f85eaf9bb3efa5edb,macOS-26.5.1-arm64-arm-64bit-Mach-O,images/snake.png,32,medoids-pam,PAM,medoids,medoids:algo=pam:seed=1,0.969459,3.345519,{img2sixel} --threads=1 --precision=8bit --quality=full '--loaders=libpng!' --quantize-model=medoids:algo=pam:seed=1 -Xoklab -Wgamma --diffusion=none --gpu-policy=off --lookup-policy=none -p 32 {input}
f2c138d8f6aa0a90c89d019f85eaf9bb3efa5edb,macOS-26.5.1-arm64-arm-64bit-Mach-O,images/snake.png,32,medoids-sample,CLARA,medoids,medoids:algo=sample:seed=1,0.96927,3.273957,{img2sixel} --threads=1 --precision=8bit --quality=full '--loaders=libpng!' --quantize-model=medoids:algo=sample:seed=1 -Xoklab -Wgamma --diffusion=none --gpu-policy=off --lookup-policy=none -p 32 {input}
f2c138d8f6aa0a90c89d019f85eaf9bb3efa5edb,macOS-26.5.1-arm64-arm-64bit-Mach-O,images/snake.png,32,medoids-random,CLARANS,medoids,medoids:algo=random:seed=1,0.96927,3.273957,{img2sixel} --threads=1 --precision=8bit --quality=full '--loaders=libpng!' --quantize-model=medoids:algo=random:seed=1 -Xoklab -Wgamma --diffusion=none --gpu-policy=off --lookup-policy=none -p 32 {input}
f2c138d8f6aa0a90c89d019f85eaf9bb3efa5edb,macOS-26.5.1-arm64-arm-64bit-Mach-O,images/snake.png,32,medoids-bandit,BanditPAM,medoids,medoids:algo=bandit:seed=1,0.96927,3.273957,{img2sixel} --threads=1 --precision=8bit --quality=full '--loaders=libpng!' --quantize-model=medoids:algo=bandit:seed=1 -Xoklab -Wgamma --diffusion=none --gpu-policy=off --lookup-policy=none -p 32 {input}
f2c138d8f6aa0a90c89d019f85eaf9bb3efa5edb,macOS-26.5.1-arm64-arm-64bit-Mach-O,images/snake.png,32,center-fft,FFT,center,center:algo=fft:seed=1,0.929534,8.424787,{img2sixel} --threads=1 --precision=8bit --quality=full '--loaders=libpng!' --quantize-model=center:algo=fft:seed=1 -Xoklab -Wgamma --diffusion=none --gpu-policy=off --lookup-policy=none -p 32 {input}
f2c138d8f6aa0a90c89d019f85eaf9bb3efa5edb,macOS-26.5.1-arm64-arm-64bit-Mach-O,images/snake.png,32,center-swap,swap,center,center:algo=swap:seed=1,0.924697,4.051201,{img2sixel} --threads=1 --precision=8bit --quality=full '--loaders=libpng!' --quantize-model=center:algo=swap:seed=1 -Xoklab -Wgamma --diffusion=none --gpu-policy=off --lookup-policy=none -p 32 {input}
f2c138d8f6aa0a90c89d019f85eaf9bb3efa5edb,macOS-26.5.1-arm64-arm-64bit-Mach-O,images/snake.png,32,center-hybrid,hybrid,center,center:algo=hybrid:seed=1,0.954177,3.959253,{img2sixel} --threads=1 --precision=8bit --quality=full '--loaders=libpng!' --quantize-model=center:algo=hybrid:seed=1 -Xoklab -Wgamma --diffusion=none --gpu-policy=off --lookup-policy=none -p 32 {input}
f2c138d8f6aa0a90c89d019f85eaf9bb3efa5edb,macOS-26.5.1-arm64-arm-64bit-Mach-O,images/snake.png,64,heckbert-compat,compat,heckbert,heckbert:profile=compat,0.949159,5.151648,{img2sixel} --threads=1 --precision=8bit --quality=full '--loaders=libpng!' --quantize-model=heckbert:profile=compat -Xoklab -Wgamma --diffusion=none --gpu-policy=off --lookup-policy=none -p 64 {input}
f2c138d8f6aa0a90c89d019f85eaf9bb3efa5edb,macOS-26.5.1-arm64-arm-64bit-Mach-O,images/snake.png,64,heckbert-speed,speed,heckbert,heckbert:profile=speed,0.949159,5.151648,{img2sixel} --threads=1 --precision=8bit --quality=full '--loaders=libpng!' --quantize-model=heckbert:profile=speed -Xoklab -Wgamma --diffusion=none --gpu-policy=off --lookup-policy=none -p 64 {input}
f2c138d8f6aa0a90c89d019f85eaf9bb3efa5edb,macOS-26.5.1-arm64-arm-64bit-Mach-O,images/snake.png,64,heckbert-quality,quality,heckbert,heckbert:profile=quality,0.982641,2.651901,{img2sixel} --threads=1 --precision=8bit --quality=full '--loaders=libpng!' --quantize-model=heckbert:profile=quality -Xoklab -Wgamma --diffusion=none --gpu-policy=off --lookup-policy=none -p 64 {input}
f2c138d8f6aa0a90c89d019f85eaf9bb3efa5edb,macOS-26.5.1-arm64-arm-64bit-Mach-O,images/snake.png,64,kmeans,k-means,kmeans,kmeans:seed=1,0.979406,2.729795,{img2sixel} --threads=1 --precision=8bit --quality=full '--loaders=libpng!' --quantize-model=kmeans:seed=1 -Xoklab -Wgamma --diffusion=none --gpu-policy=off --lookup-policy=none -p 64 {input}
f2c138d8f6aa0a90c89d019f85eaf9bb3efa5edb,macOS-26.5.1-arm64-arm-64bit-Mach-O,images/snake.png,64,medoids-pam,PAM,medoids,medoids:algo=pam:seed=1,0.976836,2.835263,{img2sixel} --threads=1 --precision=8bit --quality=full '--loaders=libpng!' --quantize-model=medoids:algo=pam:seed=1 -Xoklab -Wgamma --diffusion=none --gpu-policy=off --lookup-policy=none -p 64 {input}
f2c138d8f6aa0a90c89d019f85eaf9bb3efa5edb,macOS-26.5.1-arm64-arm-64bit-Mach-O,images/snake.png,64,medoids-sample,CLARA,medoids,medoids:algo=sample:seed=1,0.976808,2.835993,{img2sixel} --threads=1 --precision=8bit --quality=full '--loaders=libpng!' --quantize-model=medoids:algo=sample:seed=1 -Xoklab -Wgamma --diffusion=none --gpu-policy=off --lookup-policy=none -p 64 {input}
f2c138d8f6aa0a90c89d019f85eaf9bb3efa5edb,macOS-26.5.1-arm64-arm-64bit-Mach-O,images/snake.png,64,medoids-random,CLARANS,medoids,medoids:algo=random:seed=1,0.976808,2.835993,{img2sixel} --threads=1 --precision=8bit --quality=full '--loaders=libpng!' --quantize-model=medoids:algo=random:seed=1 -Xoklab -Wgamma --diffusion=none --gpu-policy=off --lookup-policy=none -p 64 {input}
f2c138d8f6aa0a90c89d019f85eaf9bb3efa5edb,macOS-26.5.1-arm64-arm-64bit-Mach-O,images/snake.png,64,medoids-bandit,BanditPAM,medoids,medoids:algo=bandit:seed=1,0.976808,2.835993,{img2sixel} --threads=1 --precision=8bit --quality=full '--loaders=libpng!' --quantize-model=medoids:algo=bandit:seed=1 -Xoklab -Wgamma --diffusion=none --gpu-policy=off --lookup-policy=none -p 64 {input}
f2c138d8f6aa0a90c89d019f85eaf9bb3efa5edb,macOS-26.5.1-arm64-arm-64bit-Mach-O,images/snake.png,64,center-fft,FFT,center,center:algo=fft:seed=1,0.944047,4.719311,{img2sixel} --threads=1 --precision=8bit --quality=full '--loaders=libpng!' --quantize-model=center:algo=fft:seed=1 -Xoklab -Wgamma --diffusion=none --gpu-policy=off --lookup-policy=none -p 64 {input}
f2c138d8f6aa0a90c89d019f85eaf9bb3efa5edb,macOS-26.5.1-arm64-arm-64bit-Mach-O,images/snake.png,64,center-swap,swap,center,center:algo=swap:seed=1,0.963054,3.11914,{img2sixel} --threads=1 --precision=8bit --quality=full '--loaders=libpng!' --quantize-model=center:algo=swap:seed=1 -Xoklab -Wgamma --diffusion=none --gpu-policy=off --lookup-policy=none -p 64 {input}
f2c138d8f6aa0a90c89d019f85eaf9bb3efa5edb,macOS-26.5.1-arm64-arm-64bit-Mach-O,images/snake.png,64,center-hybrid,hybrid,center,center:algo=hybrid:seed=1,0.958284,3.36515,{img2sixel} --threads=1 --precision=8bit --quality=full '--loaders=libpng!' --quantize-model=center:algo=hybrid:seed=1 -Xoklab -Wgamma --diffusion=none --gpu-policy=off --lookup-policy=none -p 64 {input}
f2c138d8f6aa0a90c89d019f85eaf9bb3efa5edb,macOS-26.5.1-arm64-arm-64bit-Mach-O,images/snake.png,128,heckbert-compat,compat,heckbert,heckbert:profile=compat,0.973461,3.221883,{img2sixel} --threads=1 --precision=8bit --quality=full '--loaders=libpng!' --quantize-model=heckbert:profile=compat -Xoklab -Wgamma --diffusion=none --gpu-policy=off --lookup-policy=none -p 128 {input}
f2c138d8f6aa0a90c89d019f85eaf9bb3efa5edb,macOS-26.5.1-arm64-arm-64bit-Mach-O,images/snake.png,128,heckbert-speed,speed,heckbert,heckbert:profile=speed,0.973461,3.221883,{img2sixel} --threads=1 --precision=8bit --quality=full '--loaders=libpng!' --quantize-model=heckbert:profile=speed -Xoklab -Wgamma --diffusion=none --gpu-policy=off --lookup-policy=none -p 128 {input}
f2c138d8f6aa0a90c89d019f85eaf9bb3efa5edb,macOS-26.5.1-arm64-arm-64bit-Mach-O,images/snake.png,128,heckbert-quality,quality,heckbert,heckbert:profile=quality,0.988012,2.188846,{img2sixel} --threads=1 --precision=8bit --quality=full '--loaders=libpng!' --quantize-model=heckbert:profile=quality -Xoklab -Wgamma --diffusion=none --gpu-policy=off --lookup-policy=none -p 128 {input}
f2c138d8f6aa0a90c89d019f85eaf9bb3efa5edb,macOS-26.5.1-arm64-arm-64bit-Mach-O,images/snake.png,128,kmeans,k-means,kmeans,kmeans:seed=1,0.985829,2.308347,{img2sixel} --threads=1 --precision=8bit --quality=full '--loaders=libpng!' --quantize-model=kmeans:seed=1 -Xoklab -Wgamma --diffusion=none --gpu-policy=off --lookup-policy=none -p 128 {input}
f2c138d8f6aa0a90c89d019f85eaf9bb3efa5edb,macOS-26.5.1-arm64-arm-64bit-Mach-O,images/snake.png,128,medoids-pam,PAM,medoids,medoids:algo=pam:seed=1,0.979839,2.571262,{img2sixel} --threads=1 --precision=8bit --quality=full '--loaders=libpng!' --quantize-model=medoids:algo=pam:seed=1 -Xoklab -Wgamma --diffusion=none --gpu-policy=off --lookup-policy=none -p 128 {input}
f2c138d8f6aa0a90c89d019f85eaf9bb3efa5edb,macOS-26.5.1-arm64-arm-64bit-Mach-O,images/snake.png,128,medoids-sample,CLARA,medoids,medoids:algo=sample:seed=1,0.979927,2.587265,{img2sixel} --threads=1 --precision=8bit --quality=full '--loaders=libpng!' --quantize-model=medoids:algo=sample:seed=1 -Xoklab -Wgamma --diffusion=none --gpu-policy=off --lookup-policy=none -p 128 {input}
f2c138d8f6aa0a90c89d019f85eaf9bb3efa5edb,macOS-26.5.1-arm64-arm-64bit-Mach-O,images/snake.png,128,medoids-random,CLARANS,medoids,medoids:algo=random:seed=1,0.979924,2.588217,{img2sixel} --threads=1 --precision=8bit --quality=full '--loaders=libpng!' --quantize-model=medoids:algo=random:seed=1 -Xoklab -Wgamma --diffusion=none --gpu-policy=off --lookup-policy=none -p 128 {input}
f2c138d8f6aa0a90c89d019f85eaf9bb3efa5edb,macOS-26.5.1-arm64-arm-64bit-Mach-O,images/snake.png,128,medoids-bandit,BanditPAM,medoids,medoids:algo=bandit:seed=1,0.979833,2.577725,{img2sixel} --threads=1 --precision=8bit --quality=full '--loaders=libpng!' --quantize-model=medoids:algo=bandit:seed=1 -Xoklab -Wgamma --diffusion=none --gpu-policy=off --lookup-policy=none -p 128 {input}
f2c138d8f6aa0a90c89d019f85eaf9bb3efa5edb,macOS-26.5.1-arm64-arm-64bit-Mach-O,images/snake.png,128,center-fft,FFT,center,center:algo=fft:seed=1,0.965239,3.809325,{img2sixel} --threads=1 --precision=8bit --quality=full '--loaders=libpng!' --quantize-model=center:algo=fft:seed=1 -Xoklab -Wgamma --diffusion=none --gpu-policy=off --lookup-policy=none -p 128 {input}
f2c138d8f6aa0a90c89d019f85eaf9bb3efa5edb,macOS-26.5.1-arm64-arm-64bit-Mach-O,images/snake.png,128,center-swap,swap,center,center:algo=swap:seed=1,0.971184,2.88942,{img2sixel} --threads=1 --precision=8bit --quality=full '--loaders=libpng!' --quantize-model=center:algo=swap:seed=1 -Xoklab -Wgamma --diffusion=none --gpu-policy=off --lookup-policy=none -p 128 {input}
f2c138d8f6aa0a90c89d019f85eaf9bb3efa5edb,macOS-26.5.1-arm64-arm-64bit-Mach-O,images/snake.png,128,center-hybrid,hybrid,center,center:algo=hybrid:seed=1,0.965248,3.80924,{img2sixel} --threads=1 --precision=8bit --quality=full '--loaders=libpng!' --quantize-model=center:algo=hybrid:seed=1 -Xoklab -Wgamma --diffusion=none --gpu-policy=off --lookup-policy=none -p 128 {input}
f2c138d8f6aa0a90c89d019f85eaf9bb3efa5edb,macOS-26.5.1-arm64-arm-64bit-Mach-O,images/snake.png,256,heckbert-compat,compat,heckbert,heckbert:profile=compat,0.982664,2.564544,{img2sixel} --threads=1 --precision=8bit --quality=full '--loaders=libpng!' --quantize-model=heckbert:profile=compat -Xoklab -Wgamma --diffusion=none --gpu-policy=off --lookup-policy=none -p 256 {input}
f2c138d8f6aa0a90c89d019f85eaf9bb3efa5edb,macOS-26.5.1-arm64-arm-64bit-Mach-O,images/snake.png,256,heckbert-speed,speed,heckbert,heckbert:profile=speed,0.982664,2.564544,{img2sixel} --threads=1 --precision=8bit --quality=full '--loaders=libpng!' --quantize-model=heckbert:profile=speed -Xoklab -Wgamma --diffusion=none --gpu-policy=off --lookup-policy=none -p 256 {input}
f2c138d8f6aa0a90c89d019f85eaf9bb3efa5edb,macOS-26.5.1-arm64-arm-64bit-Mach-O,images/snake.png,256,heckbert-quality,quality,heckbert,heckbert:profile=quality,0.991854,1.861147,{img2sixel} --threads=1 --precision=8bit --quality=full '--loaders=libpng!' --quantize-model=heckbert:profile=quality -Xoklab -Wgamma --diffusion=none --gpu-policy=off --lookup-policy=none -p 256 {input}
f2c138d8f6aa0a90c89d019f85eaf9bb3efa5edb,macOS-26.5.1-arm64-arm-64bit-Mach-O,images/snake.png,256,kmeans,k-means,kmeans,kmeans:seed=1,0.988623,1.941093,{img2sixel} --threads=1 --precision=8bit --quality=full '--loaders=libpng!' --quantize-model=kmeans:seed=1 -Xoklab -Wgamma --diffusion=none --gpu-policy=off --lookup-policy=none -p 256 {input}
f2c138d8f6aa0a90c89d019f85eaf9bb3efa5edb,macOS-26.5.1-arm64-arm-64bit-Mach-O,images/snake.png,256,medoids-pam,PAM,medoids,medoids:algo=pam:seed=1,0.981321,2.45375,{img2sixel} --threads=1 --precision=8bit --quality=full '--loaders=libpng!' --quantize-model=medoids:algo=pam:seed=1 -Xoklab -Wgamma --diffusion=none --gpu-policy=off --lookup-policy=none -p 256 {input}
f2c138d8f6aa0a90c89d019f85eaf9bb3efa5edb,macOS-26.5.1-arm64-arm-64bit-Mach-O,images/snake.png,256,medoids-sample,CLARA,medoids,medoids:algo=sample:seed=1,0.981305,2.4536,{img2sixel} --threads=1 --precision=8bit --quality=full '--loaders=libpng!' --quantize-model=medoids:algo=sample:seed=1 -Xoklab -Wgamma --diffusion=none --gpu-policy=off --lookup-policy=none -p 256 {input}
f2c138d8f6aa0a90c89d019f85eaf9bb3efa5edb,macOS-26.5.1-arm64-arm-64bit-Mach-O,images/snake.png,256,medoids-random,CLARANS,medoids,medoids:algo=random:seed=1,0.981342,2.450882,{img2sixel} --threads=1 --precision=8bit --quality=full '--loaders=libpng!' --quantize-model=medoids:algo=random:seed=1 -Xoklab -Wgamma --diffusion=none --gpu-policy=off --lookup-policy=none -p 256 {input}
f2c138d8f6aa0a90c89d019f85eaf9bb3efa5edb,macOS-26.5.1-arm64-arm-64bit-Mach-O,images/snake.png,256,medoids-bandit,BanditPAM,medoids,medoids:algo=bandit:seed=1,0.981313,2.452887,{img2sixel} --threads=1 --precision=8bit --quality=full '--loaders=libpng!' --quantize-model=medoids:algo=bandit:seed=1 -Xoklab -Wgamma --diffusion=none --gpu-policy=off --lookup-policy=none -p 256 {input}
f2c138d8f6aa0a90c89d019f85eaf9bb3efa5edb,macOS-26.5.1-arm64-arm-64bit-Mach-O,images/snake.png,256,center-fft,FFT,center,center:algo=fft:seed=1,0.982333,2.353646,{img2sixel} --threads=1 --precision=8bit --quality=full '--loaders=libpng!' --quantize-model=center:algo=fft:seed=1 -Xoklab -Wgamma --diffusion=none --gpu-policy=off --lookup-policy=none -p 256 {input}
f2c138d8f6aa0a90c89d019f85eaf9bb3efa5edb,macOS-26.5.1-arm64-arm-64bit-Mach-O,images/snake.png,256,center-swap,swap,center,center:algo=swap:seed=1,0.982299,2.340233,{img2sixel} --threads=1 --precision=8bit --quality=full '--loaders=libpng!' --quantize-model=center:algo=swap:seed=1 -Xoklab -Wgamma --diffusion=none --gpu-policy=off --lookup-policy=none -p 256 {input}
f2c138d8f6aa0a90c89d019f85eaf9bb3efa5edb,macOS-26.5.1-arm64-arm-64bit-Mach-O,images/snake.png,256,center-hybrid,hybrid,center,center:algo=hybrid:seed=1,0.982333,2.353646,{img2sixel} --threads=1 --precision=8bit --quality=full '--loaders=libpng!' --quantize-model=center:algo=hybrid:seed=1 -Xoklab -Wgamma --diffusion=none --gpu-policy=off --lookup-policy=none -p 256 {input}
