revision,platform,comparison,input,colors,variant,policy,threads,gpu_policy,shared_instance,runs,median_seconds,q1_seconds,q3_seconds,min_seconds,max_seconds,command
c33493faa3bd17859b1f1fefbb4d534462f9d831,macOS-26.5.1-arm64-arm-64bit-Mach-O,shared_instance,images/snake.png,8,5bit S0,5bit,8,off,0,9,0.048573125153779984,0.047043834114447236,0.04888845793902874,0.046626332914456725,0.049824707908555865,{img2sixel} --threads=8 --precision=8bit --quality=full '--loaders=libpng!' --quantize-model=kmeans:merge=ward:seed=1 -Xoklab -Wgamma --diffusion=none:band_overwrap=0 --gpu-policy=off --lookup-policy=5bit:shared_instance=0 -p 8 -o /dev/null {input}
c33493faa3bd17859b1f1fefbb4d534462f9d831,macOS-26.5.1-arm64-arm-64bit-Mach-O,shared_instance,images/snake.png,8,5bit S1,5bit,8,off,1,9,0.048317041946575046,0.04708808404393494,0.04928766586817801,0.046667708083987236,0.05068499990738928,{img2sixel} --threads=8 --precision=8bit --quality=full '--loaders=libpng!' --quantize-model=kmeans:merge=ward:seed=1 -Xoklab -Wgamma --diffusion=none:band_overwrap=0 --gpu-policy=off --lookup-policy=5bit:shared_instance=1 -p 8 -o /dev/null {input}
c33493faa3bd17859b1f1fefbb4d534462f9d831,macOS-26.5.1-arm64-arm-64bit-Mach-O,shared_instance,images/snake.png,8,6bit S0,6bit,8,off,0,9,0.048622458009049296,0.048168458975851536,0.04893650021404028,0.04586329194717109,0.049536915961652994,{img2sixel} --threads=8 --precision=8bit --quality=full '--loaders=libpng!' --quantize-model=kmeans:merge=ward:seed=1 -Xoklab -Wgamma --diffusion=none:band_overwrap=0 --gpu-policy=off --lookup-policy=6bit:shared_instance=0 -p 8 -o /dev/null {input}
c33493faa3bd17859b1f1fefbb4d534462f9d831,macOS-26.5.1-arm64-arm-64bit-Mach-O,shared_instance,images/snake.png,8,6bit S1,6bit,8,off,1,9,0.04824399994686246,0.04798887483775616,0.049123500008136034,0.046962167136371136,0.05008441582322121,{img2sixel} --threads=8 --precision=8bit --quality=full '--loaders=libpng!' --quantize-model=kmeans:merge=ward:seed=1 -Xoklab -Wgamma --diffusion=none:band_overwrap=0 --gpu-policy=off --lookup-policy=6bit:shared_instance=1 -p 8 -o /dev/null {input}
c33493faa3bd17859b1f1fefbb4d534462f9d831,macOS-26.5.1-arm64-arm-64bit-Mach-O,shared_instance,images/snake.png,8,certlut S0,certlut,8,off,0,9,0.04926812509074807,0.048354874830693007,0.049510749988257885,0.047319875098764896,0.0518049169331789,{img2sixel} --threads=8 --precision=8bit --quality=full '--loaders=libpng!' --quantize-model=kmeans:merge=ward:seed=1 -Xoklab -Wgamma --diffusion=none:band_overwrap=0 --gpu-policy=off --lookup-policy=certlut:shared_instance=0 -p 8 -o /dev/null {input}
c33493faa3bd17859b1f1fefbb4d534462f9d831,macOS-26.5.1-arm64-arm-64bit-Mach-O,shared_instance,images/snake.png,8,certlut S1,certlut,8,off,1,9,0.049347625114023685,0.048106875037774444,0.05035445909015834,0.04773679096251726,0.051055666990578175,{img2sixel} --threads=8 --precision=8bit --quality=full '--loaders=libpng!' --quantize-model=kmeans:merge=ward:seed=1 -Xoklab -Wgamma --diffusion=none:band_overwrap=0 --gpu-policy=off --lookup-policy=certlut:shared_instance=1 -p 8 -o /dev/null {input}
c33493faa3bd17859b1f1fefbb4d534462f9d831,macOS-26.5.1-arm64-arm-64bit-Mach-O,shared_instance,images/snake.png,16,5bit S0,5bit,8,off,0,9,0.04988041706383228,0.0495450000744313,0.05081299995072186,0.04810304194688797,0.05405766703188419,{img2sixel} --threads=8 --precision=8bit --quality=full '--loaders=libpng!' --quantize-model=kmeans:merge=ward:seed=1 -Xoklab -Wgamma --diffusion=none:band_overwrap=0 --gpu-policy=off --lookup-policy=5bit:shared_instance=0 -p 16 -o /dev/null {input}
c33493faa3bd17859b1f1fefbb4d534462f9d831,macOS-26.5.1-arm64-arm-64bit-Mach-O,shared_instance,images/snake.png,16,5bit S1,5bit,8,off,1,9,0.0489219578448683,0.04831745894625783,0.05065404181368649,0.04758708388544619,0.05281675001606345,{img2sixel} --threads=8 --precision=8bit --quality=full '--loaders=libpng!' --quantize-model=kmeans:merge=ward:seed=1 -Xoklab -Wgamma --diffusion=none:band_overwrap=0 --gpu-policy=off --lookup-policy=5bit:shared_instance=1 -p 16 -o /dev/null {input}
c33493faa3bd17859b1f1fefbb4d534462f9d831,macOS-26.5.1-arm64-arm-64bit-Mach-O,shared_instance,images/snake.png,16,6bit S0,6bit,8,off,0,9,0.04883837513625622,0.04854887491092086,0.050030665937811136,0.04800633294507861,0.055246208095923066,{img2sixel} --threads=8 --precision=8bit --quality=full '--loaders=libpng!' --quantize-model=kmeans:merge=ward:seed=1 -Xoklab -Wgamma --diffusion=none:band_overwrap=0 --gpu-policy=off --lookup-policy=6bit:shared_instance=0 -p 16 -o /dev/null {input}
c33493faa3bd17859b1f1fefbb4d534462f9d831,macOS-26.5.1-arm64-arm-64bit-Mach-O,shared_instance,images/snake.png,16,6bit S1,6bit,8,off,1,9,0.04882841696962714,0.04857824998907745,0.05269354209303856,0.0468189581297338,0.053611707873642445,{img2sixel} --threads=8 --precision=8bit --quality=full '--loaders=libpng!' --quantize-model=kmeans:merge=ward:seed=1 -Xoklab -Wgamma --diffusion=none:band_overwrap=0 --gpu-policy=off --lookup-policy=6bit:shared_instance=1 -p 16 -o /dev/null {input}
c33493faa3bd17859b1f1fefbb4d534462f9d831,macOS-26.5.1-arm64-arm-64bit-Mach-O,shared_instance,images/snake.png,16,certlut S0,certlut,8,off,0,9,0.05018162517808378,0.049968792125582695,0.05271362513303757,0.04894429096020758,0.054619957925751805,{img2sixel} --threads=8 --precision=8bit --quality=full '--loaders=libpng!' --quantize-model=kmeans:merge=ward:seed=1 -Xoklab -Wgamma --diffusion=none:band_overwrap=0 --gpu-policy=off --lookup-policy=certlut:shared_instance=0 -p 16 -o /dev/null {input}
c33493faa3bd17859b1f1fefbb4d534462f9d831,macOS-26.5.1-arm64-arm-64bit-Mach-O,shared_instance,images/snake.png,16,certlut S1,certlut,8,off,1,9,0.05080254189670086,0.050491500180214643,0.0526741670910269,0.04937237501144409,0.056306958897039294,{img2sixel} --threads=8 --precision=8bit --quality=full '--loaders=libpng!' --quantize-model=kmeans:merge=ward:seed=1 -Xoklab -Wgamma --diffusion=none:band_overwrap=0 --gpu-policy=off --lookup-policy=certlut:shared_instance=1 -p 16 -o /dev/null {input}
c33493faa3bd17859b1f1fefbb4d534462f9d831,macOS-26.5.1-arm64-arm-64bit-Mach-O,shared_instance,images/snake.png,32,5bit S0,5bit,8,off,0,9,0.0519313330296427,0.04992654197849333,0.05231637507677078,0.04943575011566281,0.05263675004243851,{img2sixel} --threads=8 --precision=8bit --quality=full '--loaders=libpng!' --quantize-model=kmeans:merge=ward:seed=1 -Xoklab -Wgamma --diffusion=none:band_overwrap=0 --gpu-policy=off --lookup-policy=5bit:shared_instance=0 -p 32 -o /dev/null {input}
c33493faa3bd17859b1f1fefbb4d534462f9d831,macOS-26.5.1-arm64-arm-64bit-Mach-O,shared_instance,images/snake.png,32,5bit S1,5bit,8,off,1,9,0.05049875006079674,0.049026458989828825,0.051431375090032816,0.04876458295620978,0.05265658418647945,{img2sixel} --threads=8 --precision=8bit --quality=full '--loaders=libpng!' --quantize-model=kmeans:merge=ward:seed=1 -Xoklab -Wgamma --diffusion=none:band_overwrap=0 --gpu-policy=off --lookup-policy=5bit:shared_instance=1 -p 32 -o /dev/null {input}
c33493faa3bd17859b1f1fefbb4d534462f9d831,macOS-26.5.1-arm64-arm-64bit-Mach-O,shared_instance,images/snake.png,32,6bit S0,6bit,8,off,0,9,0.05101116606965661,0.049490290926769376,0.051358583848923445,0.04816916584968567,0.05221441690810025,{img2sixel} --threads=8 --precision=8bit --quality=full '--loaders=libpng!' --quantize-model=kmeans:merge=ward:seed=1 -Xoklab -Wgamma --diffusion=none:band_overwrap=0 --gpu-policy=off --lookup-policy=6bit:shared_instance=0 -p 32 -o /dev/null {input}
c33493faa3bd17859b1f1fefbb4d534462f9d831,macOS-26.5.1-arm64-arm-64bit-Mach-O,shared_instance,images/snake.png,32,6bit S1,6bit,8,off,1,9,0.05021670903079212,0.049304625019431114,0.05091483402065933,0.049067124957218766,0.05176941701211035,{img2sixel} --threads=8 --precision=8bit --quality=full '--loaders=libpng!' --quantize-model=kmeans:merge=ward:seed=1 -Xoklab -Wgamma --diffusion=none:band_overwrap=0 --gpu-policy=off --lookup-policy=6bit:shared_instance=1 -p 32 -o /dev/null {input}
c33493faa3bd17859b1f1fefbb4d534462f9d831,macOS-26.5.1-arm64-arm-64bit-Mach-O,shared_instance,images/snake.png,32,certlut S0,certlut,8,off,0,9,0.05287058302201331,0.05220579192973673,0.05441495799459517,0.05142175010405481,0.05686008301563561,{img2sixel} --threads=8 --precision=8bit --quality=full '--loaders=libpng!' --quantize-model=kmeans:merge=ward:seed=1 -Xoklab -Wgamma --diffusion=none:band_overwrap=0 --gpu-policy=off --lookup-policy=certlut:shared_instance=0 -p 32 -o /dev/null {input}
c33493faa3bd17859b1f1fefbb4d534462f9d831,macOS-26.5.1-arm64-arm-64bit-Mach-O,shared_instance,images/snake.png,32,certlut S1,certlut,8,off,1,9,0.05346937500871718,0.05194583302363753,0.054307542042806745,0.05174499982967973,0.054713709047064185,{img2sixel} --threads=8 --precision=8bit --quality=full '--loaders=libpng!' --quantize-model=kmeans:merge=ward:seed=1 -Xoklab -Wgamma --diffusion=none:band_overwrap=0 --gpu-policy=off --lookup-policy=certlut:shared_instance=1 -p 32 -o /dev/null {input}
c33493faa3bd17859b1f1fefbb4d534462f9d831,macOS-26.5.1-arm64-arm-64bit-Mach-O,shared_instance,images/snake.png,64,5bit S0,5bit,8,off,0,9,0.05416691699065268,0.05345445917919278,0.054907666984945536,0.053130957996472716,0.055422416888177395,{img2sixel} --threads=8 --precision=8bit --quality=full '--loaders=libpng!' --quantize-model=kmeans:merge=ward:seed=1 -Xoklab -Wgamma --diffusion=none:band_overwrap=0 --gpu-policy=off --lookup-policy=5bit:shared_instance=0 -p 64 -o /dev/null {input}
c33493faa3bd17859b1f1fefbb4d534462f9d831,macOS-26.5.1-arm64-arm-64bit-Mach-O,shared_instance,images/snake.png,64,5bit S1,5bit,8,off,1,9,0.05443162494339049,0.05376491695642471,0.0547781668137759,0.052931625163182616,0.06363500002771616,{img2sixel} --threads=8 --precision=8bit --quality=full '--loaders=libpng!' --quantize-model=kmeans:merge=ward:seed=1 -Xoklab -Wgamma --diffusion=none:band_overwrap=0 --gpu-policy=off --lookup-policy=5bit:shared_instance=1 -p 64 -o /dev/null {input}
c33493faa3bd17859b1f1fefbb4d534462f9d831,macOS-26.5.1-arm64-arm-64bit-Mach-O,shared_instance,images/snake.png,64,6bit S0,6bit,8,off,0,9,0.05291370884515345,0.05215199990198016,0.053339249920099974,0.051860125036910176,0.05560845788568258,{img2sixel} --threads=8 --precision=8bit --quality=full '--loaders=libpng!' --quantize-model=kmeans:merge=ward:seed=1 -Xoklab -Wgamma --diffusion=none:band_overwrap=0 --gpu-policy=off --lookup-policy=6bit:shared_instance=0 -p 64 -o /dev/null {input}
c33493faa3bd17859b1f1fefbb4d534462f9d831,macOS-26.5.1-arm64-arm-64bit-Mach-O,shared_instance,images/snake.png,64,6bit S1,6bit,8,off,1,9,0.05370179214514792,0.05287975003011525,0.05389137496240437,0.052173584001138806,0.055468790931627154,{img2sixel} --threads=8 --precision=8bit --quality=full '--loaders=libpng!' --quantize-model=kmeans:merge=ward:seed=1 -Xoklab -Wgamma --diffusion=none:band_overwrap=0 --gpu-policy=off --lookup-policy=6bit:shared_instance=1 -p 64 -o /dev/null {input}
c33493faa3bd17859b1f1fefbb4d534462f9d831,macOS-26.5.1-arm64-arm-64bit-Mach-O,shared_instance,images/snake.png,64,certlut S0,certlut,8,off,0,9,0.05726579204201698,0.05619641696102917,0.05774029181338847,0.055188124999403954,0.05820429208688438,{img2sixel} --threads=8 --precision=8bit --quality=full '--loaders=libpng!' --quantize-model=kmeans:merge=ward:seed=1 -Xoklab -Wgamma --diffusion=none:band_overwrap=0 --gpu-policy=off --lookup-policy=certlut:shared_instance=0 -p 64 -o /dev/null {input}
c33493faa3bd17859b1f1fefbb4d534462f9d831,macOS-26.5.1-arm64-arm-64bit-Mach-O,shared_instance,images/snake.png,64,certlut S1,certlut,8,off,1,9,0.05619087512604892,0.05583908292464912,0.05756766605190933,0.054803499951958656,0.0620535418856889,{img2sixel} --threads=8 --precision=8bit --quality=full '--loaders=libpng!' --quantize-model=kmeans:merge=ward:seed=1 -Xoklab -Wgamma --diffusion=none:band_overwrap=0 --gpu-policy=off --lookup-policy=certlut:shared_instance=1 -p 64 -o /dev/null {input}
c33493faa3bd17859b1f1fefbb4d534462f9d831,macOS-26.5.1-arm64-arm-64bit-Mach-O,shared_instance,images/snake.png,128,5bit S0,5bit,8,off,0,9,0.06644579186104238,0.06601925007998943,0.06943066697567701,0.06572533305734396,0.07121420791372657,{img2sixel} --threads=8 --precision=8bit --quality=full '--loaders=libpng!' --quantize-model=kmeans:merge=ward:seed=1 -Xoklab -Wgamma --diffusion=none:band_overwrap=0 --gpu-policy=off --lookup-policy=5bit:shared_instance=0 -p 128 -o /dev/null {input}
c33493faa3bd17859b1f1fefbb4d534462f9d831,macOS-26.5.1-arm64-arm-64bit-Mach-O,shared_instance,images/snake.png,128,5bit S1,5bit,8,off,1,9,0.0667550410144031,0.06609595799818635,0.06817100010812283,0.06544116605073214,0.07246316689997911,{img2sixel} --threads=8 --precision=8bit --quality=full '--loaders=libpng!' --quantize-model=kmeans:merge=ward:seed=1 -Xoklab -Wgamma --diffusion=none:band_overwrap=0 --gpu-policy=off --lookup-policy=5bit:shared_instance=1 -p 128 -o /dev/null {input}
c33493faa3bd17859b1f1fefbb4d534462f9d831,macOS-26.5.1-arm64-arm-64bit-Mach-O,shared_instance,images/snake.png,128,6bit S0,6bit,8,off,0,9,0.0670461249537766,0.06613529101014137,0.06980883399955928,0.06550424988381565,0.0715414579026401,{img2sixel} --threads=8 --precision=8bit --quality=full '--loaders=libpng!' --quantize-model=kmeans:merge=ward:seed=1 -Xoklab -Wgamma --diffusion=none:band_overwrap=0 --gpu-policy=off --lookup-policy=6bit:shared_instance=0 -p 128 -o /dev/null {input}
c33493faa3bd17859b1f1fefbb4d534462f9d831,macOS-26.5.1-arm64-arm-64bit-Mach-O,shared_instance,images/snake.png,128,6bit S1,6bit,8,off,1,9,0.06750708306208253,0.0664328751154244,0.06864833296276629,0.06560541689395905,0.07222862495109439,{img2sixel} --threads=8 --precision=8bit --quality=full '--loaders=libpng!' --quantize-model=kmeans:merge=ward:seed=1 -Xoklab -Wgamma --diffusion=none:band_overwrap=0 --gpu-policy=off --lookup-policy=6bit:shared_instance=1 -p 128 -o /dev/null {input}
c33493faa3bd17859b1f1fefbb4d534462f9d831,macOS-26.5.1-arm64-arm-64bit-Mach-O,shared_instance,images/snake.png,128,certlut S0,certlut,8,off,0,9,0.06931491708382964,0.06837975000962615,0.07138937502168119,0.06621170789003372,0.07285354100167751,{img2sixel} --threads=8 --precision=8bit --quality=full '--loaders=libpng!' --quantize-model=kmeans:merge=ward:seed=1 -Xoklab -Wgamma --diffusion=none:band_overwrap=0 --gpu-policy=off --lookup-policy=certlut:shared_instance=0 -p 128 -o /dev/null {input}
c33493faa3bd17859b1f1fefbb4d534462f9d831,macOS-26.5.1-arm64-arm-64bit-Mach-O,shared_instance,images/snake.png,128,certlut S1,certlut,8,off,1,9,0.06730979098938406,0.06718112505041063,0.06805979181081057,0.06700462498702109,0.07333883317187428,{img2sixel} --threads=8 --precision=8bit --quality=full '--loaders=libpng!' --quantize-model=kmeans:merge=ward:seed=1 -Xoklab -Wgamma --diffusion=none:band_overwrap=0 --gpu-policy=off --lookup-policy=certlut:shared_instance=1 -p 128 -o /dev/null {input}
c33493faa3bd17859b1f1fefbb4d534462f9d831,macOS-26.5.1-arm64-arm-64bit-Mach-O,shared_instance,images/snake.png,256,5bit S0,5bit,8,off,0,9,0.08294949983246624,0.08149204100482166,0.08426779112778604,0.08015887509100139,0.08752087503671646,{img2sixel} --threads=8 --precision=8bit --quality=full '--loaders=libpng!' --quantize-model=kmeans:merge=ward:seed=1 -Xoklab -Wgamma --diffusion=none:band_overwrap=0 --gpu-policy=off --lookup-policy=5bit:shared_instance=0 -p 256 -o /dev/null {input}
c33493faa3bd17859b1f1fefbb4d534462f9d831,macOS-26.5.1-arm64-arm-64bit-Mach-O,shared_instance,images/snake.png,256,5bit S1,5bit,8,off,1,9,0.08203270798549056,0.08122658287175,0.08406625012867153,0.08075550012290478,0.08726008399389684,{img2sixel} --threads=8 --precision=8bit --quality=full '--loaders=libpng!' --quantize-model=kmeans:merge=ward:seed=1 -Xoklab -Wgamma --diffusion=none:band_overwrap=0 --gpu-policy=off --lookup-policy=5bit:shared_instance=1 -p 256 -o /dev/null {input}
c33493faa3bd17859b1f1fefbb4d534462f9d831,macOS-26.5.1-arm64-arm-64bit-Mach-O,shared_instance,images/snake.png,256,6bit S0,6bit,8,off,0,9,0.08259424986317754,0.08139191614463925,0.08529491582885385,0.08008454204536974,0.08640383300371468,{img2sixel} --threads=8 --precision=8bit --quality=full '--loaders=libpng!' --quantize-model=kmeans:merge=ward:seed=1 -Xoklab -Wgamma --diffusion=none:band_overwrap=0 --gpu-policy=off --lookup-policy=6bit:shared_instance=0 -p 256 -o /dev/null {input}
c33493faa3bd17859b1f1fefbb4d534462f9d831,macOS-26.5.1-arm64-arm-64bit-Mach-O,shared_instance,images/snake.png,256,6bit S1,6bit,8,off,1,9,0.08414337504655123,0.08070950000546873,0.0852063330821693,0.0798697080463171,0.08703483291901648,{img2sixel} --threads=8 --precision=8bit --quality=full '--loaders=libpng!' --quantize-model=kmeans:merge=ward:seed=1 -Xoklab -Wgamma --diffusion=none:band_overwrap=0 --gpu-policy=off --lookup-policy=6bit:shared_instance=1 -p 256 -o /dev/null {input}
c33493faa3bd17859b1f1fefbb4d534462f9d831,macOS-26.5.1-arm64-arm-64bit-Mach-O,shared_instance,images/snake.png,256,certlut S0,certlut,8,off,0,9,0.07792524993419647,0.07650620909407735,0.08195104217156768,0.07604562491178513,0.08324770792387426,{img2sixel} --threads=8 --precision=8bit --quality=full '--loaders=libpng!' --quantize-model=kmeans:merge=ward:seed=1 -Xoklab -Wgamma --diffusion=none:band_overwrap=0 --gpu-policy=off --lookup-policy=certlut:shared_instance=0 -p 256 -o /dev/null {input}
c33493faa3bd17859b1f1fefbb4d534462f9d831,macOS-26.5.1-arm64-arm-64bit-Mach-O,shared_instance,images/snake.png,256,certlut S1,certlut,8,off,1,9,0.0787755420897156,0.07767133298330009,0.08077858295291662,0.07684491691179574,0.08329291711561382,{img2sixel} --threads=8 --precision=8bit --quality=full '--loaders=libpng!' --quantize-model=kmeans:merge=ward:seed=1 -Xoklab -Wgamma --diffusion=none:band_overwrap=0 --gpu-policy=off --lookup-policy=certlut:shared_instance=1 -p 256 -o /dev/null {input}
