revision,fixture,width,height,pixels,sixel_bytes,sixel_sha256,threads,round,phase,sample,traversal,schedule_position,scan_start_count,scan_finish_count,paint_ready_count,paint_start_count,paint_finish_count,decoder_abort_count,observed_path,barrier_ordered,paint_spans_overlap,decoder_wall_seconds,scan_wall_seconds,paint_wall_seconds,png_wall_seconds,total_wall_seconds,command
65519a9733c583c7ac0bdaa302de269fad60b8e7,1920x1080,1920,1080,2073600,1114189,0dee79433e5fb73e188ea6579751b04036cca248fbb9e01b02391a85b7974486,1,1,warmup,1,ascending,1,0,0,0,0,0,0,serial,not-applicable,not-applicable,0.014513,,,0.061243,0.07585,'{sixel2png}' --threads=1 --gpu-policy=off -J '{log}' -i '{decoder_sixel}' -o '{null}'
65519a9733c583c7ac0bdaa302de269fad60b8e7,1920x1080,1920,1080,2073600,1114189,0dee79433e5fb73e188ea6579751b04036cca248fbb9e01b02391a85b7974486,2,1,warmup,1,ascending,2,2,2,2,2,2,0,parallel-direct,yes,yes,0.01796,0.007233,0.010230999999999999,0.061664,0.079704,'{sixel2png}' --threads=2 --gpu-policy=off -J '{log}' -i '{decoder_sixel}' -o '{null}'
65519a9733c583c7ac0bdaa302de269fad60b8e7,1920x1080,1920,1080,2073600,1114189,0dee79433e5fb73e188ea6579751b04036cca248fbb9e01b02391a85b7974486,3,1,warmup,1,ascending,3,3,3,3,3,3,0,parallel-direct,yes,yes,0.013005,0.005503,0.007293,0.061574,0.074657,'{sixel2png}' --threads=3 --gpu-policy=off -J '{log}' -i '{decoder_sixel}' -o '{null}'
65519a9733c583c7ac0bdaa302de269fad60b8e7,1920x1080,1920,1080,2073600,1114189,0dee79433e5fb73e188ea6579751b04036cca248fbb9e01b02391a85b7974486,4,1,warmup,1,ascending,4,4,4,4,4,4,0,parallel-direct,yes,yes,0.010359,0.004387,0.005711,0.069288,0.079731,'{sixel2png}' --threads=4 --gpu-policy=off -J '{log}' -i '{decoder_sixel}' -o '{null}'
65519a9733c583c7ac0bdaa302de269fad60b8e7,1920x1080,1920,1080,2073600,1114189,0dee79433e5fb73e188ea6579751b04036cca248fbb9e01b02391a85b7974486,5,1,warmup,1,ascending,5,5,5,5,5,5,0,parallel-direct,yes,yes,0.008649,0.003698,0.004664,0.062377,0.07112700000000001,'{sixel2png}' --threads=5 --gpu-policy=off -J '{log}' -i '{decoder_sixel}' -o '{null}'
65519a9733c583c7ac0bdaa302de269fad60b8e7,1920x1080,1920,1080,2073600,1114189,0dee79433e5fb73e188ea6579751b04036cca248fbb9e01b02391a85b7974486,6,1,warmup,1,ascending,6,6,6,6,6,6,0,parallel-direct,yes,yes,0.0074600000000000005,0.003128,0.003971000000000001,0.062611,0.070148,'{sixel2png}' --threads=6 --gpu-policy=off -J '{log}' -i '{decoder_sixel}' -o '{null}'
65519a9733c583c7ac0bdaa302de269fad60b8e7,1920x1080,1920,1080,2073600,1114189,0dee79433e5fb73e188ea6579751b04036cca248fbb9e01b02391a85b7974486,7,1,warmup,1,ascending,7,7,7,7,7,7,0,parallel-direct,yes,yes,0.0067150000000000005,0.0028290000000000004,0.0035719999999999997,0.064068,0.070871,'{sixel2png}' --threads=7 --gpu-policy=off -J '{log}' -i '{decoder_sixel}' -o '{null}'
65519a9733c583c7ac0bdaa302de269fad60b8e7,1920x1080,1920,1080,2073600,1114189,0dee79433e5fb73e188ea6579751b04036cca248fbb9e01b02391a85b7974486,8,1,warmup,1,ascending,8,8,8,8,8,8,0,parallel-direct,yes,yes,0.006115,0.002571,0.003217,0.061972000000000006,0.06818500000000001,'{sixel2png}' --threads=8 --gpu-policy=off -J '{log}' -i '{decoder_sixel}' -o '{null}'
65519a9733c583c7ac0bdaa302de269fad60b8e7,1920x1080,1920,1080,2073600,1114189,0dee79433e5fb73e188ea6579751b04036cca248fbb9e01b02391a85b7974486,9,1,warmup,1,ascending,9,9,9,9,9,9,0,parallel-direct,yes,yes,0.0055650000000000005,0.00229,0.0028720000000000004,0.06129299999999999,0.066939,'{sixel2png}' --threads=9 --gpu-policy=off -J '{log}' -i '{decoder_sixel}' -o '{null}'
65519a9733c583c7ac0bdaa302de269fad60b8e7,1920x1080,1920,1080,2073600,1114189,0dee79433e5fb73e188ea6579751b04036cca248fbb9e01b02391a85b7974486,10,1,warmup,1,ascending,10,10,10,10,10,10,0,parallel-direct,yes,yes,0.0052580000000000005,0.00215,0.0027459999999999997,0.061509,0.066865,'{sixel2png}' --threads=10 --gpu-policy=off -J '{log}' -i '{decoder_sixel}' -o '{null}'
65519a9733c583c7ac0bdaa302de269fad60b8e7,1920x1080,1920,1080,2073600,1114189,0dee79433e5fb73e188ea6579751b04036cca248fbb9e01b02391a85b7974486,11,1,warmup,1,ascending,11,11,11,11,11,11,0,parallel-direct,yes,yes,0.006119,0.0026,0.003106,0.063016,0.069225,'{sixel2png}' --threads=11 --gpu-policy=off -J '{log}' -i '{decoder_sixel}' -o '{null}'
65519a9733c583c7ac0bdaa302de269fad60b8e7,1920x1080,1920,1080,2073600,1114189,0dee79433e5fb73e188ea6579751b04036cca248fbb9e01b02391a85b7974486,12,1,warmup,1,ascending,12,12,12,12,12,12,0,parallel-direct,yes,yes,0.0061979999999999995,0.002569,0.003133,0.061403,0.067692,'{sixel2png}' --threads=12 --gpu-policy=off -J '{log}' -i '{decoder_sixel}' -o '{null}'
65519a9733c583c7ac0bdaa302de269fad60b8e7,1920x1080,1920,1080,2073600,1114189,0dee79433e5fb73e188ea6579751b04036cca248fbb9e01b02391a85b7974486,13,1,warmup,1,ascending,13,13,13,13,13,13,0,parallel-direct,yes,yes,0.005703,0.0024890000000000003,0.002688,0.06297900000000001,0.068764,'{sixel2png}' --threads=13 --gpu-policy=off -J '{log}' -i '{decoder_sixel}' -o '{null}'
65519a9733c583c7ac0bdaa302de269fad60b8e7,1920x1080,1920,1080,2073600,1114189,0dee79433e5fb73e188ea6579751b04036cca248fbb9e01b02391a85b7974486,14,1,warmup,1,ascending,14,14,14,14,14,14,0,parallel-direct,yes,yes,0.00582,0.002395,0.002839,0.061881000000000005,0.06779,'{sixel2png}' --threads=14 --gpu-policy=off -J '{log}' -i '{decoder_sixel}' -o '{null}'
65519a9733c583c7ac0bdaa302de269fad60b8e7,1920x1080,1920,1080,2073600,1114189,0dee79433e5fb73e188ea6579751b04036cca248fbb9e01b02391a85b7974486,15,1,warmup,1,ascending,15,15,15,15,15,15,0,parallel-direct,yes,yes,0.006042,0.002628,0.002817,0.06325599999999999,0.069394,'{sixel2png}' --threads=15 --gpu-policy=off -J '{log}' -i '{decoder_sixel}' -o '{null}'
65519a9733c583c7ac0bdaa302de269fad60b8e7,1920x1080,1920,1080,2073600,1114189,0dee79433e5fb73e188ea6579751b04036cca248fbb9e01b02391a85b7974486,16,1,warmup,1,ascending,16,16,16,16,16,16,0,parallel-direct,yes,yes,0.006369,0.002633,0.003102,0.063098,0.069574,'{sixel2png}' --threads=16 --gpu-policy=off -J '{log}' -i '{decoder_sixel}' -o '{null}'
65519a9733c583c7ac0bdaa302de269fad60b8e7,1920x1080,1920,1080,2073600,1114189,0dee79433e5fb73e188ea6579751b04036cca248fbb9e01b02391a85b7974486,16,2,warmup,2,descending,1,16,16,16,16,16,0,parallel-direct,yes,yes,0.006562,0.002685,0.0032250000000000004,0.061878,0.068535,'{sixel2png}' --threads=16 --gpu-policy=off -J '{log}' -i '{decoder_sixel}' -o '{null}'
65519a9733c583c7ac0bdaa302de269fad60b8e7,1920x1080,1920,1080,2073600,1114189,0dee79433e5fb73e188ea6579751b04036cca248fbb9e01b02391a85b7974486,15,2,warmup,2,descending,2,15,15,15,15,15,0,parallel-direct,yes,yes,0.0065260000000000006,0.0027400000000000002,0.0031470000000000005,0.061651,0.068257,'{sixel2png}' --threads=15 --gpu-policy=off -J '{log}' -i '{decoder_sixel}' -o '{null}'
65519a9733c583c7ac0bdaa302de269fad60b8e7,1920x1080,1920,1080,2073600,1114189,0dee79433e5fb73e188ea6579751b04036cca248fbb9e01b02391a85b7974486,14,2,warmup,2,descending,3,14,14,14,14,14,0,parallel-direct,yes,yes,0.0058059999999999995,0.0023859999999999997,0.0028770000000000002,0.06367,0.069567,'{sixel2png}' --threads=14 --gpu-policy=off -J '{log}' -i '{decoder_sixel}' -o '{null}'
65519a9733c583c7ac0bdaa302de269fad60b8e7,1920x1080,1920,1080,2073600,1114189,0dee79433e5fb73e188ea6579751b04036cca248fbb9e01b02391a85b7974486,13,2,warmup,2,descending,4,13,13,13,13,13,0,parallel-direct,yes,yes,0.006206000000000001,0.002485,0.00316,0.061519000000000004,0.067804,'{sixel2png}' --threads=13 --gpu-policy=off -J '{log}' -i '{decoder_sixel}' -o '{null}'
65519a9733c583c7ac0bdaa302de269fad60b8e7,1920x1080,1920,1080,2073600,1114189,0dee79433e5fb73e188ea6579751b04036cca248fbb9e01b02391a85b7974486,12,2,warmup,2,descending,5,12,12,12,12,12,0,parallel-direct,yes,yes,0.006052,0.002584,0.003027,0.06337599999999999,0.06952,'{sixel2png}' --threads=12 --gpu-policy=off -J '{log}' -i '{decoder_sixel}' -o '{null}'
65519a9733c583c7ac0bdaa302de269fad60b8e7,1920x1080,1920,1080,2073600,1114189,0dee79433e5fb73e188ea6579751b04036cca248fbb9e01b02391a85b7974486,11,2,warmup,2,descending,6,11,11,11,11,11,0,parallel-direct,yes,yes,0.005736000000000001,0.0022660000000000002,0.0029509999999999996,0.06164699999999999,0.06747099999999999,'{sixel2png}' --threads=11 --gpu-policy=off -J '{log}' -i '{decoder_sixel}' -o '{null}'
65519a9733c583c7ac0bdaa302de269fad60b8e7,1920x1080,1920,1080,2073600,1114189,0dee79433e5fb73e188ea6579751b04036cca248fbb9e01b02391a85b7974486,10,2,warmup,2,descending,7,10,10,10,10,10,0,parallel-direct,yes,yes,0.005164,0.002163,0.0026400000000000004,0.061471,0.06672399999999999,'{sixel2png}' --threads=10 --gpu-policy=off -J '{log}' -i '{decoder_sixel}' -o '{null}'
65519a9733c583c7ac0bdaa302de269fad60b8e7,1920x1080,1920,1080,2073600,1114189,0dee79433e5fb73e188ea6579751b04036cca248fbb9e01b02391a85b7974486,9,2,warmup,2,descending,8,9,9,9,9,9,0,parallel-direct,yes,yes,0.005553,0.002292,0.0028590000000000004,0.061556999999999994,0.067187,'{sixel2png}' --threads=9 --gpu-policy=off -J '{log}' -i '{decoder_sixel}' -o '{null}'
65519a9733c583c7ac0bdaa302de269fad60b8e7,1920x1080,1920,1080,2073600,1114189,0dee79433e5fb73e188ea6579751b04036cca248fbb9e01b02391a85b7974486,8,2,warmup,2,descending,9,8,8,8,8,8,0,parallel-direct,yes,yes,0.006095,0.002581,0.0031980000000000003,0.061544999999999996,0.06772399999999999,'{sixel2png}' --threads=8 --gpu-policy=off -J '{log}' -i '{decoder_sixel}' -o '{null}'
65519a9733c583c7ac0bdaa302de269fad60b8e7,1920x1080,1920,1080,2073600,1114189,0dee79433e5fb73e188ea6579751b04036cca248fbb9e01b02391a85b7974486,7,2,warmup,2,descending,10,7,7,7,7,7,0,parallel-direct,yes,yes,0.006664,0.002807,0.0035460000000000005,0.061558999999999996,0.068313,'{sixel2png}' --threads=7 --gpu-policy=off -J '{log}' -i '{decoder_sixel}' -o '{null}'
65519a9733c583c7ac0bdaa302de269fad60b8e7,1920x1080,1920,1080,2073600,1114189,0dee79433e5fb73e188ea6579751b04036cca248fbb9e01b02391a85b7974486,6,2,warmup,2,descending,11,6,6,6,6,6,0,parallel-direct,yes,yes,0.007673000000000001,0.003418,0.003947,0.06317099999999999,0.07093899999999999,'{sixel2png}' --threads=6 --gpu-policy=off -J '{log}' -i '{decoder_sixel}' -o '{null}'
65519a9733c583c7ac0bdaa302de269fad60b8e7,1920x1080,1920,1080,2073600,1114189,0dee79433e5fb73e188ea6579751b04036cca248fbb9e01b02391a85b7974486,5,2,warmup,2,descending,12,5,5,5,5,5,0,parallel-direct,yes,yes,0.008576,0.003627,0.004666,0.062815,0.071496,'{sixel2png}' --threads=5 --gpu-policy=off -J '{log}' -i '{decoder_sixel}' -o '{null}'
65519a9733c583c7ac0bdaa302de269fad60b8e7,1920x1080,1920,1080,2073600,1114189,0dee79433e5fb73e188ea6579751b04036cca248fbb9e01b02391a85b7974486,4,2,warmup,2,descending,13,4,4,4,4,4,0,parallel-direct,yes,yes,0.010528,0.004533,0.005725,0.061327000000000007,0.07193400000000001,'{sixel2png}' --threads=4 --gpu-policy=off -J '{log}' -i '{decoder_sixel}' -o '{null}'
65519a9733c583c7ac0bdaa302de269fad60b8e7,1920x1080,1920,1080,2073600,1114189,0dee79433e5fb73e188ea6579751b04036cca248fbb9e01b02391a85b7974486,3,2,warmup,2,descending,14,3,3,3,3,3,0,parallel-direct,yes,yes,0.012982,0.005493,0.007255999999999999,0.061558,0.074621,'{sixel2png}' --threads=3 --gpu-policy=off -J '{log}' -i '{decoder_sixel}' -o '{null}'
65519a9733c583c7ac0bdaa302de269fad60b8e7,1920x1080,1920,1080,2073600,1114189,0dee79433e5fb73e188ea6579751b04036cca248fbb9e01b02391a85b7974486,2,2,warmup,2,descending,15,2,2,2,2,2,0,parallel-direct,yes,yes,0.017766,0.007252,0.010252999999999998,0.06153,0.079381,'{sixel2png}' --threads=2 --gpu-policy=off -J '{log}' -i '{decoder_sixel}' -o '{null}'
65519a9733c583c7ac0bdaa302de269fad60b8e7,1920x1080,1920,1080,2073600,1114189,0dee79433e5fb73e188ea6579751b04036cca248fbb9e01b02391a85b7974486,1,2,warmup,2,descending,16,0,0,0,0,0,0,serial,not-applicable,not-applicable,0.014541,,,0.061530999999999995,0.076156,'{sixel2png}' --threads=1 --gpu-policy=off -J '{log}' -i '{decoder_sixel}' -o '{null}'
65519a9733c583c7ac0bdaa302de269fad60b8e7,1920x1080,1920,1080,2073600,1114189,0dee79433e5fb73e188ea6579751b04036cca248fbb9e01b02391a85b7974486,1,3,timed,1,ascending,1,0,0,0,0,0,0,serial,not-applicable,not-applicable,0.014498,,,0.061536,0.076127,'{sixel2png}' --threads=1 --gpu-policy=off -J '{log}' -i '{decoder_sixel}' -o '{null}'
65519a9733c583c7ac0bdaa302de269fad60b8e7,1920x1080,1920,1080,2073600,1114189,0dee79433e5fb73e188ea6579751b04036cca248fbb9e01b02391a85b7974486,2,3,timed,1,ascending,2,2,2,2,2,2,0,parallel-direct,yes,yes,0.017818999999999998,0.007301,0.010256999999999999,0.061750000000000006,0.07967700000000001,'{sixel2png}' --threads=2 --gpu-policy=off -J '{log}' -i '{decoder_sixel}' -o '{null}'
65519a9733c583c7ac0bdaa302de269fad60b8e7,1920x1080,1920,1080,2073600,1114189,0dee79433e5fb73e188ea6579751b04036cca248fbb9e01b02391a85b7974486,3,3,timed,1,ascending,3,3,3,3,3,3,0,parallel-direct,yes,yes,0.013046,0.005509,0.007284999999999999,0.06151600000000001,0.074644,'{sixel2png}' --threads=3 --gpu-policy=off -J '{log}' -i '{decoder_sixel}' -o '{null}'
65519a9733c583c7ac0bdaa302de269fad60b8e7,1920x1080,1920,1080,2073600,1114189,0dee79433e5fb73e188ea6579751b04036cca248fbb9e01b02391a85b7974486,4,3,timed,1,ascending,4,4,4,4,4,4,0,parallel-direct,yes,yes,0.010246,0.004351,0.005634999999999999,0.061557999999999995,0.07188299999999999,'{sixel2png}' --threads=4 --gpu-policy=off -J '{log}' -i '{decoder_sixel}' -o '{null}'
65519a9733c583c7ac0bdaa302de269fad60b8e7,1920x1080,1920,1080,2073600,1114189,0dee79433e5fb73e188ea6579751b04036cca248fbb9e01b02391a85b7974486,5,3,timed,1,ascending,5,5,5,5,5,5,0,parallel-direct,yes,yes,0.008520999999999999,0.003619,0.004609,0.061486000000000006,0.070095,'{sixel2png}' --threads=5 --gpu-policy=off -J '{log}' -i '{decoder_sixel}' -o '{null}'
65519a9733c583c7ac0bdaa302de269fad60b8e7,1920x1080,1920,1080,2073600,1114189,0dee79433e5fb73e188ea6579751b04036cca248fbb9e01b02391a85b7974486,6,3,timed,1,ascending,6,6,6,6,6,6,0,parallel-direct,yes,yes,0.008008,0.0036710000000000002,0.003987,0.061538,0.06962,'{sixel2png}' --threads=6 --gpu-policy=off -J '{log}' -i '{decoder_sixel}' -o '{null}'
65519a9733c583c7ac0bdaa302de269fad60b8e7,1920x1080,1920,1080,2073600,1114189,0dee79433e5fb73e188ea6579751b04036cca248fbb9e01b02391a85b7974486,7,3,timed,1,ascending,7,7,7,7,7,7,0,parallel-direct,yes,yes,0.006705,0.002804,0.003569,0.06152899999999999,0.068328,'{sixel2png}' --threads=7 --gpu-policy=off -J '{log}' -i '{decoder_sixel}' -o '{null}'
65519a9733c583c7ac0bdaa302de269fad60b8e7,1920x1080,1920,1080,2073600,1114189,0dee79433e5fb73e188ea6579751b04036cca248fbb9e01b02391a85b7974486,8,3,timed,1,ascending,8,8,8,8,8,8,0,parallel-direct,yes,yes,0.00611,0.002536,0.0032439999999999995,0.061533,0.067731,'{sixel2png}' --threads=8 --gpu-policy=off -J '{log}' -i '{decoder_sixel}' -o '{null}'
65519a9733c583c7ac0bdaa302de269fad60b8e7,1920x1080,1920,1080,2073600,1114189,0dee79433e5fb73e188ea6579751b04036cca248fbb9e01b02391a85b7974486,9,3,timed,1,ascending,9,9,9,9,9,9,0,parallel-direct,yes,yes,0.005465,0.0023,0.0028650000000000004,0.061704,0.067257,'{sixel2png}' --threads=9 --gpu-policy=off -J '{log}' -i '{decoder_sixel}' -o '{null}'
65519a9733c583c7ac0bdaa302de269fad60b8e7,1920x1080,1920,1080,2073600,1114189,0dee79433e5fb73e188ea6579751b04036cca248fbb9e01b02391a85b7974486,10,3,timed,1,ascending,10,10,10,10,10,10,0,parallel-direct,yes,yes,0.005235,0.0021420000000000002,0.0027040000000000002,0.063237,0.068593,'{sixel2png}' --threads=10 --gpu-policy=off -J '{log}' -i '{decoder_sixel}' -o '{null}'
65519a9733c583c7ac0bdaa302de269fad60b8e7,1920x1080,1920,1080,2073600,1114189,0dee79433e5fb73e188ea6579751b04036cca248fbb9e01b02391a85b7974486,11,3,timed,1,ascending,11,11,11,11,11,11,0,parallel-direct,yes,yes,0.0061189999999999994,0.002595,0.0030789999999999997,0.061357999999999996,0.067573,'{sixel2png}' --threads=11 --gpu-policy=off -J '{log}' -i '{decoder_sixel}' -o '{null}'
65519a9733c583c7ac0bdaa302de269fad60b8e7,1920x1080,1920,1080,2073600,1114189,0dee79433e5fb73e188ea6579751b04036cca248fbb9e01b02391a85b7974486,12,3,timed,1,ascending,12,12,12,12,12,12,0,parallel-direct,yes,yes,0.005998000000000001,0.002549,0.002896,0.06175900000000001,0.06783700000000001,'{sixel2png}' --threads=12 --gpu-policy=off -J '{log}' -i '{decoder_sixel}' -o '{null}'
65519a9733c583c7ac0bdaa302de269fad60b8e7,1920x1080,1920,1080,2073600,1114189,0dee79433e5fb73e188ea6579751b04036cca248fbb9e01b02391a85b7974486,13,3,timed,1,ascending,13,13,13,13,13,13,0,parallel-direct,yes,yes,0.006086,0.002513,0.0029809999999999997,0.063334,0.069508,'{sixel2png}' --threads=13 --gpu-policy=off -J '{log}' -i '{decoder_sixel}' -o '{null}'
65519a9733c583c7ac0bdaa302de269fad60b8e7,1920x1080,1920,1080,2073600,1114189,0dee79433e5fb73e188ea6579751b04036cca248fbb9e01b02391a85b7974486,14,3,timed,1,ascending,14,14,14,14,14,14,0,parallel-direct,yes,yes,0.005966,0.002352,0.0029990000000000004,0.063207,0.069264,'{sixel2png}' --threads=14 --gpu-policy=off -J '{log}' -i '{decoder_sixel}' -o '{null}'
65519a9733c583c7ac0bdaa302de269fad60b8e7,1920x1080,1920,1080,2073600,1114189,0dee79433e5fb73e188ea6579751b04036cca248fbb9e01b02391a85b7974486,15,3,timed,1,ascending,15,15,15,15,15,15,0,parallel-direct,yes,yes,0.006354,0.002562,0.003083,0.06316000000000001,0.069601,'{sixel2png}' --threads=15 --gpu-policy=off -J '{log}' -i '{decoder_sixel}' -o '{null}'
65519a9733c583c7ac0bdaa302de269fad60b8e7,1920x1080,1920,1080,2073600,1114189,0dee79433e5fb73e188ea6579751b04036cca248fbb9e01b02391a85b7974486,16,3,timed,1,ascending,16,16,16,16,16,16,0,parallel-direct,yes,yes,0.006253,0.002584,0.0029439999999999996,0.063182,0.069541,'{sixel2png}' --threads=16 --gpu-policy=off -J '{log}' -i '{decoder_sixel}' -o '{null}'
65519a9733c583c7ac0bdaa302de269fad60b8e7,1920x1080,1920,1080,2073600,1114189,0dee79433e5fb73e188ea6579751b04036cca248fbb9e01b02391a85b7974486,16,4,timed,2,descending,1,16,16,16,16,16,0,parallel-direct,yes,yes,0.006379,0.002531,0.0032879999999999997,0.065862,0.072328,'{sixel2png}' --threads=16 --gpu-policy=off -J '{log}' -i '{decoder_sixel}' -o '{null}'
65519a9733c583c7ac0bdaa302de269fad60b8e7,1920x1080,1920,1080,2073600,1114189,0dee79433e5fb73e188ea6579751b04036cca248fbb9e01b02391a85b7974486,15,4,timed,2,descending,2,15,15,15,15,15,0,parallel-direct,yes,yes,0.006181000000000001,0.002702,0.0028560000000000005,0.062659,0.068936,'{sixel2png}' --threads=15 --gpu-policy=off -J '{log}' -i '{decoder_sixel}' -o '{null}'
65519a9733c583c7ac0bdaa302de269fad60b8e7,1920x1080,1920,1080,2073600,1114189,0dee79433e5fb73e188ea6579751b04036cca248fbb9e01b02391a85b7974486,14,4,timed,2,descending,3,14,14,14,14,14,0,parallel-direct,yes,yes,0.006074,0.002378,0.0031409999999999997,0.061286,0.067443,'{sixel2png}' --threads=14 --gpu-policy=off -J '{log}' -i '{decoder_sixel}' -o '{null}'
65519a9733c583c7ac0bdaa302de269fad60b8e7,1920x1080,1920,1080,2073600,1114189,0dee79433e5fb73e188ea6579751b04036cca248fbb9e01b02391a85b7974486,13,4,timed,2,descending,4,13,13,13,13,13,0,parallel-direct,yes,yes,0.005725,0.002508,0.0027260000000000006,0.061530999999999995,0.067339,'{sixel2png}' --threads=13 --gpu-policy=off -J '{log}' -i '{decoder_sixel}' -o '{null}'
65519a9733c583c7ac0bdaa302de269fad60b8e7,1920x1080,1920,1080,2073600,1114189,0dee79433e5fb73e188ea6579751b04036cca248fbb9e01b02391a85b7974486,12,4,timed,2,descending,5,12,12,12,12,12,0,parallel-direct,yes,yes,0.005782,0.0024739999999999996,0.002799,0.061327,0.067195,'{sixel2png}' --threads=12 --gpu-policy=off -J '{log}' -i '{decoder_sixel}' -o '{null}'
65519a9733c583c7ac0bdaa302de269fad60b8e7,1920x1080,1920,1080,2073600,1114189,0dee79433e5fb73e188ea6579751b04036cca248fbb9e01b02391a85b7974486,11,4,timed,2,descending,6,11,11,11,11,11,0,parallel-direct,yes,yes,0.006004,0.00263,0.0029119999999999997,0.06293,0.06903500000000001,'{sixel2png}' --threads=11 --gpu-policy=off -J '{log}' -i '{decoder_sixel}' -o '{null}'
65519a9733c583c7ac0bdaa302de269fad60b8e7,1920x1080,1920,1080,2073600,1114189,0dee79433e5fb73e188ea6579751b04036cca248fbb9e01b02391a85b7974486,10,4,timed,2,descending,7,10,10,10,10,10,0,parallel-direct,yes,yes,0.005203999999999999,0.002138,0.00267,0.063198,0.068495,'{sixel2png}' --threads=10 --gpu-policy=off -J '{log}' -i '{decoder_sixel}' -o '{null}'
65519a9733c583c7ac0bdaa302de269fad60b8e7,1920x1080,1920,1080,2073600,1114189,0dee79433e5fb73e188ea6579751b04036cca248fbb9e01b02391a85b7974486,9,4,timed,2,descending,8,9,9,9,9,9,0,parallel-direct,yes,yes,0.0055320000000000005,0.002275,0.0028689999999999996,0.06173700000000001,0.067349,'{sixel2png}' --threads=9 --gpu-policy=off -J '{log}' -i '{decoder_sixel}' -o '{null}'
65519a9733c583c7ac0bdaa302de269fad60b8e7,1920x1080,1920,1080,2073600,1114189,0dee79433e5fb73e188ea6579751b04036cca248fbb9e01b02391a85b7974486,8,4,timed,2,descending,9,8,8,8,8,8,0,parallel-direct,yes,yes,0.006045999999999999,0.0025380000000000003,0.003179,0.063163,0.069314,'{sixel2png}' --threads=8 --gpu-policy=off -J '{log}' -i '{decoder_sixel}' -o '{null}'
65519a9733c583c7ac0bdaa302de269fad60b8e7,1920x1080,1920,1080,2073600,1114189,0dee79433e5fb73e188ea6579751b04036cca248fbb9e01b02391a85b7974486,7,4,timed,2,descending,10,7,7,7,7,7,0,parallel-direct,yes,yes,0.006500000000000001,0.002584,0.0035640000000000003,0.061554,0.068139,'{sixel2png}' --threads=7 --gpu-policy=off -J '{log}' -i '{decoder_sixel}' -o '{null}'
65519a9733c583c7ac0bdaa302de269fad60b8e7,1920x1080,1920,1080,2073600,1114189,0dee79433e5fb73e188ea6579751b04036cca248fbb9e01b02391a85b7974486,6,4,timed,2,descending,11,6,6,6,6,6,0,parallel-direct,yes,yes,0.007072,0.003031,0.003694,0.061398,0.068538,'{sixel2png}' --threads=6 --gpu-policy=off -J '{log}' -i '{decoder_sixel}' -o '{null}'
65519a9733c583c7ac0bdaa302de269fad60b8e7,1920x1080,1920,1080,2073600,1114189,0dee79433e5fb73e188ea6579751b04036cca248fbb9e01b02391a85b7974486,5,4,timed,2,descending,12,5,5,5,5,5,0,parallel-direct,yes,yes,0.008388999999999999,0.003678,0.004428,0.061322,0.069813,'{sixel2png}' --threads=5 --gpu-policy=off -J '{log}' -i '{decoder_sixel}' -o '{null}'
65519a9733c583c7ac0bdaa302de269fad60b8e7,1920x1080,1920,1080,2073600,1114189,0dee79433e5fb73e188ea6579751b04036cca248fbb9e01b02391a85b7974486,4,4,timed,2,descending,13,4,4,4,4,4,0,parallel-direct,yes,yes,0.010165,0.004325,0.005599000000000001,0.061415000000000004,0.071661,'{sixel2png}' --threads=4 --gpu-policy=off -J '{log}' -i '{decoder_sixel}' -o '{null}'
65519a9733c583c7ac0bdaa302de269fad60b8e7,1920x1080,1920,1080,2073600,1114189,0dee79433e5fb73e188ea6579751b04036cca248fbb9e01b02391a85b7974486,3,4,timed,2,descending,14,3,3,3,3,3,0,parallel-direct,yes,yes,0.012994,0.005507,0.007253000000000001,0.061458,0.074524,'{sixel2png}' --threads=3 --gpu-policy=off -J '{log}' -i '{decoder_sixel}' -o '{null}'
65519a9733c583c7ac0bdaa302de269fad60b8e7,1920x1080,1920,1080,2073600,1114189,0dee79433e5fb73e188ea6579751b04036cca248fbb9e01b02391a85b7974486,2,4,timed,2,descending,15,2,2,2,2,2,0,parallel-direct,yes,yes,0.01801,0.007435999999999999,0.010315,0.061344,0.079429,'{sixel2png}' --threads=2 --gpu-policy=off -J '{log}' -i '{decoder_sixel}' -o '{null}'
65519a9733c583c7ac0bdaa302de269fad60b8e7,1920x1080,1920,1080,2073600,1114189,0dee79433e5fb73e188ea6579751b04036cca248fbb9e01b02391a85b7974486,1,4,timed,2,descending,16,0,0,0,0,0,0,serial,not-applicable,not-applicable,0.014476,,,0.061184999999999996,0.07574399999999999,'{sixel2png}' --threads=1 --gpu-policy=off -J '{log}' -i '{decoder_sixel}' -o '{null}'
65519a9733c583c7ac0bdaa302de269fad60b8e7,1920x1080,1920,1080,2073600,1114189,0dee79433e5fb73e188ea6579751b04036cca248fbb9e01b02391a85b7974486,1,5,timed,3,ascending,1,0,0,0,0,0,0,serial,not-applicable,not-applicable,0.014475,,,0.061353000000000005,0.07592700000000001,'{sixel2png}' --threads=1 --gpu-policy=off -J '{log}' -i '{decoder_sixel}' -o '{null}'
65519a9733c583c7ac0bdaa302de269fad60b8e7,1920x1080,1920,1080,2073600,1114189,0dee79433e5fb73e188ea6579751b04036cca248fbb9e01b02391a85b7974486,2,5,timed,3,ascending,2,2,2,2,2,2,0,parallel-direct,yes,yes,0.017764,0.007306,0.010208,0.06127200000000001,0.079123,'{sixel2png}' --threads=2 --gpu-policy=off -J '{log}' -i '{decoder_sixel}' -o '{null}'
65519a9733c583c7ac0bdaa302de269fad60b8e7,1920x1080,1920,1080,2073600,1114189,0dee79433e5fb73e188ea6579751b04036cca248fbb9e01b02391a85b7974486,3,5,timed,3,ascending,3,3,3,3,3,3,0,parallel-direct,yes,yes,0.013034,0.0055130000000000005,0.0073,0.061210999999999995,0.074332,'{sixel2png}' --threads=3 --gpu-policy=off -J '{log}' -i '{decoder_sixel}' -o '{null}'
65519a9733c583c7ac0bdaa302de269fad60b8e7,1920x1080,1920,1080,2073600,1114189,0dee79433e5fb73e188ea6579751b04036cca248fbb9e01b02391a85b7974486,4,5,timed,3,ascending,4,4,4,4,4,4,0,parallel-direct,yes,yes,0.010195000000000001,0.0043300000000000005,0.005624,0.061249,0.07152399999999999,'{sixel2png}' --threads=4 --gpu-policy=off -J '{log}' -i '{decoder_sixel}' -o '{null}'
65519a9733c583c7ac0bdaa302de269fad60b8e7,1920x1080,1920,1080,2073600,1114189,0dee79433e5fb73e188ea6579751b04036cca248fbb9e01b02391a85b7974486,5,5,timed,3,ascending,5,5,5,5,5,5,0,parallel-direct,yes,yes,0.008511999999999999,0.003613,0.004647000000000001,0.061318,0.069919,'{sixel2png}' --threads=5 --gpu-policy=off -J '{log}' -i '{decoder_sixel}' -o '{null}'
65519a9733c583c7ac0bdaa302de269fad60b8e7,1920x1080,1920,1080,2073600,1114189,0dee79433e5fb73e188ea6579751b04036cca248fbb9e01b02391a85b7974486,6,5,timed,3,ascending,6,6,6,6,6,6,0,parallel-direct,yes,yes,0.007391,0.003116,0.0039689999999999994,0.061252,0.068714,'{sixel2png}' --threads=6 --gpu-policy=off -J '{log}' -i '{decoder_sixel}' -o '{null}'
65519a9733c583c7ac0bdaa302de269fad60b8e7,1920x1080,1920,1080,2073600,1114189,0dee79433e5fb73e188ea6579751b04036cca248fbb9e01b02391a85b7974486,7,5,timed,3,ascending,7,7,7,7,7,7,0,parallel-direct,yes,yes,0.006554,0.002801,0.0034150000000000005,0.061432999999999995,0.068063,'{sixel2png}' --threads=7 --gpu-policy=off -J '{log}' -i '{decoder_sixel}' -o '{null}'
65519a9733c583c7ac0bdaa302de269fad60b8e7,1920x1080,1920,1080,2073600,1114189,0dee79433e5fb73e188ea6579751b04036cca248fbb9e01b02391a85b7974486,8,5,timed,3,ascending,8,8,8,8,8,8,0,parallel-direct,yes,yes,0.006102,0.002539,0.00321,0.061423,0.06761099999999999,'{sixel2png}' --threads=8 --gpu-policy=off -J '{log}' -i '{decoder_sixel}' -o '{null}'
65519a9733c583c7ac0bdaa302de269fad60b8e7,1920x1080,1920,1080,2073600,1114189,0dee79433e5fb73e188ea6579751b04036cca248fbb9e01b02391a85b7974486,9,5,timed,3,ascending,9,9,9,9,9,9,0,parallel-direct,yes,yes,0.0055049999999999995,0.00229,0.0028480000000000003,0.06316300000000001,0.068746,'{sixel2png}' --threads=9 --gpu-policy=off -J '{log}' -i '{decoder_sixel}' -o '{null}'
65519a9733c583c7ac0bdaa302de269fad60b8e7,1920x1080,1920,1080,2073600,1114189,0dee79433e5fb73e188ea6579751b04036cca248fbb9e01b02391a85b7974486,10,5,timed,3,ascending,10,10,10,10,10,10,0,parallel-direct,yes,yes,0.005158,0.002139,0.002649,0.06137,0.066637,'{sixel2png}' --threads=10 --gpu-policy=off -J '{log}' -i '{decoder_sixel}' -o '{null}'
65519a9733c583c7ac0bdaa302de269fad60b8e7,1920x1080,1920,1080,2073600,1114189,0dee79433e5fb73e188ea6579751b04036cca248fbb9e01b02391a85b7974486,11,5,timed,3,ascending,11,11,11,11,11,11,0,parallel-direct,yes,yes,0.006281999999999999,0.00265,0.00313,0.061479000000000006,0.06785200000000001,'{sixel2png}' --threads=11 --gpu-policy=off -J '{log}' -i '{decoder_sixel}' -o '{null}'
65519a9733c583c7ac0bdaa302de269fad60b8e7,1920x1080,1920,1080,2073600,1114189,0dee79433e5fb73e188ea6579751b04036cca248fbb9e01b02391a85b7974486,12,5,timed,3,ascending,12,12,12,12,12,12,0,parallel-direct,yes,yes,0.005819,0.00248,0.002896,0.06306199999999999,0.06895899999999999,'{sixel2png}' --threads=12 --gpu-policy=off -J '{log}' -i '{decoder_sixel}' -o '{null}'
65519a9733c583c7ac0bdaa302de269fad60b8e7,1920x1080,1920,1080,2073600,1114189,0dee79433e5fb73e188ea6579751b04036cca248fbb9e01b02391a85b7974486,13,5,timed,3,ascending,13,13,13,13,13,13,0,parallel-direct,yes,yes,0.005838,0.002497,0.002804,0.063083,0.069003,'{sixel2png}' --threads=13 --gpu-policy=off -J '{log}' -i '{decoder_sixel}' -o '{null}'
65519a9733c583c7ac0bdaa302de269fad60b8e7,1920x1080,1920,1080,2073600,1114189,0dee79433e5fb73e188ea6579751b04036cca248fbb9e01b02391a85b7974486,14,5,timed,3,ascending,14,14,14,14,14,14,0,parallel-direct,yes,yes,0.005775,0.002388,0.0028389999999999995,0.063017,0.06888799999999999,'{sixel2png}' --threads=14 --gpu-policy=off -J '{log}' -i '{decoder_sixel}' -o '{null}'
65519a9733c583c7ac0bdaa302de269fad60b8e7,1920x1080,1920,1080,2073600,1114189,0dee79433e5fb73e188ea6579751b04036cca248fbb9e01b02391a85b7974486,15,5,timed,3,ascending,15,15,15,15,15,15,0,parallel-direct,yes,yes,0.006392999999999999,0.0026479999999999997,0.003053,0.061467,0.067951,'{sixel2png}' --threads=15 --gpu-policy=off -J '{log}' -i '{decoder_sixel}' -o '{null}'
65519a9733c583c7ac0bdaa302de269fad60b8e7,1920x1080,1920,1080,2073600,1114189,0dee79433e5fb73e188ea6579751b04036cca248fbb9e01b02391a85b7974486,16,5,timed,3,ascending,16,16,16,16,16,16,0,parallel-direct,yes,yes,0.006232,0.002598,0.003068,0.061621999999999996,0.067955,'{sixel2png}' --threads=16 --gpu-policy=off -J '{log}' -i '{decoder_sixel}' -o '{null}'
65519a9733c583c7ac0bdaa302de269fad60b8e7,1920x1080,1920,1080,2073600,1114189,0dee79433e5fb73e188ea6579751b04036cca248fbb9e01b02391a85b7974486,16,6,timed,4,descending,1,16,16,16,16,16,0,parallel-direct,yes,yes,0.006082000000000001,0.00254,0.0029009999999999995,0.06317400000000001,0.06935000000000001,'{sixel2png}' --threads=16 --gpu-policy=off -J '{log}' -i '{decoder_sixel}' -o '{null}'
65519a9733c583c7ac0bdaa302de269fad60b8e7,1920x1080,1920,1080,2073600,1114189,0dee79433e5fb73e188ea6579751b04036cca248fbb9e01b02391a85b7974486,15,6,timed,4,descending,2,15,15,15,15,15,0,parallel-direct,yes,yes,0.006143,0.002549,0.0030340000000000002,0.06293299999999999,0.069172,'{sixel2png}' --threads=15 --gpu-policy=off -J '{log}' -i '{decoder_sixel}' -o '{null}'
65519a9733c583c7ac0bdaa302de269fad60b8e7,1920x1080,1920,1080,2073600,1114189,0dee79433e5fb73e188ea6579751b04036cca248fbb9e01b02391a85b7974486,14,6,timed,4,descending,3,14,14,14,14,14,0,parallel-direct,yes,yes,0.006123,0.0023769999999999998,0.002913,0.06138,0.067579,'{sixel2png}' --threads=14 --gpu-policy=off -J '{log}' -i '{decoder_sixel}' -o '{null}'
65519a9733c583c7ac0bdaa302de269fad60b8e7,1920x1080,1920,1080,2073600,1114189,0dee79433e5fb73e188ea6579751b04036cca248fbb9e01b02391a85b7974486,13,6,timed,4,descending,4,13,13,13,13,13,0,parallel-direct,yes,yes,0.0066300000000000005,0.0030849999999999996,0.002963,0.06297,0.069685,'{sixel2png}' --threads=13 --gpu-policy=off -J '{log}' -i '{decoder_sixel}' -o '{null}'
65519a9733c583c7ac0bdaa302de269fad60b8e7,1920x1080,1920,1080,2073600,1114189,0dee79433e5fb73e188ea6579751b04036cca248fbb9e01b02391a85b7974486,12,6,timed,4,descending,5,12,12,12,12,12,0,parallel-direct,yes,yes,0.006687,0.003105,0.003115,0.06144500000000001,0.06821500000000001,'{sixel2png}' --threads=12 --gpu-policy=off -J '{log}' -i '{decoder_sixel}' -o '{null}'
65519a9733c583c7ac0bdaa302de269fad60b8e7,1920x1080,1920,1080,2073600,1114189,0dee79433e5fb73e188ea6579751b04036cca248fbb9e01b02391a85b7974486,11,6,timed,4,descending,6,11,11,11,11,11,0,parallel-direct,yes,yes,0.006112,0.00264,0.0029280000000000005,0.061673,0.067868,'{sixel2png}' --threads=11 --gpu-policy=off -J '{log}' -i '{decoder_sixel}' -o '{null}'
65519a9733c583c7ac0bdaa302de269fad60b8e7,1920x1080,1920,1080,2073600,1114189,0dee79433e5fb73e188ea6579751b04036cca248fbb9e01b02391a85b7974486,10,6,timed,4,descending,7,10,10,10,10,10,0,parallel-direct,yes,yes,0.0051719999999999995,0.002144,0.0026359999999999995,0.061859000000000004,0.067124,'{sixel2png}' --threads=10 --gpu-policy=off -J '{log}' -i '{decoder_sixel}' -o '{null}'
65519a9733c583c7ac0bdaa302de269fad60b8e7,1920x1080,1920,1080,2073600,1114189,0dee79433e5fb73e188ea6579751b04036cca248fbb9e01b02391a85b7974486,9,6,timed,4,descending,8,9,9,9,9,9,0,parallel-direct,yes,yes,0.005559,0.002309,0.0028630000000000005,0.06150799999999999,0.06715499999999999,'{sixel2png}' --threads=9 --gpu-policy=off -J '{log}' -i '{decoder_sixel}' -o '{null}'
65519a9733c583c7ac0bdaa302de269fad60b8e7,1920x1080,1920,1080,2073600,1114189,0dee79433e5fb73e188ea6579751b04036cca248fbb9e01b02391a85b7974486,8,6,timed,4,descending,9,8,8,8,8,8,0,parallel-direct,yes,yes,0.006025,0.00256,0.0031699999999999996,0.063088,0.069203,'{sixel2png}' --threads=8 --gpu-policy=off -J '{log}' -i '{decoder_sixel}' -o '{null}'
65519a9733c583c7ac0bdaa302de269fad60b8e7,1920x1080,1920,1080,2073600,1114189,0dee79433e5fb73e188ea6579751b04036cca248fbb9e01b02391a85b7974486,7,6,timed,4,descending,10,7,7,7,7,7,0,parallel-direct,yes,yes,0.006662,0.002785,0.003567,0.061652000000000005,0.0684,'{sixel2png}' --threads=7 --gpu-policy=off -J '{log}' -i '{decoder_sixel}' -o '{null}'
65519a9733c583c7ac0bdaa302de269fad60b8e7,1920x1080,1920,1080,2073600,1114189,0dee79433e5fb73e188ea6579751b04036cca248fbb9e01b02391a85b7974486,6,6,timed,4,descending,11,6,6,6,6,6,0,parallel-direct,yes,yes,0.007425,0.00309,0.003997,0.06172,0.069226,'{sixel2png}' --threads=6 --gpu-policy=off -J '{log}' -i '{decoder_sixel}' -o '{null}'
65519a9733c583c7ac0bdaa302de269fad60b8e7,1920x1080,1920,1080,2073600,1114189,0dee79433e5fb73e188ea6579751b04036cca248fbb9e01b02391a85b7974486,5,6,timed,4,descending,12,5,5,5,5,5,0,parallel-direct,yes,yes,0.008478,0.003623,0.004607999999999999,0.061642999999999996,0.07021,'{sixel2png}' --threads=5 --gpu-policy=off -J '{log}' -i '{decoder_sixel}' -o '{null}'
65519a9733c583c7ac0bdaa302de269fad60b8e7,1920x1080,1920,1080,2073600,1114189,0dee79433e5fb73e188ea6579751b04036cca248fbb9e01b02391a85b7974486,4,6,timed,4,descending,13,4,4,4,4,4,0,parallel-direct,yes,yes,0.010219,0.004332,0.005625,0.061499,0.071797,'{sixel2png}' --threads=4 --gpu-policy=off -J '{log}' -i '{decoder_sixel}' -o '{null}'
65519a9733c583c7ac0bdaa302de269fad60b8e7,1920x1080,1920,1080,2073600,1114189,0dee79433e5fb73e188ea6579751b04036cca248fbb9e01b02391a85b7974486,3,6,timed,4,descending,14,3,3,3,3,3,0,parallel-direct,yes,yes,0.013038,0.005528,0.007269,0.064272,0.077397,'{sixel2png}' --threads=3 --gpu-policy=off -J '{log}' -i '{decoder_sixel}' -o '{null}'
65519a9733c583c7ac0bdaa302de269fad60b8e7,1920x1080,1920,1080,2073600,1114189,0dee79433e5fb73e188ea6579751b04036cca248fbb9e01b02391a85b7974486,2,6,timed,4,descending,15,2,2,2,2,2,0,parallel-direct,yes,yes,0.018025999999999997,0.007433,0.010313999999999999,0.061762,0.079873,'{sixel2png}' --threads=2 --gpu-policy=off -J '{log}' -i '{decoder_sixel}' -o '{null}'
65519a9733c583c7ac0bdaa302de269fad60b8e7,1920x1080,1920,1080,2073600,1114189,0dee79433e5fb73e188ea6579751b04036cca248fbb9e01b02391a85b7974486,1,6,timed,4,descending,16,0,0,0,0,0,0,serial,not-applicable,not-applicable,0.014529,,,0.061459,0.076082,'{sixel2png}' --threads=1 --gpu-policy=off -J '{log}' -i '{decoder_sixel}' -o '{null}'
65519a9733c583c7ac0bdaa302de269fad60b8e7,1920x1080,1920,1080,2073600,1114189,0dee79433e5fb73e188ea6579751b04036cca248fbb9e01b02391a85b7974486,1,7,timed,5,ascending,1,0,0,0,0,0,0,serial,not-applicable,not-applicable,0.014553,,,0.06162,0.076268,'{sixel2png}' --threads=1 --gpu-policy=off -J '{log}' -i '{decoder_sixel}' -o '{null}'
65519a9733c583c7ac0bdaa302de269fad60b8e7,1920x1080,1920,1080,2073600,1114189,0dee79433e5fb73e188ea6579751b04036cca248fbb9e01b02391a85b7974486,2,7,timed,5,ascending,2,2,2,2,2,2,0,parallel-direct,yes,yes,0.017824,0.007302,0.010294000000000001,0.062098999999999994,0.08000399999999999,'{sixel2png}' --threads=2 --gpu-policy=off -J '{log}' -i '{decoder_sixel}' -o '{null}'
65519a9733c583c7ac0bdaa302de269fad60b8e7,1920x1080,1920,1080,2073600,1114189,0dee79433e5fb73e188ea6579751b04036cca248fbb9e01b02391a85b7974486,3,7,timed,5,ascending,3,3,3,3,3,3,0,parallel-direct,yes,yes,0.013014,0.005494,0.0072889999999999995,0.061587,0.074682,'{sixel2png}' --threads=3 --gpu-policy=off -J '{log}' -i '{decoder_sixel}' -o '{null}'
65519a9733c583c7ac0bdaa302de269fad60b8e7,1920x1080,1920,1080,2073600,1114189,0dee79433e5fb73e188ea6579751b04036cca248fbb9e01b02391a85b7974486,4,7,timed,5,ascending,4,4,4,4,4,4,0,parallel-direct,yes,yes,0.010205,0.0043430000000000005,0.005608999999999999,0.061547000000000004,0.071829,'{sixel2png}' --threads=4 --gpu-policy=off -J '{log}' -i '{decoder_sixel}' -o '{null}'
65519a9733c583c7ac0bdaa302de269fad60b8e7,1920x1080,1920,1080,2073600,1114189,0dee79433e5fb73e188ea6579751b04036cca248fbb9e01b02391a85b7974486,5,7,timed,5,ascending,5,5,5,5,5,5,0,parallel-direct,yes,yes,0.008614,0.003648,0.0046949999999999995,0.061493,0.070195,'{sixel2png}' --threads=5 --gpu-policy=off -J '{log}' -i '{decoder_sixel}' -o '{null}'
65519a9733c583c7ac0bdaa302de269fad60b8e7,1920x1080,1920,1080,2073600,1114189,0dee79433e5fb73e188ea6579751b04036cca248fbb9e01b02391a85b7974486,6,7,timed,5,ascending,6,6,6,6,6,6,0,parallel-direct,yes,yes,0.007396,0.0031060000000000003,0.004002,0.061561,0.069031,'{sixel2png}' --threads=6 --gpu-policy=off -J '{log}' -i '{decoder_sixel}' -o '{null}'
65519a9733c583c7ac0bdaa302de269fad60b8e7,1920x1080,1920,1080,2073600,1114189,0dee79433e5fb73e188ea6579751b04036cca248fbb9e01b02391a85b7974486,7,7,timed,5,ascending,7,7,7,7,7,7,0,parallel-direct,yes,yes,0.0066419999999999995,0.0027819999999999998,0.0035359999999999996,0.061438000000000006,0.068177,'{sixel2png}' --threads=7 --gpu-policy=off -J '{log}' -i '{decoder_sixel}' -o '{null}'
65519a9733c583c7ac0bdaa302de269fad60b8e7,1920x1080,1920,1080,2073600,1114189,0dee79433e5fb73e188ea6579751b04036cca248fbb9e01b02391a85b7974486,8,7,timed,5,ascending,8,8,8,8,8,8,0,parallel-direct,yes,yes,0.00612,0.002558,0.0032309999999999995,0.061435000000000003,0.06764400000000001,'{sixel2png}' --threads=8 --gpu-policy=off -J '{log}' -i '{decoder_sixel}' -o '{null}'
65519a9733c583c7ac0bdaa302de269fad60b8e7,1920x1080,1920,1080,2073600,1114189,0dee79433e5fb73e188ea6579751b04036cca248fbb9e01b02391a85b7974486,9,7,timed,5,ascending,9,9,9,9,9,9,0,parallel-direct,yes,yes,0.005475,0.002293,0.0028140000000000005,0.063148,0.0687,'{sixel2png}' --threads=9 --gpu-policy=off -J '{log}' -i '{decoder_sixel}' -o '{null}'
65519a9733c583c7ac0bdaa302de269fad60b8e7,1920x1080,1920,1080,2073600,1114189,0dee79433e5fb73e188ea6579751b04036cca248fbb9e01b02391a85b7974486,10,7,timed,5,ascending,10,10,10,10,10,10,0,parallel-direct,yes,yes,0.005255,0.002164,0.0026729999999999996,0.063008,0.068354,'{sixel2png}' --threads=10 --gpu-policy=off -J '{log}' -i '{decoder_sixel}' -o '{null}'
65519a9733c583c7ac0bdaa302de269fad60b8e7,1920x1080,1920,1080,2073600,1114189,0dee79433e5fb73e188ea6579751b04036cca248fbb9e01b02391a85b7974486,11,7,timed,5,ascending,11,11,11,11,11,11,0,parallel-direct,yes,yes,0.006363000000000001,0.002686,0.003192,0.063475,0.069933,'{sixel2png}' --threads=11 --gpu-policy=off -J '{log}' -i '{decoder_sixel}' -o '{null}'
65519a9733c583c7ac0bdaa302de269fad60b8e7,1920x1080,1920,1080,2073600,1114189,0dee79433e5fb73e188ea6579751b04036cca248fbb9e01b02391a85b7974486,12,7,timed,5,ascending,12,12,12,12,12,12,0,parallel-direct,yes,yes,0.006333,0.0026109999999999996,0.0031650000000000003,0.061715000000000006,0.068133,'{sixel2png}' --threads=12 --gpu-policy=off -J '{log}' -i '{decoder_sixel}' -o '{null}'
65519a9733c583c7ac0bdaa302de269fad60b8e7,1920x1080,1920,1080,2073600,1114189,0dee79433e5fb73e188ea6579751b04036cca248fbb9e01b02391a85b7974486,13,7,timed,5,ascending,13,13,13,13,13,13,0,parallel-direct,yes,yes,0.006255,0.00261,0.0031400000000000004,0.063365,0.06970900000000001,'{sixel2png}' --threads=13 --gpu-policy=off -J '{log}' -i '{decoder_sixel}' -o '{null}'
65519a9733c583c7ac0bdaa302de269fad60b8e7,1920x1080,1920,1080,2073600,1114189,0dee79433e5fb73e188ea6579751b04036cca248fbb9e01b02391a85b7974486,14,7,timed,5,ascending,14,14,14,14,14,14,0,parallel-direct,yes,yes,0.006138,0.002328,0.0032719999999999997,0.062044,0.06826600000000001,'{sixel2png}' --threads=14 --gpu-policy=off -J '{log}' -i '{decoder_sixel}' -o '{null}'
65519a9733c583c7ac0bdaa302de269fad60b8e7,1920x1080,1920,1080,2073600,1114189,0dee79433e5fb73e188ea6579751b04036cca248fbb9e01b02391a85b7974486,15,7,timed,5,ascending,15,15,15,15,15,15,0,parallel-direct,yes,yes,0.006788,0.002758,0.003432,0.06606300000000001,0.072937,'{sixel2png}' --threads=15 --gpu-policy=off -J '{log}' -i '{decoder_sixel}' -o '{null}'
65519a9733c583c7ac0bdaa302de269fad60b8e7,1920x1080,1920,1080,2073600,1114189,0dee79433e5fb73e188ea6579751b04036cca248fbb9e01b02391a85b7974486,16,7,timed,5,ascending,16,16,16,16,16,16,0,parallel-direct,yes,yes,0.006607,0.002634,0.003344,0.067247,0.07395,'{sixel2png}' --threads=16 --gpu-policy=off -J '{log}' -i '{decoder_sixel}' -o '{null}'
65519a9733c583c7ac0bdaa302de269fad60b8e7,1920x1080,1920,1080,2073600,1114189,0dee79433e5fb73e188ea6579751b04036cca248fbb9e01b02391a85b7974486,16,8,timed,6,descending,1,16,16,16,16,16,0,parallel-direct,yes,yes,0.006541,0.002754,0.00323,0.065505,0.072161,'{sixel2png}' --threads=16 --gpu-policy=off -J '{log}' -i '{decoder_sixel}' -o '{null}'
65519a9733c583c7ac0bdaa302de269fad60b8e7,1920x1080,1920,1080,2073600,1114189,0dee79433e5fb73e188ea6579751b04036cca248fbb9e01b02391a85b7974486,15,8,timed,6,descending,2,15,15,15,15,15,0,parallel-direct,yes,yes,0.00659,0.002655,0.0033410000000000002,0.06365900000000001,0.070328,'{sixel2png}' --threads=15 --gpu-policy=off -J '{log}' -i '{decoder_sixel}' -o '{null}'
65519a9733c583c7ac0bdaa302de269fad60b8e7,1920x1080,1920,1080,2073600,1114189,0dee79433e5fb73e188ea6579751b04036cca248fbb9e01b02391a85b7974486,14,8,timed,6,descending,3,14,14,14,14,14,0,parallel-direct,yes,yes,0.00567,0.002444,0.0027319999999999996,0.06294499999999999,0.06870899999999999,'{sixel2png}' --threads=14 --gpu-policy=off -J '{log}' -i '{decoder_sixel}' -o '{null}'
65519a9733c583c7ac0bdaa302de269fad60b8e7,1920x1080,1920,1080,2073600,1114189,0dee79433e5fb73e188ea6579751b04036cca248fbb9e01b02391a85b7974486,13,8,timed,6,descending,4,13,13,13,13,13,0,parallel-direct,yes,yes,0.0058000000000000005,0.002488,0.002693,0.061453,0.067332,'{sixel2png}' --threads=13 --gpu-policy=off -J '{log}' -i '{decoder_sixel}' -o '{null}'
65519a9733c583c7ac0bdaa302de269fad60b8e7,1920x1080,1920,1080,2073600,1114189,0dee79433e5fb73e188ea6579751b04036cca248fbb9e01b02391a85b7974486,12,8,timed,6,descending,5,12,12,12,12,12,0,parallel-direct,yes,yes,0.006237,0.00255,0.0030979999999999996,0.06306199999999999,0.06938699999999999,'{sixel2png}' --threads=12 --gpu-policy=off -J '{log}' -i '{decoder_sixel}' -o '{null}'
65519a9733c583c7ac0bdaa302de269fad60b8e7,1920x1080,1920,1080,2073600,1114189,0dee79433e5fb73e188ea6579751b04036cca248fbb9e01b02391a85b7974486,11,8,timed,6,descending,6,11,11,11,11,11,0,parallel-direct,yes,yes,0.006338,0.0025900000000000003,0.003252,0.06318,0.069609,'{sixel2png}' --threads=11 --gpu-policy=off -J '{log}' -i '{decoder_sixel}' -o '{null}'
65519a9733c583c7ac0bdaa302de269fad60b8e7,1920x1080,1920,1080,2073600,1114189,0dee79433e5fb73e188ea6579751b04036cca248fbb9e01b02391a85b7974486,10,8,timed,6,descending,7,10,10,10,10,10,0,parallel-direct,yes,yes,0.005187,0.002156,0.0026739999999999997,0.06301799999999999,0.068296,'{sixel2png}' --threads=10 --gpu-policy=off -J '{log}' -i '{decoder_sixel}' -o '{null}'
65519a9733c583c7ac0bdaa302de269fad60b8e7,1920x1080,1920,1080,2073600,1114189,0dee79433e5fb73e188ea6579751b04036cca248fbb9e01b02391a85b7974486,9,8,timed,6,descending,8,9,9,9,9,9,0,parallel-direct,yes,yes,0.0055450000000000004,0.002287,0.002867,0.061627999999999995,0.067258,'{sixel2png}' --threads=9 --gpu-policy=off -J '{log}' -i '{decoder_sixel}' -o '{null}'
65519a9733c583c7ac0bdaa302de269fad60b8e7,1920x1080,1920,1080,2073600,1114189,0dee79433e5fb73e188ea6579751b04036cca248fbb9e01b02391a85b7974486,8,8,timed,6,descending,9,8,8,8,8,8,0,parallel-direct,yes,yes,0.006124,0.002556,0.003226,0.061652,0.067865,'{sixel2png}' --threads=8 --gpu-policy=off -J '{log}' -i '{decoder_sixel}' -o '{null}'
65519a9733c583c7ac0bdaa302de269fad60b8e7,1920x1080,1920,1080,2073600,1114189,0dee79433e5fb73e188ea6579751b04036cca248fbb9e01b02391a85b7974486,7,8,timed,6,descending,10,7,7,7,7,7,0,parallel-direct,yes,yes,0.006527,0.002601,0.0035689999999999997,0.06148499999999999,0.068102,'{sixel2png}' --threads=7 --gpu-policy=off -J '{log}' -i '{decoder_sixel}' -o '{null}'
65519a9733c583c7ac0bdaa302de269fad60b8e7,1920x1080,1920,1080,2073600,1114189,0dee79433e5fb73e188ea6579751b04036cca248fbb9e01b02391a85b7974486,6,8,timed,6,descending,11,6,6,6,6,6,0,parallel-direct,yes,yes,0.00745,0.003127,0.003998,0.061211999999999996,0.068745,'{sixel2png}' --threads=6 --gpu-policy=off -J '{log}' -i '{decoder_sixel}' -o '{null}'
65519a9733c583c7ac0bdaa302de269fad60b8e7,1920x1080,1920,1080,2073600,1114189,0dee79433e5fb73e188ea6579751b04036cca248fbb9e01b02391a85b7974486,5,8,timed,6,descending,12,5,5,5,5,5,0,parallel-direct,yes,yes,0.008498,0.0036299999999999995,0.004601,0.061978000000000005,0.070577,'{sixel2png}' --threads=5 --gpu-policy=off -J '{log}' -i '{decoder_sixel}' -o '{null}'
65519a9733c583c7ac0bdaa302de269fad60b8e7,1920x1080,1920,1080,2073600,1114189,0dee79433e5fb73e188ea6579751b04036cca248fbb9e01b02391a85b7974486,4,8,timed,6,descending,13,4,4,4,4,4,0,parallel-direct,yes,yes,0.010209,0.004337000000000001,0.005632999999999999,0.061466,0.071762,'{sixel2png}' --threads=4 --gpu-policy=off -J '{log}' -i '{decoder_sixel}' -o '{null}'
65519a9733c583c7ac0bdaa302de269fad60b8e7,1920x1080,1920,1080,2073600,1114189,0dee79433e5fb73e188ea6579751b04036cca248fbb9e01b02391a85b7974486,3,8,timed,6,descending,14,3,3,3,3,3,0,parallel-direct,yes,yes,0.012957,0.0055,0.007241,0.061200000000000004,0.07423800000000001,'{sixel2png}' --threads=3 --gpu-policy=off -J '{log}' -i '{decoder_sixel}' -o '{null}'
65519a9733c583c7ac0bdaa302de269fad60b8e7,1920x1080,1920,1080,2073600,1114189,0dee79433e5fb73e188ea6579751b04036cca248fbb9e01b02391a85b7974486,2,8,timed,6,descending,15,2,2,2,2,2,0,parallel-direct,yes,yes,0.018191,0.007644999999999999,0.010282,0.062492,0.080757,'{sixel2png}' --threads=2 --gpu-policy=off -J '{log}' -i '{decoder_sixel}' -o '{null}'
65519a9733c583c7ac0bdaa302de269fad60b8e7,1920x1080,1920,1080,2073600,1114189,0dee79433e5fb73e188ea6579751b04036cca248fbb9e01b02391a85b7974486,1,8,timed,6,descending,16,0,0,0,0,0,0,serial,not-applicable,not-applicable,0.014531,,,0.06161,0.076222,'{sixel2png}' --threads=1 --gpu-policy=off -J '{log}' -i '{decoder_sixel}' -o '{null}'
65519a9733c583c7ac0bdaa302de269fad60b8e7,1920x1080,1920,1080,2073600,1114189,0dee79433e5fb73e188ea6579751b04036cca248fbb9e01b02391a85b7974486,1,9,timed,7,ascending,1,0,0,0,0,0,0,serial,not-applicable,not-applicable,0.014556999999999999,,,0.061295,0.075937,'{sixel2png}' --threads=1 --gpu-policy=off -J '{log}' -i '{decoder_sixel}' -o '{null}'
65519a9733c583c7ac0bdaa302de269fad60b8e7,1920x1080,1920,1080,2073600,1114189,0dee79433e5fb73e188ea6579751b04036cca248fbb9e01b02391a85b7974486,2,9,timed,7,ascending,2,2,2,2,2,2,0,parallel-direct,yes,yes,0.017946,0.00737,0.010329,0.061340000000000006,0.07936900000000001,'{sixel2png}' --threads=2 --gpu-policy=off -J '{log}' -i '{decoder_sixel}' -o '{null}'
65519a9733c583c7ac0bdaa302de269fad60b8e7,1920x1080,1920,1080,2073600,1114189,0dee79433e5fb73e188ea6579751b04036cca248fbb9e01b02391a85b7974486,3,9,timed,7,ascending,3,3,3,3,3,3,0,parallel-direct,yes,yes,0.013009000000000001,0.0054989999999999995,0.0072840000000000005,0.06119499999999999,0.074282,'{sixel2png}' --threads=3 --gpu-policy=off -J '{log}' -i '{decoder_sixel}' -o '{null}'
65519a9733c583c7ac0bdaa302de269fad60b8e7,1920x1080,1920,1080,2073600,1114189,0dee79433e5fb73e188ea6579751b04036cca248fbb9e01b02391a85b7974486,4,9,timed,7,ascending,4,4,4,4,4,4,0,parallel-direct,yes,yes,0.010203,0.004327,0.005625000000000001,0.061466,0.071752,'{sixel2png}' --threads=4 --gpu-policy=off -J '{log}' -i '{decoder_sixel}' -o '{null}'
65519a9733c583c7ac0bdaa302de269fad60b8e7,1920x1080,1920,1080,2073600,1114189,0dee79433e5fb73e188ea6579751b04036cca248fbb9e01b02391a85b7974486,5,9,timed,7,ascending,5,5,5,5,5,5,0,parallel-direct,yes,yes,0.008577999999999999,0.003645,0.004661,0.061241,0.069911,'{sixel2png}' --threads=5 --gpu-policy=off -J '{log}' -i '{decoder_sixel}' -o '{null}'
65519a9733c583c7ac0bdaa302de269fad60b8e7,1920x1080,1920,1080,2073600,1114189,0dee79433e5fb73e188ea6579751b04036cca248fbb9e01b02391a85b7974486,6,9,timed,7,ascending,6,6,6,6,6,6,0,parallel-direct,yes,yes,0.007430000000000001,0.003129,0.003993,0.061307999999999994,0.068811,'{sixel2png}' --threads=6 --gpu-policy=off -J '{log}' -i '{decoder_sixel}' -o '{null}'
65519a9733c583c7ac0bdaa302de269fad60b8e7,1920x1080,1920,1080,2073600,1114189,0dee79433e5fb73e188ea6579751b04036cca248fbb9e01b02391a85b7974486,7,9,timed,7,ascending,7,7,7,7,7,7,0,parallel-direct,yes,yes,0.006462,0.002721,0.0033969999999999994,0.06141200000000001,0.06796500000000001,'{sixel2png}' --threads=7 --gpu-policy=off -J '{log}' -i '{decoder_sixel}' -o '{null}'
65519a9733c583c7ac0bdaa302de269fad60b8e7,1920x1080,1920,1080,2073600,1114189,0dee79433e5fb73e188ea6579751b04036cca248fbb9e01b02391a85b7974486,8,9,timed,7,ascending,8,8,8,8,8,8,0,parallel-direct,yes,yes,0.006065,0.00253,0.003208,0.061473,0.067618,'{sixel2png}' --threads=8 --gpu-policy=off -J '{log}' -i '{decoder_sixel}' -o '{null}'
65519a9733c583c7ac0bdaa302de269fad60b8e7,1920x1080,1920,1080,2073600,1114189,0dee79433e5fb73e188ea6579751b04036cca248fbb9e01b02391a85b7974486,9,9,timed,7,ascending,9,9,9,9,9,9,0,parallel-direct,yes,yes,0.005462000000000001,0.002305,0.002831,0.06154,0.06708,'{sixel2png}' --threads=9 --gpu-policy=off -J '{log}' -i '{decoder_sixel}' -o '{null}'
65519a9733c583c7ac0bdaa302de269fad60b8e7,1920x1080,1920,1080,2073600,1114189,0dee79433e5fb73e188ea6579751b04036cca248fbb9e01b02391a85b7974486,10,9,timed,7,ascending,10,10,10,10,10,10,0,parallel-direct,yes,yes,0.005195,0.002142,0.0026759999999999996,0.06321199999999999,0.068519,'{sixel2png}' --threads=10 --gpu-policy=off -J '{log}' -i '{decoder_sixel}' -o '{null}'
65519a9733c583c7ac0bdaa302de269fad60b8e7,1920x1080,1920,1080,2073600,1114189,0dee79433e5fb73e188ea6579751b04036cca248fbb9e01b02391a85b7974486,11,9,timed,7,ascending,11,11,11,11,11,11,0,parallel-direct,yes,yes,0.006386,0.002649,0.003308,0.061885,0.068373,'{sixel2png}' --threads=11 --gpu-policy=off -J '{log}' -i '{decoder_sixel}' -o '{null}'
65519a9733c583c7ac0bdaa302de269fad60b8e7,1920x1080,1920,1080,2073600,1114189,0dee79433e5fb73e188ea6579751b04036cca248fbb9e01b02391a85b7974486,12,9,timed,7,ascending,12,12,12,12,12,12,0,parallel-direct,yes,yes,0.0058839999999999995,0.0024739999999999996,0.0029549999999999997,0.063208,0.06917300000000001,'{sixel2png}' --threads=12 --gpu-policy=off -J '{log}' -i '{decoder_sixel}' -o '{null}'
65519a9733c583c7ac0bdaa302de269fad60b8e7,1920x1080,1920,1080,2073600,1114189,0dee79433e5fb73e188ea6579751b04036cca248fbb9e01b02391a85b7974486,13,9,timed,7,ascending,13,13,13,13,13,13,0,parallel-direct,yes,yes,0.005827,0.002496,0.0028569999999999997,0.061335,0.067247,'{sixel2png}' --threads=13 --gpu-policy=off -J '{log}' -i '{decoder_sixel}' -o '{null}'
65519a9733c583c7ac0bdaa302de269fad60b8e7,1920x1080,1920,1080,2073600,1114189,0dee79433e5fb73e188ea6579751b04036cca248fbb9e01b02391a85b7974486,14,9,timed,7,ascending,14,14,14,14,14,14,0,parallel-direct,yes,yes,0.0058790000000000005,0.002342,0.002941,0.061588000000000004,0.067553,'{sixel2png}' --threads=14 --gpu-policy=off -J '{log}' -i '{decoder_sixel}' -o '{null}'
65519a9733c583c7ac0bdaa302de269fad60b8e7,1920x1080,1920,1080,2073600,1114189,0dee79433e5fb73e188ea6579751b04036cca248fbb9e01b02391a85b7974486,15,9,timed,7,ascending,15,15,15,15,15,15,0,parallel-direct,yes,yes,0.006224,0.0023680000000000003,0.0033260000000000004,0.061464000000000005,0.06778,'{sixel2png}' --threads=15 --gpu-policy=off -J '{log}' -i '{decoder_sixel}' -o '{null}'
65519a9733c583c7ac0bdaa302de269fad60b8e7,1920x1080,1920,1080,2073600,1114189,0dee79433e5fb73e188ea6579751b04036cca248fbb9e01b02391a85b7974486,16,9,timed,7,ascending,16,16,16,16,16,16,0,parallel-direct,yes,yes,0.006315,0.002575,0.003007,0.061536,0.067958,'{sixel2png}' --threads=16 --gpu-policy=off -J '{log}' -i '{decoder_sixel}' -o '{null}'
65519a9733c583c7ac0bdaa302de269fad60b8e7,1920x1080,1920,1080,2073600,1114189,0dee79433e5fb73e188ea6579751b04036cca248fbb9e01b02391a85b7974486,16,10,timed,8,descending,1,16,16,16,16,16,0,parallel-direct,yes,yes,0.006273,0.002588,0.0030099999999999997,0.06279299999999999,0.069161,'{sixel2png}' --threads=16 --gpu-policy=off -J '{log}' -i '{decoder_sixel}' -o '{null}'
65519a9733c583c7ac0bdaa302de269fad60b8e7,1920x1080,1920,1080,2073600,1114189,0dee79433e5fb73e188ea6579751b04036cca248fbb9e01b02391a85b7974486,15,10,timed,8,descending,2,15,15,15,15,15,0,parallel-direct,yes,yes,0.006359999999999999,0.0025299999999999997,0.0032049999999999995,0.061375000000000006,0.067816,'{sixel2png}' --threads=15 --gpu-policy=off -J '{log}' -i '{decoder_sixel}' -o '{null}'
65519a9733c583c7ac0bdaa302de269fad60b8e7,1920x1080,1920,1080,2073600,1114189,0dee79433e5fb73e188ea6579751b04036cca248fbb9e01b02391a85b7974486,14,10,timed,8,descending,3,14,14,14,14,14,0,parallel-direct,yes,yes,0.005947,0.002607,0.0028959999999999997,0.061530999999999995,0.067563,'{sixel2png}' --threads=14 --gpu-policy=off -J '{log}' -i '{decoder_sixel}' -o '{null}'
65519a9733c583c7ac0bdaa302de269fad60b8e7,1920x1080,1920,1080,2073600,1114189,0dee79433e5fb73e188ea6579751b04036cca248fbb9e01b02391a85b7974486,13,10,timed,8,descending,4,13,13,13,13,13,0,parallel-direct,yes,yes,0.0060420000000000005,0.0025080000000000002,0.002982,0.061342999999999995,0.067464,'{sixel2png}' --threads=13 --gpu-policy=off -J '{log}' -i '{decoder_sixel}' -o '{null}'
65519a9733c583c7ac0bdaa302de269fad60b8e7,1920x1080,1920,1080,2073600,1114189,0dee79433e5fb73e188ea6579751b04036cca248fbb9e01b02391a85b7974486,12,10,timed,8,descending,5,12,12,12,12,12,0,parallel-direct,yes,yes,0.006081,0.0025789999999999997,0.002999,0.063094,0.06926,'{sixel2png}' --threads=12 --gpu-policy=off -J '{log}' -i '{decoder_sixel}' -o '{null}'
65519a9733c583c7ac0bdaa302de269fad60b8e7,1920x1080,1920,1080,2073600,1114189,0dee79433e5fb73e188ea6579751b04036cca248fbb9e01b02391a85b7974486,11,10,timed,8,descending,6,11,11,11,11,11,0,parallel-direct,yes,yes,0.006574999999999999,0.002595,0.0036010000000000005,0.063026,0.06969600000000001,'{sixel2png}' --threads=11 --gpu-policy=off -J '{log}' -i '{decoder_sixel}' -o '{null}'
65519a9733c583c7ac0bdaa302de269fad60b8e7,1920x1080,1920,1080,2073600,1114189,0dee79433e5fb73e188ea6579751b04036cca248fbb9e01b02391a85b7974486,10,10,timed,8,descending,7,10,10,10,10,10,0,parallel-direct,yes,yes,0.005208,0.002158,0.0026829999999999996,0.06158999999999999,0.06690399999999999,'{sixel2png}' --threads=10 --gpu-policy=off -J '{log}' -i '{decoder_sixel}' -o '{null}'
65519a9733c583c7ac0bdaa302de269fad60b8e7,1920x1080,1920,1080,2073600,1114189,0dee79433e5fb73e188ea6579751b04036cca248fbb9e01b02391a85b7974486,9,10,timed,8,descending,8,9,9,9,9,9,0,parallel-direct,yes,yes,0.005567,0.002296,0.0028870000000000002,0.061961999999999996,0.067609,'{sixel2png}' --threads=9 --gpu-policy=off -J '{log}' -i '{decoder_sixel}' -o '{null}'
65519a9733c583c7ac0bdaa302de269fad60b8e7,1920x1080,1920,1080,2073600,1114189,0dee79433e5fb73e188ea6579751b04036cca248fbb9e01b02391a85b7974486,8,10,timed,8,descending,9,8,8,8,8,8,0,parallel-direct,yes,yes,0.006096,0.002569,0.003211,0.06149899999999999,0.067675,'{sixel2png}' --threads=8 --gpu-policy=off -J '{log}' -i '{decoder_sixel}' -o '{null}'
65519a9733c583c7ac0bdaa302de269fad60b8e7,1920x1080,1920,1080,2073600,1114189,0dee79433e5fb73e188ea6579751b04036cca248fbb9e01b02391a85b7974486,7,10,timed,8,descending,10,7,7,7,7,7,0,parallel-direct,yes,yes,0.006654,0.002772,0.0035470000000000002,0.061738,0.06847600000000001,'{sixel2png}' --threads=7 --gpu-policy=off -J '{log}' -i '{decoder_sixel}' -o '{null}'
65519a9733c583c7ac0bdaa302de269fad60b8e7,1920x1080,1920,1080,2073600,1114189,0dee79433e5fb73e188ea6579751b04036cca248fbb9e01b02391a85b7974486,6,10,timed,8,descending,11,6,6,6,6,6,0,parallel-direct,yes,yes,0.007542,0.003095,0.0038620000000000004,0.061635,0.069249,'{sixel2png}' --threads=6 --gpu-policy=off -J '{log}' -i '{decoder_sixel}' -o '{null}'
65519a9733c583c7ac0bdaa302de269fad60b8e7,1920x1080,1920,1080,2073600,1114189,0dee79433e5fb73e188ea6579751b04036cca248fbb9e01b02391a85b7974486,5,10,timed,8,descending,12,5,5,5,5,5,0,parallel-direct,yes,yes,0.008773999999999999,0.003884,0.004629,0.061666000000000006,0.07076400000000001,'{sixel2png}' --threads=5 --gpu-policy=off -J '{log}' -i '{decoder_sixel}' -o '{null}'
65519a9733c583c7ac0bdaa302de269fad60b8e7,1920x1080,1920,1080,2073600,1114189,0dee79433e5fb73e188ea6579751b04036cca248fbb9e01b02391a85b7974486,4,10,timed,8,descending,13,4,4,4,4,4,0,parallel-direct,yes,yes,0.010187,0.004337,0.005606999999999999,0.061632,0.071896,'{sixel2png}' --threads=4 --gpu-policy=off -J '{log}' -i '{decoder_sixel}' -o '{null}'
65519a9733c583c7ac0bdaa302de269fad60b8e7,1920x1080,1920,1080,2073600,1114189,0dee79433e5fb73e188ea6579751b04036cca248fbb9e01b02391a85b7974486,3,10,timed,8,descending,14,3,3,3,3,3,0,parallel-direct,yes,yes,0.012998,0.005519,0.00727,0.062414,0.075492,'{sixel2png}' --threads=3 --gpu-policy=off -J '{log}' -i '{decoder_sixel}' -o '{null}'
65519a9733c583c7ac0bdaa302de269fad60b8e7,1920x1080,1920,1080,2073600,1114189,0dee79433e5fb73e188ea6579751b04036cca248fbb9e01b02391a85b7974486,2,10,timed,8,descending,15,2,2,2,2,2,0,parallel-direct,yes,yes,0.018238,0.007679000000000001,0.010304999999999998,0.06140699999999999,0.079733,'{sixel2png}' --threads=2 --gpu-policy=off -J '{log}' -i '{decoder_sixel}' -o '{null}'
65519a9733c583c7ac0bdaa302de269fad60b8e7,1920x1080,1920,1080,2073600,1114189,0dee79433e5fb73e188ea6579751b04036cca248fbb9e01b02391a85b7974486,1,10,timed,8,descending,16,0,0,0,0,0,0,serial,not-applicable,not-applicable,0.014433,,,0.061305,0.07608,'{sixel2png}' --threads=1 --gpu-policy=off -J '{log}' -i '{decoder_sixel}' -o '{null}'
65519a9733c583c7ac0bdaa302de269fad60b8e7,1920x1080,1920,1080,2073600,1114189,0dee79433e5fb73e188ea6579751b04036cca248fbb9e01b02391a85b7974486,1,11,timed,9,ascending,1,0,0,0,0,0,0,serial,not-applicable,not-applicable,0.014518999999999999,,,0.061708,0.076323,'{sixel2png}' --threads=1 --gpu-policy=off -J '{log}' -i '{decoder_sixel}' -o '{null}'
65519a9733c583c7ac0bdaa302de269fad60b8e7,1920x1080,1920,1080,2073600,1114189,0dee79433e5fb73e188ea6579751b04036cca248fbb9e01b02391a85b7974486,2,11,timed,9,ascending,2,2,2,2,2,2,0,parallel-direct,yes,yes,0.018009,0.007478,0.01029,0.06164,0.079731,'{sixel2png}' --threads=2 --gpu-policy=off -J '{log}' -i '{decoder_sixel}' -o '{null}'
65519a9733c583c7ac0bdaa302de269fad60b8e7,1920x1080,1920,1080,2073600,1114189,0dee79433e5fb73e188ea6579751b04036cca248fbb9e01b02391a85b7974486,3,11,timed,9,ascending,3,3,3,3,3,3,0,parallel-direct,yes,yes,0.013019000000000001,0.005513,0.007265,0.061605,0.074702,'{sixel2png}' --threads=3 --gpu-policy=off -J '{log}' -i '{decoder_sixel}' -o '{null}'
65519a9733c583c7ac0bdaa302de269fad60b8e7,1920x1080,1920,1080,2073600,1114189,0dee79433e5fb73e188ea6579751b04036cca248fbb9e01b02391a85b7974486,4,11,timed,9,ascending,4,4,4,4,4,4,0,parallel-direct,yes,yes,0.01024,0.004378,0.005627,0.061464,0.071786,'{sixel2png}' --threads=4 --gpu-policy=off -J '{log}' -i '{decoder_sixel}' -o '{null}'
65519a9733c583c7ac0bdaa302de269fad60b8e7,1920x1080,1920,1080,2073600,1114189,0dee79433e5fb73e188ea6579751b04036cca248fbb9e01b02391a85b7974486,5,11,timed,9,ascending,5,5,5,5,5,5,0,parallel-direct,yes,yes,0.008596,0.003638,0.0046879999999999995,0.061643,0.070331,'{sixel2png}' --threads=5 --gpu-policy=off -J '{log}' -i '{decoder_sixel}' -o '{null}'
65519a9733c583c7ac0bdaa302de269fad60b8e7,1920x1080,1920,1080,2073600,1114189,0dee79433e5fb73e188ea6579751b04036cca248fbb9e01b02391a85b7974486,6,11,timed,9,ascending,6,6,6,6,6,6,0,parallel-direct,yes,yes,0.008175,0.003819,0.004005000000000001,0.062463000000000005,0.07070900000000001,'{sixel2png}' --threads=6 --gpu-policy=off -J '{log}' -i '{decoder_sixel}' -o '{null}'
65519a9733c583c7ac0bdaa302de269fad60b8e7,1920x1080,1920,1080,2073600,1114189,0dee79433e5fb73e188ea6579751b04036cca248fbb9e01b02391a85b7974486,7,11,timed,9,ascending,7,7,7,7,7,7,0,parallel-direct,yes,yes,0.006969,0.003094,0.003582,0.062638,0.069686,'{sixel2png}' --threads=7 --gpu-policy=off -J '{log}' -i '{decoder_sixel}' -o '{null}'
65519a9733c583c7ac0bdaa302de269fad60b8e7,1920x1080,1920,1080,2073600,1114189,0dee79433e5fb73e188ea6579751b04036cca248fbb9e01b02391a85b7974486,8,11,timed,9,ascending,8,8,8,8,8,8,0,parallel-direct,yes,yes,0.006103,0.002544,0.0032280000000000004,0.061623,0.067821,'{sixel2png}' --threads=8 --gpu-policy=off -J '{log}' -i '{decoder_sixel}' -o '{null}'
65519a9733c583c7ac0bdaa302de269fad60b8e7,1920x1080,1920,1080,2073600,1114189,0dee79433e5fb73e188ea6579751b04036cca248fbb9e01b02391a85b7974486,9,11,timed,9,ascending,9,9,9,9,9,9,0,parallel-direct,yes,yes,0.005540000000000001,0.002302,0.002852,0.06171600000000001,0.067344,'{sixel2png}' --threads=9 --gpu-policy=off -J '{log}' -i '{decoder_sixel}' -o '{null}'
65519a9733c583c7ac0bdaa302de269fad60b8e7,1920x1080,1920,1080,2073600,1114189,0dee79433e5fb73e188ea6579751b04036cca248fbb9e01b02391a85b7974486,10,11,timed,9,ascending,10,10,10,10,10,10,0,parallel-direct,yes,yes,0.00548,0.002392,0.0027180000000000004,0.061589000000000005,0.067165,'{sixel2png}' --threads=10 --gpu-policy=off -J '{log}' -i '{decoder_sixel}' -o '{null}'
65519a9733c583c7ac0bdaa302de269fad60b8e7,1920x1080,1920,1080,2073600,1114189,0dee79433e5fb73e188ea6579751b04036cca248fbb9e01b02391a85b7974486,11,11,timed,9,ascending,11,11,11,11,11,11,0,parallel-direct,yes,yes,0.005986,0.002663,0.0028610000000000003,0.06163,0.06804299999999999,'{sixel2png}' --threads=11 --gpu-policy=off -J '{log}' -i '{decoder_sixel}' -o '{null}'
65519a9733c583c7ac0bdaa302de269fad60b8e7,1920x1080,1920,1080,2073600,1114189,0dee79433e5fb73e188ea6579751b04036cca248fbb9e01b02391a85b7974486,12,11,timed,9,ascending,12,12,12,12,12,12,0,parallel-direct,yes,yes,0.0059229999999999994,0.002508,0.0028819999999999996,0.061638,0.06763999999999999,'{sixel2png}' --threads=12 --gpu-policy=off -J '{log}' -i '{decoder_sixel}' -o '{null}'
65519a9733c583c7ac0bdaa302de269fad60b8e7,1920x1080,1920,1080,2073600,1114189,0dee79433e5fb73e188ea6579751b04036cca248fbb9e01b02391a85b7974486,13,11,timed,9,ascending,13,13,13,13,13,13,0,parallel-direct,yes,yes,0.006251,0.0025340000000000002,0.0030069999999999997,0.062351000000000004,0.068681,'{sixel2png}' --threads=13 --gpu-policy=off -J '{log}' -i '{decoder_sixel}' -o '{null}'
65519a9733c583c7ac0bdaa302de269fad60b8e7,1920x1080,1920,1080,2073600,1114189,0dee79433e5fb73e188ea6579751b04036cca248fbb9e01b02391a85b7974486,14,11,timed,9,ascending,14,14,14,14,14,14,0,parallel-direct,yes,yes,0.005862,0.002536,0.00262,0.061555000000000006,0.0675,'{sixel2png}' --threads=14 --gpu-policy=off -J '{log}' -i '{decoder_sixel}' -o '{null}'
65519a9733c583c7ac0bdaa302de269fad60b8e7,1920x1080,1920,1080,2073600,1114189,0dee79433e5fb73e188ea6579751b04036cca248fbb9e01b02391a85b7974486,15,11,timed,9,ascending,15,15,15,15,15,15,0,parallel-direct,yes,yes,0.006702,0.002696,0.00323,0.064084,0.070881,'{sixel2png}' --threads=15 --gpu-policy=off -J '{log}' -i '{decoder_sixel}' -o '{null}'
65519a9733c583c7ac0bdaa302de269fad60b8e7,1920x1080,1920,1080,2073600,1114189,0dee79433e5fb73e188ea6579751b04036cca248fbb9e01b02391a85b7974486,16,11,timed,9,ascending,16,16,16,16,16,16,0,parallel-direct,yes,yes,0.0064,0.002616,0.0030429999999999997,0.061481,0.06814100000000001,'{sixel2png}' --threads=16 --gpu-policy=off -J '{log}' -i '{decoder_sixel}' -o '{null}'
