revision,platform,input,colors,method,diffusion_option,encoded_bytes,bytes_vs_none,command
4e1e9283d0a8cfc2d27b8698658ef882de0b1dbf,macOS-26.5.1-arm64-arm-64bit-Mach-O,images/snake.png,8,none,none:scan=raster,48015,1.0,{img2sixel} --threads=1 --precision=8bit --quality=full '--loaders=libpng!' --quantize-model=kmeans:merge=ward:seed=1 -Xoklab -Wgamma --diffusion=none:scan=raster --gpu-policy=off --lookup-policy=none -p 8 {input}
4e1e9283d0a8cfc2d27b8698658ef882de0b1dbf,macOS-26.5.1-arm64-arm-64bit-Mach-O,images/snake.png,8,fs,fs:scan=raster,115441,2.40426949911486,{img2sixel} --threads=1 --precision=8bit --quality=full '--loaders=libpng!' --quantize-model=kmeans:merge=ward:seed=1 -Xoklab -Wgamma --diffusion=fs:scan=raster --gpu-policy=off --lookup-policy=none -p 8 {input}
4e1e9283d0a8cfc2d27b8698658ef882de0b1dbf,macOS-26.5.1-arm64-arm-64bit-Mach-O,images/snake.png,8,atkinson,atkinson:scan=raster,84918,1.7685723211496407,{img2sixel} --threads=1 --precision=8bit --quality=full '--loaders=libpng!' --quantize-model=kmeans:merge=ward:seed=1 -Xoklab -Wgamma --diffusion=atkinson:scan=raster --gpu-policy=off --lookup-policy=none -p 8 {input}
4e1e9283d0a8cfc2d27b8698658ef882de0b1dbf,macOS-26.5.1-arm64-arm-64bit-Mach-O,images/snake.png,8,jajuni,jajuni:scan=raster,102808,2.141164219514735,{img2sixel} --threads=1 --precision=8bit --quality=full '--loaders=libpng!' --quantize-model=kmeans:merge=ward:seed=1 -Xoklab -Wgamma --diffusion=jajuni:scan=raster --gpu-policy=off --lookup-policy=none -p 8 {input}
4e1e9283d0a8cfc2d27b8698658ef882de0b1dbf,macOS-26.5.1-arm64-arm-64bit-Mach-O,images/snake.png,8,stucki,stucki:scan=raster,91598,1.9076955118192231,{img2sixel} --threads=1 --precision=8bit --quality=full '--loaders=libpng!' --quantize-model=kmeans:merge=ward:seed=1 -Xoklab -Wgamma --diffusion=stucki:scan=raster --gpu-policy=off --lookup-policy=none -p 8 {input}
4e1e9283d0a8cfc2d27b8698658ef882de0b1dbf,macOS-26.5.1-arm64-arm-64bit-Mach-O,images/snake.png,8,burkes,burkes:scan=raster,109471,2.2799333541601583,{img2sixel} --threads=1 --precision=8bit --quality=full '--loaders=libpng!' --quantize-model=kmeans:merge=ward:seed=1 -Xoklab -Wgamma --diffusion=burkes:scan=raster --gpu-policy=off --lookup-policy=none -p 8 {input}
4e1e9283d0a8cfc2d27b8698658ef882de0b1dbf,macOS-26.5.1-arm64-arm-64bit-Mach-O,images/snake.png,8,sierra1,sierra:variant=1:scan=raster,117681,2.450921587004061,{img2sixel} --threads=1 --precision=8bit --quality=full '--loaders=libpng!' --quantize-model=kmeans:merge=ward:seed=1 -Xoklab -Wgamma --diffusion=sierra:variant=1:scan=raster --gpu-policy=off --lookup-policy=none -p 8 {input}
4e1e9283d0a8cfc2d27b8698658ef882de0b1dbf,macOS-26.5.1-arm64-arm-64bit-Mach-O,images/snake.png,8,sierra2,sierra:variant=2:scan=raster,81051,1.688034989065917,{img2sixel} --threads=1 --precision=8bit --quality=full '--loaders=libpng!' --quantize-model=kmeans:merge=ward:seed=1 -Xoklab -Wgamma --diffusion=sierra:variant=2:scan=raster --gpu-policy=off --lookup-policy=none -p 8 {input}
4e1e9283d0a8cfc2d27b8698658ef882de0b1dbf,macOS-26.5.1-arm64-arm-64bit-Mach-O,images/snake.png,8,sierra3,sierra:variant=3:scan=raster,103867,2.163219827137353,{img2sixel} --threads=1 --precision=8bit --quality=full '--loaders=libpng!' --quantize-model=kmeans:merge=ward:seed=1 -Xoklab -Wgamma --diffusion=sierra:variant=3:scan=raster --gpu-policy=off --lookup-policy=none -p 8 {input}
4e1e9283d0a8cfc2d27b8698658ef882de0b1dbf,macOS-26.5.1-arm64-arm-64bit-Mach-O,images/snake.png,8,lso2,lso2:scan=raster,88709,1.8475268145371238,{img2sixel} --threads=1 --precision=8bit --quality=full '--loaders=libpng!' --quantize-model=kmeans:merge=ward:seed=1 -Xoklab -Wgamma --diffusion=lso2:scan=raster --gpu-policy=off --lookup-policy=none -p 8 {input}
4e1e9283d0a8cfc2d27b8698658ef882de0b1dbf,macOS-26.5.1-arm64-arm-64bit-Mach-O,images/snake.png,8,a_dither,a_dither:strength=0.150:scan=raster,58171,1.2115172341976466,{img2sixel} --threads=1 --precision=8bit --quality=full '--loaders=libpng!' --quantize-model=kmeans:merge=ward:seed=1 -Xoklab -Wgamma --diffusion=a_dither:strength=0.150:scan=raster --gpu-policy=off --lookup-policy=none -p 8 {input}
4e1e9283d0a8cfc2d27b8698658ef882de0b1dbf,macOS-26.5.1-arm64-arm-64bit-Mach-O,images/snake.png,8,x_dither,x_dither:strength=0.100:scan=raster,53296,1.109986462563782,{img2sixel} --threads=1 --precision=8bit --quality=full '--loaders=libpng!' --quantize-model=kmeans:merge=ward:seed=1 -Xoklab -Wgamma --diffusion=x_dither:strength=0.100:scan=raster --gpu-policy=off --lookup-policy=none -p 8 {input}
4e1e9283d0a8cfc2d27b8698658ef882de0b1dbf,macOS-26.5.1-arm64-arm-64bit-Mach-O,images/snake.png,8,bluenoise,"bluenoise:strength=0.055:gradient_factor=0:phase=0,0:channel=mono:size=64:scan=raster",50470,1.0511298552535666,"{img2sixel} --threads=1 --precision=8bit --quality=full '--loaders=libpng!' --quantize-model=kmeans:merge=ward:seed=1 -Xoklab -Wgamma --diffusion=bluenoise:strength=0.055:gradient_factor=0:phase=0,0:channel=mono:size=64:scan=raster --gpu-policy=off --lookup-policy=none -p 8 {input}"
4e1e9283d0a8cfc2d27b8698658ef882de0b1dbf,macOS-26.5.1-arm64-arm-64bit-Mach-O,images/snake.png,16,none,none:scan=raster,72028,1.0,{img2sixel} --threads=1 --precision=8bit --quality=full '--loaders=libpng!' --quantize-model=kmeans:merge=ward:seed=1 -Xoklab -Wgamma --diffusion=none:scan=raster --gpu-policy=off --lookup-policy=none -p 16 {input}
4e1e9283d0a8cfc2d27b8698658ef882de0b1dbf,macOS-26.5.1-arm64-arm-64bit-Mach-O,images/snake.png,16,fs,fs:scan=raster,135813,1.8855583939579053,{img2sixel} --threads=1 --precision=8bit --quality=full '--loaders=libpng!' --quantize-model=kmeans:merge=ward:seed=1 -Xoklab -Wgamma --diffusion=fs:scan=raster --gpu-policy=off --lookup-policy=none -p 16 {input}
4e1e9283d0a8cfc2d27b8698658ef882de0b1dbf,macOS-26.5.1-arm64-arm-64bit-Mach-O,images/snake.png,16,atkinson,atkinson:scan=raster,116103,1.6119148109068695,{img2sixel} --threads=1 --precision=8bit --quality=full '--loaders=libpng!' --quantize-model=kmeans:merge=ward:seed=1 -Xoklab -Wgamma --diffusion=atkinson:scan=raster --gpu-policy=off --lookup-policy=none -p 16 {input}
4e1e9283d0a8cfc2d27b8698658ef882de0b1dbf,macOS-26.5.1-arm64-arm-64bit-Mach-O,images/snake.png,16,jajuni,jajuni:scan=raster,124617,1.7301188426722942,{img2sixel} --threads=1 --precision=8bit --quality=full '--loaders=libpng!' --quantize-model=kmeans:merge=ward:seed=1 -Xoklab -Wgamma --diffusion=jajuni:scan=raster --gpu-policy=off --lookup-policy=none -p 16 {input}
4e1e9283d0a8cfc2d27b8698658ef882de0b1dbf,macOS-26.5.1-arm64-arm-64bit-Mach-O,images/snake.png,16,stucki,stucki:scan=raster,122267,1.6974926417504304,{img2sixel} --threads=1 --precision=8bit --quality=full '--loaders=libpng!' --quantize-model=kmeans:merge=ward:seed=1 -Xoklab -Wgamma --diffusion=stucki:scan=raster --gpu-policy=off --lookup-policy=none -p 16 {input}
4e1e9283d0a8cfc2d27b8698658ef882de0b1dbf,macOS-26.5.1-arm64-arm-64bit-Mach-O,images/snake.png,16,burkes,burkes:scan=raster,129428,1.7969123118787138,{img2sixel} --threads=1 --precision=8bit --quality=full '--loaders=libpng!' --quantize-model=kmeans:merge=ward:seed=1 -Xoklab -Wgamma --diffusion=burkes:scan=raster --gpu-policy=off --lookup-policy=none -p 16 {input}
4e1e9283d0a8cfc2d27b8698658ef882de0b1dbf,macOS-26.5.1-arm64-arm-64bit-Mach-O,images/snake.png,16,sierra1,sierra:variant=1:scan=raster,138155,1.918073526961737,{img2sixel} --threads=1 --precision=8bit --quality=full '--loaders=libpng!' --quantize-model=kmeans:merge=ward:seed=1 -Xoklab -Wgamma --diffusion=sierra:variant=1:scan=raster --gpu-policy=off --lookup-policy=none -p 16 {input}
4e1e9283d0a8cfc2d27b8698658ef882de0b1dbf,macOS-26.5.1-arm64-arm-64bit-Mach-O,images/snake.png,16,sierra2,sierra:variant=2:scan=raster,111473,1.547634253345921,{img2sixel} --threads=1 --precision=8bit --quality=full '--loaders=libpng!' --quantize-model=kmeans:merge=ward:seed=1 -Xoklab -Wgamma --diffusion=sierra:variant=2:scan=raster --gpu-policy=off --lookup-policy=none -p 16 {input}
4e1e9283d0a8cfc2d27b8698658ef882de0b1dbf,macOS-26.5.1-arm64-arm-64bit-Mach-O,images/snake.png,16,sierra3,sierra:variant=3:scan=raster,125855,1.7473066029877269,{img2sixel} --threads=1 --precision=8bit --quality=full '--loaders=libpng!' --quantize-model=kmeans:merge=ward:seed=1 -Xoklab -Wgamma --diffusion=sierra:variant=3:scan=raster --gpu-policy=off --lookup-policy=none -p 16 {input}
4e1e9283d0a8cfc2d27b8698658ef882de0b1dbf,macOS-26.5.1-arm64-arm-64bit-Mach-O,images/snake.png,16,lso2,lso2:scan=raster,125627,1.7441411673238185,{img2sixel} --threads=1 --precision=8bit --quality=full '--loaders=libpng!' --quantize-model=kmeans:merge=ward:seed=1 -Xoklab -Wgamma --diffusion=lso2:scan=raster --gpu-policy=off --lookup-policy=none -p 16 {input}
4e1e9283d0a8cfc2d27b8698658ef882de0b1dbf,macOS-26.5.1-arm64-arm-64bit-Mach-O,images/snake.png,16,a_dither,a_dither:strength=0.150:scan=raster,90056,1.2502915532848338,{img2sixel} --threads=1 --precision=8bit --quality=full '--loaders=libpng!' --quantize-model=kmeans:merge=ward:seed=1 -Xoklab -Wgamma --diffusion=a_dither:strength=0.150:scan=raster --gpu-policy=off --lookup-policy=none -p 16 {input}
4e1e9283d0a8cfc2d27b8698658ef882de0b1dbf,macOS-26.5.1-arm64-arm-64bit-Mach-O,images/snake.png,16,x_dither,x_dither:strength=0.100:scan=raster,81809,1.135794413283723,{img2sixel} --threads=1 --precision=8bit --quality=full '--loaders=libpng!' --quantize-model=kmeans:merge=ward:seed=1 -Xoklab -Wgamma --diffusion=x_dither:strength=0.100:scan=raster --gpu-policy=off --lookup-policy=none -p 16 {input}
4e1e9283d0a8cfc2d27b8698658ef882de0b1dbf,macOS-26.5.1-arm64-arm-64bit-Mach-O,images/snake.png,16,bluenoise,"bluenoise:strength=0.055:gradient_factor=0:phase=0,0:channel=mono:size=64:scan=raster",77145,1.071041817071139,"{img2sixel} --threads=1 --precision=8bit --quality=full '--loaders=libpng!' --quantize-model=kmeans:merge=ward:seed=1 -Xoklab -Wgamma --diffusion=bluenoise:strength=0.055:gradient_factor=0:phase=0,0:channel=mono:size=64:scan=raster --gpu-policy=off --lookup-policy=none -p 16 {input}"
4e1e9283d0a8cfc2d27b8698658ef882de0b1dbf,macOS-26.5.1-arm64-arm-64bit-Mach-O,images/snake.png,32,none,none:scan=raster,108809,1.0,{img2sixel} --threads=1 --precision=8bit --quality=full '--loaders=libpng!' --quantize-model=kmeans:merge=ward:seed=1 -Xoklab -Wgamma --diffusion=none:scan=raster --gpu-policy=off --lookup-policy=none -p 32 {input}
4e1e9283d0a8cfc2d27b8698658ef882de0b1dbf,macOS-26.5.1-arm64-arm-64bit-Mach-O,images/snake.png,32,fs,fs:scan=raster,174853,1.6069718497550753,{img2sixel} --threads=1 --precision=8bit --quality=full '--loaders=libpng!' --quantize-model=kmeans:merge=ward:seed=1 -Xoklab -Wgamma --diffusion=fs:scan=raster --gpu-policy=off --lookup-policy=none -p 32 {input}
4e1e9283d0a8cfc2d27b8698658ef882de0b1dbf,macOS-26.5.1-arm64-arm-64bit-Mach-O,images/snake.png,32,atkinson,atkinson:scan=raster,146711,1.3483351560992198,{img2sixel} --threads=1 --precision=8bit --quality=full '--loaders=libpng!' --quantize-model=kmeans:merge=ward:seed=1 -Xoklab -Wgamma --diffusion=atkinson:scan=raster --gpu-policy=off --lookup-policy=none -p 32 {input}
4e1e9283d0a8cfc2d27b8698658ef882de0b1dbf,macOS-26.5.1-arm64-arm-64bit-Mach-O,images/snake.png,32,jajuni,jajuni:scan=raster,156167,1.4352397320074626,{img2sixel} --threads=1 --precision=8bit --quality=full '--loaders=libpng!' --quantize-model=kmeans:merge=ward:seed=1 -Xoklab -Wgamma --diffusion=jajuni:scan=raster --gpu-policy=off --lookup-policy=none -p 32 {input}
4e1e9283d0a8cfc2d27b8698658ef882de0b1dbf,macOS-26.5.1-arm64-arm-64bit-Mach-O,images/snake.png,32,stucki,stucki:scan=raster,150494,1.3831025007122573,{img2sixel} --threads=1 --precision=8bit --quality=full '--loaders=libpng!' --quantize-model=kmeans:merge=ward:seed=1 -Xoklab -Wgamma --diffusion=stucki:scan=raster --gpu-policy=off --lookup-policy=none -p 32 {input}
4e1e9283d0a8cfc2d27b8698658ef882de0b1dbf,macOS-26.5.1-arm64-arm-64bit-Mach-O,images/snake.png,32,burkes,burkes:scan=raster,164059,1.5077704969258057,{img2sixel} --threads=1 --precision=8bit --quality=full '--loaders=libpng!' --quantize-model=kmeans:merge=ward:seed=1 -Xoklab -Wgamma --diffusion=burkes:scan=raster --gpu-policy=off --lookup-policy=none -p 32 {input}
4e1e9283d0a8cfc2d27b8698658ef882de0b1dbf,macOS-26.5.1-arm64-arm-64bit-Mach-O,images/snake.png,32,sierra1,sierra:variant=1:scan=raster,178054,1.6363903721199533,{img2sixel} --threads=1 --precision=8bit --quality=full '--loaders=libpng!' --quantize-model=kmeans:merge=ward:seed=1 -Xoklab -Wgamma --diffusion=sierra:variant=1:scan=raster --gpu-policy=off --lookup-policy=none -p 32 {input}
4e1e9283d0a8cfc2d27b8698658ef882de0b1dbf,macOS-26.5.1-arm64-arm-64bit-Mach-O,images/snake.png,32,sierra2,sierra:variant=2:scan=raster,142356,1.308310893400362,{img2sixel} --threads=1 --precision=8bit --quality=full '--loaders=libpng!' --quantize-model=kmeans:merge=ward:seed=1 -Xoklab -Wgamma --diffusion=sierra:variant=2:scan=raster --gpu-policy=off --lookup-policy=none -p 32 {input}
4e1e9283d0a8cfc2d27b8698658ef882de0b1dbf,macOS-26.5.1-arm64-arm-64bit-Mach-O,images/snake.png,32,sierra3,sierra:variant=3:scan=raster,157780,1.450063873392826,{img2sixel} --threads=1 --precision=8bit --quality=full '--loaders=libpng!' --quantize-model=kmeans:merge=ward:seed=1 -Xoklab -Wgamma --diffusion=sierra:variant=3:scan=raster --gpu-policy=off --lookup-policy=none -p 32 {input}
4e1e9283d0a8cfc2d27b8698658ef882de0b1dbf,macOS-26.5.1-arm64-arm-64bit-Mach-O,images/snake.png,32,lso2,lso2:scan=raster,158236,1.4542547031955078,{img2sixel} --threads=1 --precision=8bit --quality=full '--loaders=libpng!' --quantize-model=kmeans:merge=ward:seed=1 -Xoklab -Wgamma --diffusion=lso2:scan=raster --gpu-policy=off --lookup-policy=none -p 32 {input}
4e1e9283d0a8cfc2d27b8698658ef882de0b1dbf,macOS-26.5.1-arm64-arm-64bit-Mach-O,images/snake.png,32,a_dither,a_dither:strength=0.150:scan=raster,145420,1.3364703287411888,{img2sixel} --threads=1 --precision=8bit --quality=full '--loaders=libpng!' --quantize-model=kmeans:merge=ward:seed=1 -Xoklab -Wgamma --diffusion=a_dither:strength=0.150:scan=raster --gpu-policy=off --lookup-policy=none -p 32 {input}
4e1e9283d0a8cfc2d27b8698658ef882de0b1dbf,macOS-26.5.1-arm64-arm-64bit-Mach-O,images/snake.png,32,x_dither,x_dither:strength=0.100:scan=raster,129624,1.191298513909695,{img2sixel} --threads=1 --precision=8bit --quality=full '--loaders=libpng!' --quantize-model=kmeans:merge=ward:seed=1 -Xoklab -Wgamma --diffusion=x_dither:strength=0.100:scan=raster --gpu-policy=off --lookup-policy=none -p 32 {input}
4e1e9283d0a8cfc2d27b8698658ef882de0b1dbf,macOS-26.5.1-arm64-arm-64bit-Mach-O,images/snake.png,32,bluenoise,"bluenoise:strength=0.055:gradient_factor=0:phase=0,0:channel=mono:size=64:scan=raster",118773,1.0915733073550902,"{img2sixel} --threads=1 --precision=8bit --quality=full '--loaders=libpng!' --quantize-model=kmeans:merge=ward:seed=1 -Xoklab -Wgamma --diffusion=bluenoise:strength=0.055:gradient_factor=0:phase=0,0:channel=mono:size=64:scan=raster --gpu-policy=off --lookup-policy=none -p 32 {input}"
4e1e9283d0a8cfc2d27b8698658ef882de0b1dbf,macOS-26.5.1-arm64-arm-64bit-Mach-O,images/snake.png,64,none,none:scan=raster,141634,1.0,{img2sixel} --threads=1 --precision=8bit --quality=full '--loaders=libpng!' --quantize-model=kmeans:merge=ward:seed=1 -Xoklab -Wgamma --diffusion=none:scan=raster --gpu-policy=off --lookup-policy=none -p 64 {input}
4e1e9283d0a8cfc2d27b8698658ef882de0b1dbf,macOS-26.5.1-arm64-arm-64bit-Mach-O,images/snake.png,64,fs,fs:scan=raster,213863,1.5099693576401148,{img2sixel} --threads=1 --precision=8bit --quality=full '--loaders=libpng!' --quantize-model=kmeans:merge=ward:seed=1 -Xoklab -Wgamma --diffusion=fs:scan=raster --gpu-policy=off --lookup-policy=none -p 64 {input}
4e1e9283d0a8cfc2d27b8698658ef882de0b1dbf,macOS-26.5.1-arm64-arm-64bit-Mach-O,images/snake.png,64,atkinson,atkinson:scan=raster,182798,1.2906364291060055,{img2sixel} --threads=1 --precision=8bit --quality=full '--loaders=libpng!' --quantize-model=kmeans:merge=ward:seed=1 -Xoklab -Wgamma --diffusion=atkinson:scan=raster --gpu-policy=off --lookup-policy=none -p 64 {input}
4e1e9283d0a8cfc2d27b8698658ef882de0b1dbf,macOS-26.5.1-arm64-arm-64bit-Mach-O,images/snake.png,64,jajuni,jajuni:scan=raster,191176,1.349788892497564,{img2sixel} --threads=1 --precision=8bit --quality=full '--loaders=libpng!' --quantize-model=kmeans:merge=ward:seed=1 -Xoklab -Wgamma --diffusion=jajuni:scan=raster --gpu-policy=off --lookup-policy=none -p 64 {input}
4e1e9283d0a8cfc2d27b8698658ef882de0b1dbf,macOS-26.5.1-arm64-arm-64bit-Mach-O,images/snake.png,64,stucki,stucki:scan=raster,188020,1.3275061072906222,{img2sixel} --threads=1 --precision=8bit --quality=full '--loaders=libpng!' --quantize-model=kmeans:merge=ward:seed=1 -Xoklab -Wgamma --diffusion=stucki:scan=raster --gpu-policy=off --lookup-policy=none -p 64 {input}
4e1e9283d0a8cfc2d27b8698658ef882de0b1dbf,macOS-26.5.1-arm64-arm-64bit-Mach-O,images/snake.png,64,burkes,burkes:scan=raster,201065,1.4196096982362991,{img2sixel} --threads=1 --precision=8bit --quality=full '--loaders=libpng!' --quantize-model=kmeans:merge=ward:seed=1 -Xoklab -Wgamma --diffusion=burkes:scan=raster --gpu-policy=off --lookup-policy=none -p 64 {input}
4e1e9283d0a8cfc2d27b8698658ef882de0b1dbf,macOS-26.5.1-arm64-arm-64bit-Mach-O,images/snake.png,64,sierra1,sierra:variant=1:scan=raster,217293,1.534186706581753,{img2sixel} --threads=1 --precision=8bit --quality=full '--loaders=libpng!' --quantize-model=kmeans:merge=ward:seed=1 -Xoklab -Wgamma --diffusion=sierra:variant=1:scan=raster --gpu-policy=off --lookup-policy=none -p 64 {input}
4e1e9283d0a8cfc2d27b8698658ef882de0b1dbf,macOS-26.5.1-arm64-arm-64bit-Mach-O,images/snake.png,64,sierra2,sierra:variant=2:scan=raster,177209,1.2511755651891494,{img2sixel} --threads=1 --precision=8bit --quality=full '--loaders=libpng!' --quantize-model=kmeans:merge=ward:seed=1 -Xoklab -Wgamma --diffusion=sierra:variant=2:scan=raster --gpu-policy=off --lookup-policy=none -p 64 {input}
4e1e9283d0a8cfc2d27b8698658ef882de0b1dbf,macOS-26.5.1-arm64-arm-64bit-Mach-O,images/snake.png,64,sierra3,sierra:variant=3:scan=raster,193109,1.3634367454142367,{img2sixel} --threads=1 --precision=8bit --quality=full '--loaders=libpng!' --quantize-model=kmeans:merge=ward:seed=1 -Xoklab -Wgamma --diffusion=sierra:variant=3:scan=raster --gpu-policy=off --lookup-policy=none -p 64 {input}
4e1e9283d0a8cfc2d27b8698658ef882de0b1dbf,macOS-26.5.1-arm64-arm-64bit-Mach-O,images/snake.png,64,lso2,lso2:scan=raster,203695,1.4381786859087506,{img2sixel} --threads=1 --precision=8bit --quality=full '--loaders=libpng!' --quantize-model=kmeans:merge=ward:seed=1 -Xoklab -Wgamma --diffusion=lso2:scan=raster --gpu-policy=off --lookup-policy=none -p 64 {input}
4e1e9283d0a8cfc2d27b8698658ef882de0b1dbf,macOS-26.5.1-arm64-arm-64bit-Mach-O,images/snake.png,64,a_dither,a_dither:strength=0.150:scan=raster,194909,1.376145558269907,{img2sixel} --threads=1 --precision=8bit --quality=full '--loaders=libpng!' --quantize-model=kmeans:merge=ward:seed=1 -Xoklab -Wgamma --diffusion=a_dither:strength=0.150:scan=raster --gpu-policy=off --lookup-policy=none -p 64 {input}
4e1e9283d0a8cfc2d27b8698658ef882de0b1dbf,macOS-26.5.1-arm64-arm-64bit-Mach-O,images/snake.png,64,x_dither,x_dither:strength=0.100:scan=raster,172379,1.2170735840264344,{img2sixel} --threads=1 --precision=8bit --quality=full '--loaders=libpng!' --quantize-model=kmeans:merge=ward:seed=1 -Xoklab -Wgamma --diffusion=x_dither:strength=0.100:scan=raster --gpu-policy=off --lookup-policy=none -p 64 {input}
4e1e9283d0a8cfc2d27b8698658ef882de0b1dbf,macOS-26.5.1-arm64-arm-64bit-Mach-O,images/snake.png,64,bluenoise,"bluenoise:strength=0.055:gradient_factor=0:phase=0,0:channel=mono:size=64:scan=raster",156105,1.1021717949080023,"{img2sixel} --threads=1 --precision=8bit --quality=full '--loaders=libpng!' --quantize-model=kmeans:merge=ward:seed=1 -Xoklab -Wgamma --diffusion=bluenoise:strength=0.055:gradient_factor=0:phase=0,0:channel=mono:size=64:scan=raster --gpu-policy=off --lookup-policy=none -p 64 {input}"
4e1e9283d0a8cfc2d27b8698658ef882de0b1dbf,macOS-26.5.1-arm64-arm-64bit-Mach-O,images/snake.png,128,none,none:scan=raster,205331,1.0,{img2sixel} --threads=1 --precision=8bit --quality=full '--loaders=libpng!' --quantize-model=kmeans:merge=ward:seed=1 -Xoklab -Wgamma --diffusion=none:scan=raster --gpu-policy=off --lookup-policy=none -p 128 {input}
4e1e9283d0a8cfc2d27b8698658ef882de0b1dbf,macOS-26.5.1-arm64-arm-64bit-Mach-O,images/snake.png,128,fs,fs:scan=raster,272365,1.3264679955778718,{img2sixel} --threads=1 --precision=8bit --quality=full '--loaders=libpng!' --quantize-model=kmeans:merge=ward:seed=1 -Xoklab -Wgamma --diffusion=fs:scan=raster --gpu-policy=off --lookup-policy=none -p 128 {input}
4e1e9283d0a8cfc2d27b8698658ef882de0b1dbf,macOS-26.5.1-arm64-arm-64bit-Mach-O,images/snake.png,128,atkinson,atkinson:scan=raster,246893,1.2024146378286766,{img2sixel} --threads=1 --precision=8bit --quality=full '--loaders=libpng!' --quantize-model=kmeans:merge=ward:seed=1 -Xoklab -Wgamma --diffusion=atkinson:scan=raster --gpu-policy=off --lookup-policy=none -p 128 {input}
4e1e9283d0a8cfc2d27b8698658ef882de0b1dbf,macOS-26.5.1-arm64-arm-64bit-Mach-O,images/snake.png,128,jajuni,jajuni:scan=raster,244536,1.190935611281297,{img2sixel} --threads=1 --precision=8bit --quality=full '--loaders=libpng!' --quantize-model=kmeans:merge=ward:seed=1 -Xoklab -Wgamma --diffusion=jajuni:scan=raster --gpu-policy=off --lookup-policy=none -p 128 {input}
4e1e9283d0a8cfc2d27b8698658ef882de0b1dbf,macOS-26.5.1-arm64-arm-64bit-Mach-O,images/snake.png,128,stucki,stucki:scan=raster,248338,1.2094520554616692,{img2sixel} --threads=1 --precision=8bit --quality=full '--loaders=libpng!' --quantize-model=kmeans:merge=ward:seed=1 -Xoklab -Wgamma --diffusion=stucki:scan=raster --gpu-policy=off --lookup-policy=none -p 128 {input}
4e1e9283d0a8cfc2d27b8698658ef882de0b1dbf,macOS-26.5.1-arm64-arm-64bit-Mach-O,images/snake.png,128,burkes,burkes:scan=raster,256778,1.2505564186606017,{img2sixel} --threads=1 --precision=8bit --quality=full '--loaders=libpng!' --quantize-model=kmeans:merge=ward:seed=1 -Xoklab -Wgamma --diffusion=burkes:scan=raster --gpu-policy=off --lookup-policy=none -p 128 {input}
4e1e9283d0a8cfc2d27b8698658ef882de0b1dbf,macOS-26.5.1-arm64-arm-64bit-Mach-O,images/snake.png,128,sierra1,sierra:variant=1:scan=raster,276432,1.346275038839727,{img2sixel} --threads=1 --precision=8bit --quality=full '--loaders=libpng!' --quantize-model=kmeans:merge=ward:seed=1 -Xoklab -Wgamma --diffusion=sierra:variant=1:scan=raster --gpu-policy=off --lookup-policy=none -p 128 {input}
4e1e9283d0a8cfc2d27b8698658ef882de0b1dbf,macOS-26.5.1-arm64-arm-64bit-Mach-O,images/snake.png,128,sierra2,sierra:variant=2:scan=raster,240588,1.1717081200598058,{img2sixel} --threads=1 --precision=8bit --quality=full '--loaders=libpng!' --quantize-model=kmeans:merge=ward:seed=1 -Xoklab -Wgamma --diffusion=sierra:variant=2:scan=raster --gpu-policy=off --lookup-policy=none -p 128 {input}
4e1e9283d0a8cfc2d27b8698658ef882de0b1dbf,macOS-26.5.1-arm64-arm-64bit-Mach-O,images/snake.png,128,sierra3,sierra:variant=3:scan=raster,246533,1.200661371151945,{img2sixel} --threads=1 --precision=8bit --quality=full '--loaders=libpng!' --quantize-model=kmeans:merge=ward:seed=1 -Xoklab -Wgamma --diffusion=sierra:variant=3:scan=raster --gpu-policy=off --lookup-policy=none -p 128 {input}
4e1e9283d0a8cfc2d27b8698658ef882de0b1dbf,macOS-26.5.1-arm64-arm-64bit-Mach-O,images/snake.png,128,lso2,lso2:scan=raster,269216,1.3111317823416824,{img2sixel} --threads=1 --precision=8bit --quality=full '--loaders=libpng!' --quantize-model=kmeans:merge=ward:seed=1 -Xoklab -Wgamma --diffusion=lso2:scan=raster --gpu-policy=off --lookup-policy=none -p 128 {input}
4e1e9283d0a8cfc2d27b8698658ef882de0b1dbf,macOS-26.5.1-arm64-arm-64bit-Mach-O,images/snake.png,128,a_dither,a_dither:strength=0.150:scan=raster,291051,1.4174722764706742,{img2sixel} --threads=1 --precision=8bit --quality=full '--loaders=libpng!' --quantize-model=kmeans:merge=ward:seed=1 -Xoklab -Wgamma --diffusion=a_dither:strength=0.150:scan=raster --gpu-policy=off --lookup-policy=none -p 128 {input}
4e1e9283d0a8cfc2d27b8698658ef882de0b1dbf,macOS-26.5.1-arm64-arm-64bit-Mach-O,images/snake.png,128,x_dither,x_dither:strength=0.100:scan=raster,257416,1.2536635968265872,{img2sixel} --threads=1 --precision=8bit --quality=full '--loaders=libpng!' --quantize-model=kmeans:merge=ward:seed=1 -Xoklab -Wgamma --diffusion=x_dither:strength=0.100:scan=raster --gpu-policy=off --lookup-policy=none -p 128 {input}
4e1e9283d0a8cfc2d27b8698658ef882de0b1dbf,macOS-26.5.1-arm64-arm-64bit-Mach-O,images/snake.png,128,bluenoise,"bluenoise:strength=0.055:gradient_factor=0:phase=0,0:channel=mono:size=64:scan=raster",226374,1.1024833074401819,"{img2sixel} --threads=1 --precision=8bit --quality=full '--loaders=libpng!' --quantize-model=kmeans:merge=ward:seed=1 -Xoklab -Wgamma --diffusion=bluenoise:strength=0.055:gradient_factor=0:phase=0,0:channel=mono:size=64:scan=raster --gpu-policy=off --lookup-policy=none -p 128 {input}"
4e1e9283d0a8cfc2d27b8698658ef882de0b1dbf,macOS-26.5.1-arm64-arm-64bit-Mach-O,images/snake.png,256,none,none:scan=raster,273204,1.0,{img2sixel} --threads=1 --precision=8bit --quality=full '--loaders=libpng!' --quantize-model=kmeans:merge=ward:seed=1 -Xoklab -Wgamma --diffusion=none:scan=raster --gpu-policy=off --lookup-policy=none -p 256 {input}
4e1e9283d0a8cfc2d27b8698658ef882de0b1dbf,macOS-26.5.1-arm64-arm-64bit-Mach-O,images/snake.png,256,fs,fs:scan=raster,348148,1.2743151637604135,{img2sixel} --threads=1 --precision=8bit --quality=full '--loaders=libpng!' --quantize-model=kmeans:merge=ward:seed=1 -Xoklab -Wgamma --diffusion=fs:scan=raster --gpu-policy=off --lookup-policy=none -p 256 {input}
4e1e9283d0a8cfc2d27b8698658ef882de0b1dbf,macOS-26.5.1-arm64-arm-64bit-Mach-O,images/snake.png,256,atkinson,atkinson:scan=raster,317580,1.1624280757236352,{img2sixel} --threads=1 --precision=8bit --quality=full '--loaders=libpng!' --quantize-model=kmeans:merge=ward:seed=1 -Xoklab -Wgamma --diffusion=atkinson:scan=raster --gpu-policy=off --lookup-policy=none -p 256 {input}
4e1e9283d0a8cfc2d27b8698658ef882de0b1dbf,macOS-26.5.1-arm64-arm-64bit-Mach-O,images/snake.png,256,jajuni,jajuni:scan=raster,314559,1.1513704045328765,{img2sixel} --threads=1 --precision=8bit --quality=full '--loaders=libpng!' --quantize-model=kmeans:merge=ward:seed=1 -Xoklab -Wgamma --diffusion=jajuni:scan=raster --gpu-policy=off --lookup-policy=none -p 256 {input}
4e1e9283d0a8cfc2d27b8698658ef882de0b1dbf,macOS-26.5.1-arm64-arm-64bit-Mach-O,images/snake.png,256,stucki,stucki:scan=raster,319159,1.1682076397124492,{img2sixel} --threads=1 --precision=8bit --quality=full '--loaders=libpng!' --quantize-model=kmeans:merge=ward:seed=1 -Xoklab -Wgamma --diffusion=stucki:scan=raster --gpu-policy=off --lookup-policy=none -p 256 {input}
4e1e9283d0a8cfc2d27b8698658ef882de0b1dbf,macOS-26.5.1-arm64-arm-64bit-Mach-O,images/snake.png,256,burkes,burkes:scan=raster,329723,1.20687471632919,{img2sixel} --threads=1 --precision=8bit --quality=full '--loaders=libpng!' --quantize-model=kmeans:merge=ward:seed=1 -Xoklab -Wgamma --diffusion=burkes:scan=raster --gpu-policy=off --lookup-policy=none -p 256 {input}
4e1e9283d0a8cfc2d27b8698658ef882de0b1dbf,macOS-26.5.1-arm64-arm-64bit-Mach-O,images/snake.png,256,sierra1,sierra:variant=1:scan=raster,352773,1.2912439056529188,{img2sixel} --threads=1 --precision=8bit --quality=full '--loaders=libpng!' --quantize-model=kmeans:merge=ward:seed=1 -Xoklab -Wgamma --diffusion=sierra:variant=1:scan=raster --gpu-policy=off --lookup-policy=none -p 256 {input}
4e1e9283d0a8cfc2d27b8698658ef882de0b1dbf,macOS-26.5.1-arm64-arm-64bit-Mach-O,images/snake.png,256,sierra2,sierra:variant=2:scan=raster,309951,1.1345038872051654,{img2sixel} --threads=1 --precision=8bit --quality=full '--loaders=libpng!' --quantize-model=kmeans:merge=ward:seed=1 -Xoklab -Wgamma --diffusion=sierra:variant=2:scan=raster --gpu-policy=off --lookup-policy=none -p 256 {input}
4e1e9283d0a8cfc2d27b8698658ef882de0b1dbf,macOS-26.5.1-arm64-arm-64bit-Mach-O,images/snake.png,256,sierra3,sierra:variant=3:scan=raster,317397,1.1617582465849694,{img2sixel} --threads=1 --precision=8bit --quality=full '--loaders=libpng!' --quantize-model=kmeans:merge=ward:seed=1 -Xoklab -Wgamma --diffusion=sierra:variant=3:scan=raster --gpu-policy=off --lookup-policy=none -p 256 {input}
4e1e9283d0a8cfc2d27b8698658ef882de0b1dbf,macOS-26.5.1-arm64-arm-64bit-Mach-O,images/snake.png,256,lso2,lso2:scan=raster,345931,1.2662003484575628,{img2sixel} --threads=1 --precision=8bit --quality=full '--loaders=libpng!' --quantize-model=kmeans:merge=ward:seed=1 -Xoklab -Wgamma --diffusion=lso2:scan=raster --gpu-policy=off --lookup-policy=none -p 256 {input}
4e1e9283d0a8cfc2d27b8698658ef882de0b1dbf,macOS-26.5.1-arm64-arm-64bit-Mach-O,images/snake.png,256,a_dither,a_dither:strength=0.150:scan=raster,408005,1.4934078564003455,{img2sixel} --threads=1 --precision=8bit --quality=full '--loaders=libpng!' --quantize-model=kmeans:merge=ward:seed=1 -Xoklab -Wgamma --diffusion=a_dither:strength=0.150:scan=raster --gpu-policy=off --lookup-policy=none -p 256 {input}
4e1e9283d0a8cfc2d27b8698658ef882de0b1dbf,macOS-26.5.1-arm64-arm-64bit-Mach-O,images/snake.png,256,x_dither,x_dither:strength=0.100:scan=raster,357325,1.3079054479436611,{img2sixel} --threads=1 --precision=8bit --quality=full '--loaders=libpng!' --quantize-model=kmeans:merge=ward:seed=1 -Xoklab -Wgamma --diffusion=x_dither:strength=0.100:scan=raster --gpu-policy=off --lookup-policy=none -p 256 {input}
4e1e9283d0a8cfc2d27b8698658ef882de0b1dbf,macOS-26.5.1-arm64-arm-64bit-Mach-O,images/snake.png,256,bluenoise,"bluenoise:strength=0.055:gradient_factor=0:phase=0,0:channel=mono:size=64:scan=raster",301437,1.1033403610488866,"{img2sixel} --threads=1 --precision=8bit --quality=full '--loaders=libpng!' --quantize-model=kmeans:merge=ward:seed=1 -Xoklab -Wgamma --diffusion=bluenoise:strength=0.055:gradient_factor=0:phase=0,0:channel=mono:size=64:scan=raster --gpu-policy=off --lookup-policy=none -p 256 {input}"
