revision,method,frequency_nyquist,radial_power_db,radial_anisotropy_db
f2c138d8f6aa0a90c89d019f85eaf9bb3efa5edb,none,0.0078125,,
f2c138d8f6aa0a90c89d019f85eaf9bb3efa5edb,none,0.0234375,,
f2c138d8f6aa0a90c89d019f85eaf9bb3efa5edb,none,0.0390625,,
f2c138d8f6aa0a90c89d019f85eaf9bb3efa5edb,none,0.0546875,,
f2c138d8f6aa0a90c89d019f85eaf9bb3efa5edb,none,0.0703125,,
f2c138d8f6aa0a90c89d019f85eaf9bb3efa5edb,none,0.0859375,,
f2c138d8f6aa0a90c89d019f85eaf9bb3efa5edb,none,0.1015625,,
f2c138d8f6aa0a90c89d019f85eaf9bb3efa5edb,none,0.1171875,,
f2c138d8f6aa0a90c89d019f85eaf9bb3efa5edb,none,0.1328125,,
f2c138d8f6aa0a90c89d019f85eaf9bb3efa5edb,none,0.1484375,,
f2c138d8f6aa0a90c89d019f85eaf9bb3efa5edb,none,0.1640625,,
f2c138d8f6aa0a90c89d019f85eaf9bb3efa5edb,none,0.1796875,,
f2c138d8f6aa0a90c89d019f85eaf9bb3efa5edb,none,0.1953125,,
f2c138d8f6aa0a90c89d019f85eaf9bb3efa5edb,none,0.2109375,,
f2c138d8f6aa0a90c89d019f85eaf9bb3efa5edb,none,0.2265625,,
f2c138d8f6aa0a90c89d019f85eaf9bb3efa5edb,none,0.2421875,,
f2c138d8f6aa0a90c89d019f85eaf9bb3efa5edb,none,0.2578125,,
f2c138d8f6aa0a90c89d019f85eaf9bb3efa5edb,none,0.2734375,,
f2c138d8f6aa0a90c89d019f85eaf9bb3efa5edb,none,0.2890625,,
f2c138d8f6aa0a90c89d019f85eaf9bb3efa5edb,none,0.3046875,,
f2c138d8f6aa0a90c89d019f85eaf9bb3efa5edb,none,0.3203125,,
f2c138d8f6aa0a90c89d019f85eaf9bb3efa5edb,none,0.3359375,,
f2c138d8f6aa0a90c89d019f85eaf9bb3efa5edb,none,0.3515625,,
f2c138d8f6aa0a90c89d019f85eaf9bb3efa5edb,none,0.3671875,,
f2c138d8f6aa0a90c89d019f85eaf9bb3efa5edb,none,0.3828125,,
f2c138d8f6aa0a90c89d019f85eaf9bb3efa5edb,none,0.3984375,,
f2c138d8f6aa0a90c89d019f85eaf9bb3efa5edb,none,0.4140625,,
f2c138d8f6aa0a90c89d019f85eaf9bb3efa5edb,none,0.4296875,,
f2c138d8f6aa0a90c89d019f85eaf9bb3efa5edb,none,0.4453125,,
f2c138d8f6aa0a90c89d019f85eaf9bb3efa5edb,none,0.4609375,,
f2c138d8f6aa0a90c89d019f85eaf9bb3efa5edb,none,0.4765625,,
f2c138d8f6aa0a90c89d019f85eaf9bb3efa5edb,none,0.4921875,,
f2c138d8f6aa0a90c89d019f85eaf9bb3efa5edb,none,0.5078125,,
f2c138d8f6aa0a90c89d019f85eaf9bb3efa5edb,none,0.5234375,,
f2c138d8f6aa0a90c89d019f85eaf9bb3efa5edb,none,0.5390625,,
f2c138d8f6aa0a90c89d019f85eaf9bb3efa5edb,none,0.5546875,,
f2c138d8f6aa0a90c89d019f85eaf9bb3efa5edb,none,0.5703125,,
f2c138d8f6aa0a90c89d019f85eaf9bb3efa5edb,none,0.5859375,,
f2c138d8f6aa0a90c89d019f85eaf9bb3efa5edb,none,0.6015625,,
f2c138d8f6aa0a90c89d019f85eaf9bb3efa5edb,none,0.6171875,,
f2c138d8f6aa0a90c89d019f85eaf9bb3efa5edb,none,0.6328125,,
f2c138d8f6aa0a90c89d019f85eaf9bb3efa5edb,none,0.6484375,,
f2c138d8f6aa0a90c89d019f85eaf9bb3efa5edb,none,0.6640625,,
f2c138d8f6aa0a90c89d019f85eaf9bb3efa5edb,none,0.6796875,,
f2c138d8f6aa0a90c89d019f85eaf9bb3efa5edb,none,0.6953125,,
f2c138d8f6aa0a90c89d019f85eaf9bb3efa5edb,none,0.7109375,,
f2c138d8f6aa0a90c89d019f85eaf9bb3efa5edb,none,0.7265625,,
f2c138d8f6aa0a90c89d019f85eaf9bb3efa5edb,none,0.7421875,,
f2c138d8f6aa0a90c89d019f85eaf9bb3efa5edb,none,0.7578125,,
f2c138d8f6aa0a90c89d019f85eaf9bb3efa5edb,none,0.7734375,,
f2c138d8f6aa0a90c89d019f85eaf9bb3efa5edb,none,0.7890625,,
f2c138d8f6aa0a90c89d019f85eaf9bb3efa5edb,none,0.8046875,,
f2c138d8f6aa0a90c89d019f85eaf9bb3efa5edb,none,0.8203125,,
f2c138d8f6aa0a90c89d019f85eaf9bb3efa5edb,none,0.8359375,,
f2c138d8f6aa0a90c89d019f85eaf9bb3efa5edb,none,0.8515625,,
f2c138d8f6aa0a90c89d019f85eaf9bb3efa5edb,none,0.8671875,,
f2c138d8f6aa0a90c89d019f85eaf9bb3efa5edb,none,0.8828125,,
f2c138d8f6aa0a90c89d019f85eaf9bb3efa5edb,none,0.8984375,,
f2c138d8f6aa0a90c89d019f85eaf9bb3efa5edb,none,0.9140625,,
f2c138d8f6aa0a90c89d019f85eaf9bb3efa5edb,none,0.9296875,,
f2c138d8f6aa0a90c89d019f85eaf9bb3efa5edb,none,0.9453125,,
f2c138d8f6aa0a90c89d019f85eaf9bb3efa5edb,none,0.9609375,,
f2c138d8f6aa0a90c89d019f85eaf9bb3efa5edb,none,0.9765625,,
f2c138d8f6aa0a90c89d019f85eaf9bb3efa5edb,none,0.9921875,,
f2c138d8f6aa0a90c89d019f85eaf9bb3efa5edb,fs,0.0078125,-17.12571874833918,-2.590959444052629
f2c138d8f6aa0a90c89d019f85eaf9bb3efa5edb,fs,0.0234375,-17.2172749661363,-5.359689710329242
f2c138d8f6aa0a90c89d019f85eaf9bb3efa5edb,fs,0.0390625,-16.07507736856434,-4.762874397608373
f2c138d8f6aa0a90c89d019f85eaf9bb3efa5edb,fs,0.0546875,-15.535718520942055,-4.545708614267324
f2c138d8f6aa0a90c89d019f85eaf9bb3efa5edb,fs,0.0703125,-15.385696611476485,-3.5323925273511687
f2c138d8f6aa0a90c89d019f85eaf9bb3efa5edb,fs,0.0859375,-16.685075625968402,-4.070886612261291
f2c138d8f6aa0a90c89d019f85eaf9bb3efa5edb,fs,0.1015625,-16.025007712670607,-5.599819395420504
f2c138d8f6aa0a90c89d019f85eaf9bb3efa5edb,fs,0.1171875,-15.389903789434626,-6.34472499305817
f2c138d8f6aa0a90c89d019f85eaf9bb3efa5edb,fs,0.1328125,-15.792535515134867,-6.549395549749675
f2c138d8f6aa0a90c89d019f85eaf9bb3efa5edb,fs,0.1484375,-15.404941290435021,-5.502348432346968
f2c138d8f6aa0a90c89d019f85eaf9bb3efa5edb,fs,0.1640625,-15.545874844234467,-5.791602937287382
f2c138d8f6aa0a90c89d019f85eaf9bb3efa5edb,fs,0.1796875,-15.760972315067601,-6.161887136234176
f2c138d8f6aa0a90c89d019f85eaf9bb3efa5edb,fs,0.1953125,-14.712157723143077,-5.212085360532211
f2c138d8f6aa0a90c89d019f85eaf9bb3efa5edb,fs,0.2109375,-15.217715519793309,-5.976960479633466
f2c138d8f6aa0a90c89d019f85eaf9bb3efa5edb,fs,0.2265625,-15.4484434053965,-4.086758276840576
f2c138d8f6aa0a90c89d019f85eaf9bb3efa5edb,fs,0.2421875,-14.39471334721711,-6.0029190620867015
f2c138d8f6aa0a90c89d019f85eaf9bb3efa5edb,fs,0.2578125,-13.763755730853585,-6.0561970295881995
f2c138d8f6aa0a90c89d019f85eaf9bb3efa5edb,fs,0.2734375,-14.356975332584563,-6.689711722109037
f2c138d8f6aa0a90c89d019f85eaf9bb3efa5edb,fs,0.2890625,-13.630594927303324,-5.386542424189691
f2c138d8f6aa0a90c89d019f85eaf9bb3efa5edb,fs,0.3046875,-14.291242522177123,-6.6258441080109876
f2c138d8f6aa0a90c89d019f85eaf9bb3efa5edb,fs,0.3203125,-12.895723766670848,-6.049731054462728
f2c138d8f6aa0a90c89d019f85eaf9bb3efa5edb,fs,0.3359375,-12.335869434062989,-6.855535230342578
f2c138d8f6aa0a90c89d019f85eaf9bb3efa5edb,fs,0.3515625,-11.585770213650317,-4.093584907623057
f2c138d8f6aa0a90c89d019f85eaf9bb3efa5edb,fs,0.3671875,-11.508617917213925,-3.095317690612548
f2c138d8f6aa0a90c89d019f85eaf9bb3efa5edb,fs,0.3828125,-11.360948304298269,-6.527134842702881
f2c138d8f6aa0a90c89d019f85eaf9bb3efa5edb,fs,0.3984375,-11.10541149414507,-7.9683175119099054
f2c138d8f6aa0a90c89d019f85eaf9bb3efa5edb,fs,0.4140625,-10.717128437821623,-9.417088396677979
f2c138d8f6aa0a90c89d019f85eaf9bb3efa5edb,fs,0.4296875,-9.670427350669243,-5.6457848965145345
f2c138d8f6aa0a90c89d019f85eaf9bb3efa5edb,fs,0.4453125,-9.479708862550764,-8.074854953065618
f2c138d8f6aa0a90c89d019f85eaf9bb3efa5edb,fs,0.4609375,-9.339885211544436,-8.96976758589577
f2c138d8f6aa0a90c89d019f85eaf9bb3efa5edb,fs,0.4765625,-8.85050275823514,-9.120563726546024
f2c138d8f6aa0a90c89d019f85eaf9bb3efa5edb,fs,0.4921875,-8.334273826392169,-10.70515535726081
f2c138d8f6aa0a90c89d019f85eaf9bb3efa5edb,fs,0.5078125,-7.781104873361684,-10.758371413120184
f2c138d8f6aa0a90c89d019f85eaf9bb3efa5edb,fs,0.5234375,-6.870243798867027,-8.891212713073646
f2c138d8f6aa0a90c89d019f85eaf9bb3efa5edb,fs,0.5390625,-6.821691064497309,-9.142519999294823
f2c138d8f6aa0a90c89d019f85eaf9bb3efa5edb,fs,0.5546875,-6.0481224661205015,-7.687876862372067
f2c138d8f6aa0a90c89d019f85eaf9bb3efa5edb,fs,0.5703125,-5.2076920683149535,-7.876437068478755
f2c138d8f6aa0a90c89d019f85eaf9bb3efa5edb,fs,0.5859375,-4.282120176046937,-5.9167240633934135
f2c138d8f6aa0a90c89d019f85eaf9bb3efa5edb,fs,0.6015625,-3.6604278620276505,-6.572794472730521
f2c138d8f6aa0a90c89d019f85eaf9bb3efa5edb,fs,0.6171875,-3.6221819150978956,-5.749334024786847
f2c138d8f6aa0a90c89d019f85eaf9bb3efa5edb,fs,0.6328125,-3.2382288003860134,-7.316686195296265
f2c138d8f6aa0a90c89d019f85eaf9bb3efa5edb,fs,0.6484375,-2.542316549433739,-5.213350771154252
f2c138d8f6aa0a90c89d019f85eaf9bb3efa5edb,fs,0.6640625,-1.6542456806951433,-3.9040276106930123
f2c138d8f6aa0a90c89d019f85eaf9bb3efa5edb,fs,0.6796875,-1.3896336828267073,-5.165963487685
f2c138d8f6aa0a90c89d019f85eaf9bb3efa5edb,fs,0.6953125,-0.7294862997609757,-3.46368388940949
f2c138d8f6aa0a90c89d019f85eaf9bb3efa5edb,fs,0.7109375,-0.4430378592721776,-3.5489388857886404
f2c138d8f6aa0a90c89d019f85eaf9bb3efa5edb,fs,0.7265625,-0.11703627562772724,-4.594611850614198
f2c138d8f6aa0a90c89d019f85eaf9bb3efa5edb,fs,0.7421875,0.5763944158393879,-3.4149514543971677
f2c138d8f6aa0a90c89d019f85eaf9bb3efa5edb,fs,0.7578125,0.7429078370632072,-3.660659327972567
f2c138d8f6aa0a90c89d019f85eaf9bb3efa5edb,fs,0.7734375,1.1574860538489937,-2.9928907199462924
f2c138d8f6aa0a90c89d019f85eaf9bb3efa5edb,fs,0.7890625,1.3321736573133902,-4.1164339646663946
f2c138d8f6aa0a90c89d019f85eaf9bb3efa5edb,fs,0.8046875,1.3260326539034524,-4.018375815314478
f2c138d8f6aa0a90c89d019f85eaf9bb3efa5edb,fs,0.8203125,1.6767690968515732,-2.577069956479172
f2c138d8f6aa0a90c89d019f85eaf9bb3efa5edb,fs,0.8359375,2.397461976363753,-1.7218366387835498
f2c138d8f6aa0a90c89d019f85eaf9bb3efa5edb,fs,0.8515625,2.230137449905959,-1.2004772845775993
f2c138d8f6aa0a90c89d019f85eaf9bb3efa5edb,fs,0.8671875,2.6349953190972415,-0.6483544451591823
f2c138d8f6aa0a90c89d019f85eaf9bb3efa5edb,fs,0.8828125,3.052812056462671,-1.1627262562350191
f2c138d8f6aa0a90c89d019f85eaf9bb3efa5edb,fs,0.8984375,2.738555436597943,-1.1199851909506928
f2c138d8f6aa0a90c89d019f85eaf9bb3efa5edb,fs,0.9140625,2.616300991924195,-1.088981058430533
f2c138d8f6aa0a90c89d019f85eaf9bb3efa5edb,fs,0.9296875,3.2030886243795997,0.13442510146278838
f2c138d8f6aa0a90c89d019f85eaf9bb3efa5edb,fs,0.9453125,3.4468012708721925,0.32352546217608613
f2c138d8f6aa0a90c89d019f85eaf9bb3efa5edb,fs,0.9609375,3.578753769211361,3.2116717643908084
f2c138d8f6aa0a90c89d019f85eaf9bb3efa5edb,fs,0.9765625,3.8367715444422505,2.4442564391727055
f2c138d8f6aa0a90c89d019f85eaf9bb3efa5edb,fs,0.9921875,3.4426452519447173,0.7869258079772465
f2c138d8f6aa0a90c89d019f85eaf9bb3efa5edb,atkinson,0.0078125,-2.213919910901527,-9.677281574903624
f2c138d8f6aa0a90c89d019f85eaf9bb3efa5edb,atkinson,0.0234375,-0.21684133983483317,-2.500934945200408
f2c138d8f6aa0a90c89d019f85eaf9bb3efa5edb,atkinson,0.0390625,-0.75005349031506,-1.8718521450580137
f2c138d8f6aa0a90c89d019f85eaf9bb3efa5edb,atkinson,0.0546875,-1.4655961872355165,-2.436294338513589
f2c138d8f6aa0a90c89d019f85eaf9bb3efa5edb,atkinson,0.0703125,-2.1140441644873165,-3.196042506729177
f2c138d8f6aa0a90c89d019f85eaf9bb3efa5edb,atkinson,0.0859375,-1.3452346173136425,0.5014661297673472
f2c138d8f6aa0a90c89d019f85eaf9bb3efa5edb,atkinson,0.1015625,-0.8585511364786113,-1.931815874738291
f2c138d8f6aa0a90c89d019f85eaf9bb3efa5edb,atkinson,0.1171875,-2.400402997799365,-3.7037661921590095
f2c138d8f6aa0a90c89d019f85eaf9bb3efa5edb,atkinson,0.1328125,-2.138788822955934,-3.5569037399041754
f2c138d8f6aa0a90c89d019f85eaf9bb3efa5edb,atkinson,0.1484375,-2.1726009327066302,-2.9137346160391853
f2c138d8f6aa0a90c89d019f85eaf9bb3efa5edb,atkinson,0.1640625,-0.4995299211545712,-2.947021188278332
f2c138d8f6aa0a90c89d019f85eaf9bb3efa5edb,atkinson,0.1796875,-1.1497341238358942,-5.568276889009795
f2c138d8f6aa0a90c89d019f85eaf9bb3efa5edb,atkinson,0.1953125,-2.2403291442767674,-4.056770054695175
f2c138d8f6aa0a90c89d019f85eaf9bb3efa5edb,atkinson,0.2109375,-2.3265545894944357,-2.043627504331104
f2c138d8f6aa0a90c89d019f85eaf9bb3efa5edb,atkinson,0.2265625,-1.2313988288603763,-2.496877376485131
f2c138d8f6aa0a90c89d019f85eaf9bb3efa5edb,atkinson,0.2421875,-1.4025845624227045,-3.7769176828444344
f2c138d8f6aa0a90c89d019f85eaf9bb3efa5edb,atkinson,0.2578125,-2.073951549194432,-2.060759217401879
f2c138d8f6aa0a90c89d019f85eaf9bb3efa5edb,atkinson,0.2734375,-2.9695941349613038,-3.0324910454347824
f2c138d8f6aa0a90c89d019f85eaf9bb3efa5edb,atkinson,0.2890625,-2.521132159603136,-3.718778790491022
f2c138d8f6aa0a90c89d019f85eaf9bb3efa5edb,atkinson,0.3046875,-2.0970328616310914,-1.107574709055024
f2c138d8f6aa0a90c89d019f85eaf9bb3efa5edb,atkinson,0.3203125,-2.007405382359081,-1.3122529270069085
f2c138d8f6aa0a90c89d019f85eaf9bb3efa5edb,atkinson,0.3359375,-2.137019819561167,-0.47444883219276357
f2c138d8f6aa0a90c89d019f85eaf9bb3efa5edb,atkinson,0.3515625,-2.426582829895969,-1.8674299605388782
f2c138d8f6aa0a90c89d019f85eaf9bb3efa5edb,atkinson,0.3671875,-2.462221924211699,-0.44836935777515696
f2c138d8f6aa0a90c89d019f85eaf9bb3efa5edb,atkinson,0.3828125,-2.6178021544480607,0.38946248787769877
f2c138d8f6aa0a90c89d019f85eaf9bb3efa5edb,atkinson,0.3984375,-1.3251856291743618,0.4935054330626316
f2c138d8f6aa0a90c89d019f85eaf9bb3efa5edb,atkinson,0.4140625,-1.9526569801721632,-0.1272369099057694
f2c138d8f6aa0a90c89d019f85eaf9bb3efa5edb,atkinson,0.4296875,-2.909650107615005,0.07004242658367876
f2c138d8f6aa0a90c89d019f85eaf9bb3efa5edb,atkinson,0.4453125,-2.69174934783887,-0.9022524567003022
f2c138d8f6aa0a90c89d019f85eaf9bb3efa5edb,atkinson,0.4609375,-2.4139272251134187,0.7266732666415543
f2c138d8f6aa0a90c89d019f85eaf9bb3efa5edb,atkinson,0.4765625,-1.127506422870042,0.5606548280076786
f2c138d8f6aa0a90c89d019f85eaf9bb3efa5edb,atkinson,0.4921875,-1.4176992986335213,-0.6570853034994208
f2c138d8f6aa0a90c89d019f85eaf9bb3efa5edb,atkinson,0.5078125,-1.1615409947523347,0.6286879450855343
f2c138d8f6aa0a90c89d019f85eaf9bb3efa5edb,atkinson,0.5234375,0.3410650282647187,0.8113827540641418
f2c138d8f6aa0a90c89d019f85eaf9bb3efa5edb,atkinson,0.5390625,-1.3851916709283307,-2.002102150562301
f2c138d8f6aa0a90c89d019f85eaf9bb3efa5edb,atkinson,0.5546875,-0.5761234067789555,-1.3453145706918812
f2c138d8f6aa0a90c89d019f85eaf9bb3efa5edb,atkinson,0.5703125,0.03450713925987354,-0.9547983387616622
f2c138d8f6aa0a90c89d019f85eaf9bb3efa5edb,atkinson,0.5859375,-0.13079814676153376,-1.9286319794324496
f2c138d8f6aa0a90c89d019f85eaf9bb3efa5edb,atkinson,0.6015625,0.3416521730629575,-2.259935906757104
f2c138d8f6aa0a90c89d019f85eaf9bb3efa5edb,atkinson,0.6171875,0.4992942820544704,-2.759714393704007
f2c138d8f6aa0a90c89d019f85eaf9bb3efa5edb,atkinson,0.6328125,-0.4752008464486752,-3.2955563720613963
f2c138d8f6aa0a90c89d019f85eaf9bb3efa5edb,atkinson,0.6484375,0.09272882686478998,-2.3711723470884554
f2c138d8f6aa0a90c89d019f85eaf9bb3efa5edb,atkinson,0.6640625,1.0366171653158884,-2.629496026457738
f2c138d8f6aa0a90c89d019f85eaf9bb3efa5edb,atkinson,0.6796875,0.973901701600311,-2.20720415269871
f2c138d8f6aa0a90c89d019f85eaf9bb3efa5edb,atkinson,0.6953125,0.730086673558632,-2.9467039754333832
f2c138d8f6aa0a90c89d019f85eaf9bb3efa5edb,atkinson,0.7109375,1.1485305166349251,-3.1093718676691067
f2c138d8f6aa0a90c89d019f85eaf9bb3efa5edb,atkinson,0.7265625,0.35957919063908333,-3.987771748263091
f2c138d8f6aa0a90c89d019f85eaf9bb3efa5edb,atkinson,0.7421875,0.8436095074017294,-4.282327366424284
f2c138d8f6aa0a90c89d019f85eaf9bb3efa5edb,atkinson,0.7578125,1.5879664348438982,-4.216117196883486
f2c138d8f6aa0a90c89d019f85eaf9bb3efa5edb,atkinson,0.7734375,1.2545495432876377,-3.2925562448965384
f2c138d8f6aa0a90c89d019f85eaf9bb3efa5edb,atkinson,0.7890625,0.41524409716883265,-4.627075458681988
f2c138d8f6aa0a90c89d019f85eaf9bb3efa5edb,atkinson,0.8046875,1.240566358585454,-5.435681470194909
f2c138d8f6aa0a90c89d019f85eaf9bb3efa5edb,atkinson,0.8203125,1.3161885381221428,-4.925796230905314
f2c138d8f6aa0a90c89d019f85eaf9bb3efa5edb,atkinson,0.8359375,1.307144542148069,-3.278504950652676
f2c138d8f6aa0a90c89d019f85eaf9bb3efa5edb,atkinson,0.8515625,0.981368587261391,-3.5894821337534215
f2c138d8f6aa0a90c89d019f85eaf9bb3efa5edb,atkinson,0.8671875,0.7612823712372137,-5.395976033488235
f2c138d8f6aa0a90c89d019f85eaf9bb3efa5edb,atkinson,0.8828125,0.9352972443318277,-4.852386623233886
f2c138d8f6aa0a90c89d019f85eaf9bb3efa5edb,atkinson,0.8984375,-0.07184486166230568,-5.003065308343945
f2c138d8f6aa0a90c89d019f85eaf9bb3efa5edb,atkinson,0.9140625,0.2897765517584735,-3.7714652490100646
f2c138d8f6aa0a90c89d019f85eaf9bb3efa5edb,atkinson,0.9296875,0.22071608536414172,-4.169887985104531
f2c138d8f6aa0a90c89d019f85eaf9bb3efa5edb,atkinson,0.9453125,0.04528286121664424,-5.944791014369967
f2c138d8f6aa0a90c89d019f85eaf9bb3efa5edb,atkinson,0.9609375,-0.12661872775433794,-5.258276609231588
f2c138d8f6aa0a90c89d019f85eaf9bb3efa5edb,atkinson,0.9765625,-0.03659261948546222,-6.278710497483459
f2c138d8f6aa0a90c89d019f85eaf9bb3efa5edb,atkinson,0.9921875,0.2147104119083305,-5.780986812599941
f2c138d8f6aa0a90c89d019f85eaf9bb3efa5edb,jajuni,0.0078125,4.655448075082516,-5.501629721065412
f2c138d8f6aa0a90c89d019f85eaf9bb3efa5edb,jajuni,0.0234375,-2.185705328421737,2.526259081984554
f2c138d8f6aa0a90c89d019f85eaf9bb3efa5edb,jajuni,0.0390625,-4.443456831195745,5.698465385597933
f2c138d8f6aa0a90c89d019f85eaf9bb3efa5edb,jajuni,0.0546875,-7.609085319779374,4.785101962096794
f2c138d8f6aa0a90c89d019f85eaf9bb3efa5edb,jajuni,0.0703125,-13.62681183103284,0.3679476444628563
f2c138d8f6aa0a90c89d019f85eaf9bb3efa5edb,jajuni,0.0859375,-12.265250978544886,2.0947903377001786
f2c138d8f6aa0a90c89d019f85eaf9bb3efa5edb,jajuni,0.1015625,-13.926273490202858,1.8559528174749835
f2c138d8f6aa0a90c89d019f85eaf9bb3efa5edb,jajuni,0.1171875,-17.17900474977454,-0.28324544767944876
f2c138d8f6aa0a90c89d019f85eaf9bb3efa5edb,jajuni,0.1328125,-16.853799330097956,0.5317614038223571
f2c138d8f6aa0a90c89d019f85eaf9bb3efa5edb,jajuni,0.1484375,-18.261351812289462,-1.797163638344814
f2c138d8f6aa0a90c89d019f85eaf9bb3efa5edb,jajuni,0.1640625,-18.83327003077551,-2.9818583383743444
f2c138d8f6aa0a90c89d019f85eaf9bb3efa5edb,jajuni,0.1796875,-18.858232481348054,0.41003259989019414
f2c138d8f6aa0a90c89d019f85eaf9bb3efa5edb,jajuni,0.1953125,-19.377146699071858,-1.8573959134978943
f2c138d8f6aa0a90c89d019f85eaf9bb3efa5edb,jajuni,0.2109375,-19.521117077179802,-0.1519520274775281
f2c138d8f6aa0a90c89d019f85eaf9bb3efa5edb,jajuni,0.2265625,-18.269312961201315,6.66858258445513
f2c138d8f6aa0a90c89d019f85eaf9bb3efa5edb,jajuni,0.2421875,-20.315292209662402,0.11990423195056459
f2c138d8f6aa0a90c89d019f85eaf9bb3efa5edb,jajuni,0.2578125,-19.52330811817585,-0.3391772375616825
f2c138d8f6aa0a90c89d019f85eaf9bb3efa5edb,jajuni,0.2734375,-18.521676079752517,-2.2809315122060414
f2c138d8f6aa0a90c89d019f85eaf9bb3efa5edb,jajuni,0.2890625,-18.14013612743024,-3.3392648457482594
f2c138d8f6aa0a90c89d019f85eaf9bb3efa5edb,jajuni,0.3046875,-17.514649097466375,-0.06665608896034668
f2c138d8f6aa0a90c89d019f85eaf9bb3efa5edb,jajuni,0.3203125,-17.537433925028804,3.3445708219960895
f2c138d8f6aa0a90c89d019f85eaf9bb3efa5edb,jajuni,0.3359375,-17.104138467379236,-1.0396533269073065
f2c138d8f6aa0a90c89d019f85eaf9bb3efa5edb,jajuni,0.3515625,-16.112070495382802,-2.93092966579505
f2c138d8f6aa0a90c89d019f85eaf9bb3efa5edb,jajuni,0.3671875,-15.309978533187586,-1.6992547193234664
f2c138d8f6aa0a90c89d019f85eaf9bb3efa5edb,jajuni,0.3828125,-14.547825689148377,1.8617430951585978
f2c138d8f6aa0a90c89d019f85eaf9bb3efa5edb,jajuni,0.3984375,-13.609847073996232,4.6084732361568195
f2c138d8f6aa0a90c89d019f85eaf9bb3efa5edb,jajuni,0.4140625,-12.800764268371708,5.56347383713033
f2c138d8f6aa0a90c89d019f85eaf9bb3efa5edb,jajuni,0.4296875,-12.190647316542263,-1.696597256850605
f2c138d8f6aa0a90c89d019f85eaf9bb3efa5edb,jajuni,0.4453125,-12.554815599406659,-3.0341131359170532
f2c138d8f6aa0a90c89d019f85eaf9bb3efa5edb,jajuni,0.4609375,-11.898083344087793,0.8141779304206482
f2c138d8f6aa0a90c89d019f85eaf9bb3efa5edb,jajuni,0.4765625,-11.628394428641114,0.5233149380726921
f2c138d8f6aa0a90c89d019f85eaf9bb3efa5edb,jajuni,0.4921875,-11.78520313760442,-4.357677092385287
f2c138d8f6aa0a90c89d019f85eaf9bb3efa5edb,jajuni,0.5078125,-11.120541436823759,-2.0737036553258377
f2c138d8f6aa0a90c89d019f85eaf9bb3efa5edb,jajuni,0.5234375,-10.091178327217348,0.06782801801475818
f2c138d8f6aa0a90c89d019f85eaf9bb3efa5edb,jajuni,0.5390625,-7.945076225319935,5.352686474568062
f2c138d8f6aa0a90c89d019f85eaf9bb3efa5edb,jajuni,0.5546875,-0.14369818245364718,8.733568253516614
f2c138d8f6aa0a90c89d019f85eaf9bb3efa5edb,jajuni,0.5703125,-1.831169823876749,6.073201349160663
f2c138d8f6aa0a90c89d019f85eaf9bb3efa5edb,jajuni,0.5859375,-5.417381746124816,5.079053485053127
f2c138d8f6aa0a90c89d019f85eaf9bb3efa5edb,jajuni,0.6015625,-5.770777615675949,2.1708143685187045
f2c138d8f6aa0a90c89d019f85eaf9bb3efa5edb,jajuni,0.6171875,-4.713367096244667,0.8940803631605574
f2c138d8f6aa0a90c89d019f85eaf9bb3efa5edb,jajuni,0.6328125,-2.8165066078460255,2.7915482112896157
f2c138d8f6aa0a90c89d019f85eaf9bb3efa5edb,jajuni,0.6484375,-1.701335743856798,3.2991729553252935
f2c138d8f6aa0a90c89d019f85eaf9bb3efa5edb,jajuni,0.6640625,0.44013487953773933,4.723515758100712
f2c138d8f6aa0a90c89d019f85eaf9bb3efa5edb,jajuni,0.6796875,1.7094787716878885,5.598871200422872
f2c138d8f6aa0a90c89d019f85eaf9bb3efa5edb,jajuni,0.6953125,3.6030981536423257,8.085863993964207
f2c138d8f6aa0a90c89d019f85eaf9bb3efa5edb,jajuni,0.7109375,5.264900694209208,11.65213901774605
f2c138d8f6aa0a90c89d019f85eaf9bb3efa5edb,jajuni,0.7265625,5.227418717457343,13.09874381936824
f2c138d8f6aa0a90c89d019f85eaf9bb3efa5edb,jajuni,0.7421875,4.5596482785043015,11.423641866527179
f2c138d8f6aa0a90c89d019f85eaf9bb3efa5edb,jajuni,0.7578125,3.023063728570216,9.685535796581469
f2c138d8f6aa0a90c89d019f85eaf9bb3efa5edb,jajuni,0.7734375,1.3859583556234605,7.734285809486696
f2c138d8f6aa0a90c89d019f85eaf9bb3efa5edb,jajuni,0.7890625,0.28487114933336205,5.390168483275989
f2c138d8f6aa0a90c89d019f85eaf9bb3efa5edb,jajuni,0.8046875,4.753916543357413,10.397392658399259
f2c138d8f6aa0a90c89d019f85eaf9bb3efa5edb,jajuni,0.8203125,8.859219610709383,10.236249280825717
f2c138d8f6aa0a90c89d019f85eaf9bb3efa5edb,jajuni,0.8359375,5.947154106294187,9.839214437671036
f2c138d8f6aa0a90c89d019f85eaf9bb3efa5edb,jajuni,0.8515625,-0.37820865461539765,4.358569480849354
f2c138d8f6aa0a90c89d019f85eaf9bb3efa5edb,jajuni,0.8671875,-3.0430852875213583,2.7946216571745177
f2c138d8f6aa0a90c89d019f85eaf9bb3efa5edb,jajuni,0.8828125,-3.9628917285493293,1.1437527965668761
f2c138d8f6aa0a90c89d019f85eaf9bb3efa5edb,jajuni,0.8984375,-3.175585304326228,5.460582160927638
f2c138d8f6aa0a90c89d019f85eaf9bb3efa5edb,jajuni,0.9140625,-3.9389628495274636,3.138591448616425
f2c138d8f6aa0a90c89d019f85eaf9bb3efa5edb,jajuni,0.9296875,-6.029859726524127,0.634280186730267
f2c138d8f6aa0a90c89d019f85eaf9bb3efa5edb,jajuni,0.9453125,-6.782409930480172,-0.6118205707418398
f2c138d8f6aa0a90c89d019f85eaf9bb3efa5edb,jajuni,0.9609375,-7.57923957380207,-1.9419227177966984
f2c138d8f6aa0a90c89d019f85eaf9bb3efa5edb,jajuni,0.9765625,-6.210761627803936,3.6858264373821474
f2c138d8f6aa0a90c89d019f85eaf9bb3efa5edb,jajuni,0.9921875,-4.2860337742672225,7.675804104344268
f2c138d8f6aa0a90c89d019f85eaf9bb3efa5edb,stucki,0.0078125,-5.833096426588103,-5.404961114251696
f2c138d8f6aa0a90c89d019f85eaf9bb3efa5edb,stucki,0.0234375,-7.665392305932518,-5.486865100643055
f2c138d8f6aa0a90c89d019f85eaf9bb3efa5edb,stucki,0.0390625,-12.614942850045407,-3.0593026564856185
f2c138d8f6aa0a90c89d019f85eaf9bb3efa5edb,stucki,0.0546875,-14.100592515015698,-3.2428061096304472
f2c138d8f6aa0a90c89d019f85eaf9bb3efa5edb,stucki,0.0703125,-16.59571876053866,-6.135162635547452
f2c138d8f6aa0a90c89d019f85eaf9bb3efa5edb,stucki,0.0859375,-17.166429947336553,-6.763155882469357
f2c138d8f6aa0a90c89d019f85eaf9bb3efa5edb,stucki,0.1015625,-17.768044852227444,-4.511800504348798
f2c138d8f6aa0a90c89d019f85eaf9bb3efa5edb,stucki,0.1171875,-18.98334822084715,-7.085988555679291
f2c138d8f6aa0a90c89d019f85eaf9bb3efa5edb,stucki,0.1328125,-17.69910028217019,-4.233632910479978
f2c138d8f6aa0a90c89d019f85eaf9bb3efa5edb,stucki,0.1484375,-18.13097540212243,-3.4488576703410057
f2c138d8f6aa0a90c89d019f85eaf9bb3efa5edb,stucki,0.1640625,-18.027162197507863,-2.5262652358502025
f2c138d8f6aa0a90c89d019f85eaf9bb3efa5edb,stucki,0.1796875,-18.276384515165176,-4.698058749653623
f2c138d8f6aa0a90c89d019f85eaf9bb3efa5edb,stucki,0.1953125,-17.63303281280161,-2.745152578466615
f2c138d8f6aa0a90c89d019f85eaf9bb3efa5edb,stucki,0.2109375,-17.57719217168822,-5.152879923943726
f2c138d8f6aa0a90c89d019f85eaf9bb3efa5edb,stucki,0.2265625,-17.03139650109637,-6.020580400156469
f2c138d8f6aa0a90c89d019f85eaf9bb3efa5edb,stucki,0.2421875,-16.848191134035858,-3.5504904842843588
f2c138d8f6aa0a90c89d019f85eaf9bb3efa5edb,stucki,0.2578125,-15.561390167740045,-1.4300495896186165
f2c138d8f6aa0a90c89d019f85eaf9bb3efa5edb,stucki,0.2734375,-15.801762925177897,-2.8230840804918698
f2c138d8f6aa0a90c89d019f85eaf9bb3efa5edb,stucki,0.2890625,-14.951847846449784,-5.355251790513522
f2c138d8f6aa0a90c89d019f85eaf9bb3efa5edb,stucki,0.3046875,-14.94349996826866,-4.855617012923371
f2c138d8f6aa0a90c89d019f85eaf9bb3efa5edb,stucki,0.3203125,-14.665876654655301,-7.015849377176021
f2c138d8f6aa0a90c89d019f85eaf9bb3efa5edb,stucki,0.3359375,-13.883239244935604,-7.408823261018824
f2c138d8f6aa0a90c89d019f85eaf9bb3efa5edb,stucki,0.3515625,-12.431777351216606,-3.2555312830786836
f2c138d8f6aa0a90c89d019f85eaf9bb3efa5edb,stucki,0.3671875,-8.64952353547499,8.524150080200156
f2c138d8f6aa0a90c89d019f85eaf9bb3efa5edb,stucki,0.3828125,-9.571070074566919,7.495864041999746
f2c138d8f6aa0a90c89d019f85eaf9bb3efa5edb,stucki,0.3984375,-10.968981575440536,-2.293407098353404
f2c138d8f6aa0a90c89d019f85eaf9bb3efa5edb,stucki,0.4140625,-10.366220074540912,-5.902514521143194
f2c138d8f6aa0a90c89d019f85eaf9bb3efa5edb,stucki,0.4296875,-10.533756809522789,-3.373080218734445
f2c138d8f6aa0a90c89d019f85eaf9bb3efa5edb,stucki,0.4453125,-10.042540247012541,-7.204572506233786
f2c138d8f6aa0a90c89d019f85eaf9bb3efa5edb,stucki,0.4609375,-9.665106649279407,-5.743310700514426
f2c138d8f6aa0a90c89d019f85eaf9bb3efa5edb,stucki,0.4765625,-8.838575691008048,-5.7742929617333125
f2c138d8f6aa0a90c89d019f85eaf9bb3efa5edb,stucki,0.4921875,-7.868823790639288,-4.873386940340908
f2c138d8f6aa0a90c89d019f85eaf9bb3efa5edb,stucki,0.5078125,-7.942177849111279,-5.378792256683784
f2c138d8f6aa0a90c89d019f85eaf9bb3efa5edb,stucki,0.5234375,-6.655174018019463,-3.864387120429859
f2c138d8f6aa0a90c89d019f85eaf9bb3efa5edb,stucki,0.5390625,-6.088751492260047,-4.002378987676721
f2c138d8f6aa0a90c89d019f85eaf9bb3efa5edb,stucki,0.5546875,-5.862691499388429,-3.7470920629758773
f2c138d8f6aa0a90c89d019f85eaf9bb3efa5edb,stucki,0.5703125,-5.097936771279087,-3.2036480454442677
f2c138d8f6aa0a90c89d019f85eaf9bb3efa5edb,stucki,0.5859375,-4.385668525448213,-2.0130678412035836
f2c138d8f6aa0a90c89d019f85eaf9bb3efa5edb,stucki,0.6015625,-3.5061102579848695,0.5920953430470602
f2c138d8f6aa0a90c89d019f85eaf9bb3efa5edb,stucki,0.6171875,-2.0385954466100116,3.259067107622453
f2c138d8f6aa0a90c89d019f85eaf9bb3efa5edb,stucki,0.6328125,-1.3973076398478212,3.4900237470893773
f2c138d8f6aa0a90c89d019f85eaf9bb3efa5edb,stucki,0.6484375,-1.0303823875758056,0.6187869065918015
f2c138d8f6aa0a90c89d019f85eaf9bb3efa5edb,stucki,0.6640625,-0.19058888965514356,2.800653231558684
f2c138d8f6aa0a90c89d019f85eaf9bb3efa5edb,stucki,0.6796875,0.8543554568823281,5.9620066032269285
f2c138d8f6aa0a90c89d019f85eaf9bb3efa5edb,stucki,0.6953125,3.2256270875937068,8.617638754683716
f2c138d8f6aa0a90c89d019f85eaf9bb3efa5edb,stucki,0.7109375,3.4771011304164903,6.913263073560071
f2c138d8f6aa0a90c89d019f85eaf9bb3efa5edb,stucki,0.7265625,3.133101850894176,7.649623045808465
f2c138d8f6aa0a90c89d019f85eaf9bb3efa5edb,stucki,0.7421875,3.901227450716895,6.332875424664702
f2c138d8f6aa0a90c89d019f85eaf9bb3efa5edb,stucki,0.7578125,3.3027955724146807,5.765371795025247
f2c138d8f6aa0a90c89d019f85eaf9bb3efa5edb,stucki,0.7734375,1.9427829844631521,5.0374215171635175
f2c138d8f6aa0a90c89d019f85eaf9bb3efa5edb,stucki,0.7890625,2.3836597711231464,3.5645371773719265
f2c138d8f6aa0a90c89d019f85eaf9bb3efa5edb,stucki,0.8046875,2.055890764668325,2.7802055120822953
f2c138d8f6aa0a90c89d019f85eaf9bb3efa5edb,stucki,0.8203125,1.0151589533760195,0.8009077321828286
f2c138d8f6aa0a90c89d019f85eaf9bb3efa5edb,stucki,0.8359375,1.6716978531203963,1.1988481401427749
f2c138d8f6aa0a90c89d019f85eaf9bb3efa5edb,stucki,0.8515625,2.1946003647300247,1.6856610051428425
f2c138d8f6aa0a90c89d019f85eaf9bb3efa5edb,stucki,0.8671875,1.783142489967517,1.6105273220521823
f2c138d8f6aa0a90c89d019f85eaf9bb3efa5edb,stucki,0.8828125,1.54528661345215,-0.018103828688220358
f2c138d8f6aa0a90c89d019f85eaf9bb3efa5edb,stucki,0.8984375,2.092236840281232,4.983318489166973
f2c138d8f6aa0a90c89d019f85eaf9bb3efa5edb,stucki,0.9140625,1.4962889201074068,0.5318238642671324
f2c138d8f6aa0a90c89d019f85eaf9bb3efa5edb,stucki,0.9296875,2.1344406519327936,3.671747756839893
f2c138d8f6aa0a90c89d019f85eaf9bb3efa5edb,stucki,0.9453125,3.637210930335492,7.63635252314846
f2c138d8f6aa0a90c89d019f85eaf9bb3efa5edb,stucki,0.9609375,0.7559329944618088,1.542258553546473
f2c138d8f6aa0a90c89d019f85eaf9bb3efa5edb,stucki,0.9765625,-0.039246441511408436,-0.2354525297843379
f2c138d8f6aa0a90c89d019f85eaf9bb3efa5edb,stucki,0.9921875,-0.6834278394019666,-0.7557570882651237
f2c138d8f6aa0a90c89d019f85eaf9bb3efa5edb,burkes,0.0078125,1.4992063569514076,-1.9462340017449518
f2c138d8f6aa0a90c89d019f85eaf9bb3efa5edb,burkes,0.0234375,-8.785702272257593,4.08590253956662
f2c138d8f6aa0a90c89d019f85eaf9bb3efa5edb,burkes,0.0390625,-19.56132016889368,3.7094313682636813
f2c138d8f6aa0a90c89d019f85eaf9bb3efa5edb,burkes,0.0546875,-24.426508246451355,4.386983593951031
f2c138d8f6aa0a90c89d019f85eaf9bb3efa5edb,burkes,0.0703125,-24.750726435994885,4.415570427447722
f2c138d8f6aa0a90c89d019f85eaf9bb3efa5edb,burkes,0.0859375,-24.850765096108404,5.526625747134734
f2c138d8f6aa0a90c89d019f85eaf9bb3efa5edb,burkes,0.1015625,-24.890612289300684,8.160660575245771
f2c138d8f6aa0a90c89d019f85eaf9bb3efa5edb,burkes,0.1171875,-24.725173309069778,7.946763733629638
f2c138d8f6aa0a90c89d019f85eaf9bb3efa5edb,burkes,0.1328125,-24.962670921669723,11.104103441516749
f2c138d8f6aa0a90c89d019f85eaf9bb3efa5edb,burkes,0.1484375,-25.541214618158854,10.153591279357293
f2c138d8f6aa0a90c89d019f85eaf9bb3efa5edb,burkes,0.1640625,-26.18672961003395,10.202878795982409
f2c138d8f6aa0a90c89d019f85eaf9bb3efa5edb,burkes,0.1796875,-27.325050712094505,9.407523128829503
f2c138d8f6aa0a90c89d019f85eaf9bb3efa5edb,burkes,0.1953125,-26.494604944037697,7.289097720605379
f2c138d8f6aa0a90c89d019f85eaf9bb3efa5edb,burkes,0.2109375,-26.562425337456872,7.52007106544085
f2c138d8f6aa0a90c89d019f85eaf9bb3efa5edb,burkes,0.2265625,-25.4194111371783,8.225447037961992
f2c138d8f6aa0a90c89d019f85eaf9bb3efa5edb,burkes,0.2421875,-23.63530675096513,10.119311509578674
f2c138d8f6aa0a90c89d019f85eaf9bb3efa5edb,burkes,0.2578125,-19.292804791210216,13.016934536117715
f2c138d8f6aa0a90c89d019f85eaf9bb3efa5edb,burkes,0.2734375,-7.023542287471099,15.141950580440113
f2c138d8f6aa0a90c89d019f85eaf9bb3efa5edb,burkes,0.2890625,-9.642601878426927,14.846585953141155
f2c138d8f6aa0a90c89d019f85eaf9bb3efa5edb,burkes,0.3046875,-18.792500545481346,13.471047932189816
f2c138d8f6aa0a90c89d019f85eaf9bb3efa5edb,burkes,0.3203125,-23.954533856654635,9.137826386471367
f2c138d8f6aa0a90c89d019f85eaf9bb3efa5edb,burkes,0.3359375,-24.986574979750582,6.78482702327179
f2c138d8f6aa0a90c89d019f85eaf9bb3efa5edb,burkes,0.3515625,-27.26004678299299,6.300451008912221
f2c138d8f6aa0a90c89d019f85eaf9bb3efa5edb,burkes,0.3671875,-27.123653015487697,7.014147429685168
f2c138d8f6aa0a90c89d019f85eaf9bb3efa5edb,burkes,0.3828125,-27.64038338754324,5.427608426084635
f2c138d8f6aa0a90c89d019f85eaf9bb3efa5edb,burkes,0.3984375,-27.795181658621694,4.810935080255823
f2c138d8f6aa0a90c89d019f85eaf9bb3efa5edb,burkes,0.4140625,-27.32424778442917,4.065602942422381
f2c138d8f6aa0a90c89d019f85eaf9bb3efa5edb,burkes,0.4296875,-27.431101786524902,4.544433475468152
f2c138d8f6aa0a90c89d019f85eaf9bb3efa5edb,burkes,0.4453125,-26.737797004227126,2.4453746114703967
f2c138d8f6aa0a90c89d019f85eaf9bb3efa5edb,burkes,0.4609375,-26.35478392941215,3.917212804236315
f2c138d8f6aa0a90c89d019f85eaf9bb3efa5edb,burkes,0.4765625,-25.318188163193778,3.307612205994191
f2c138d8f6aa0a90c89d019f85eaf9bb3efa5edb,burkes,0.4921875,-23.305229016037238,2.93414316080147
f2c138d8f6aa0a90c89d019f85eaf9bb3efa5edb,burkes,0.5078125,-23.092515967003727,3.789714257845871
f2c138d8f6aa0a90c89d019f85eaf9bb3efa5edb,burkes,0.5234375,-20.947822132100505,7.608198937521201
f2c138d8f6aa0a90c89d019f85eaf9bb3efa5edb,burkes,0.5390625,-18.329254368009632,11.588595828342672
f2c138d8f6aa0a90c89d019f85eaf9bb3efa5edb,burkes,0.5546875,-8.706923120950808,15.114559873111663
f2c138d8f6aa0a90c89d019f85eaf9bb3efa5edb,burkes,0.5703125,-10.998906128323922,14.518217099820074
f2c138d8f6aa0a90c89d019f85eaf9bb3efa5edb,burkes,0.5859375,-18.886260034677456,9.965171478846198
f2c138d8f6aa0a90c89d019f85eaf9bb3efa5edb,burkes,0.6015625,-18.914105030243597,10.33806451196149
f2c138d8f6aa0a90c89d019f85eaf9bb3efa5edb,burkes,0.6171875,-17.037036753452952,10.754793337190199
f2c138d8f6aa0a90c89d019f85eaf9bb3efa5edb,burkes,0.6328125,-13.84716705096579,14.231719693666975
f2c138d8f6aa0a90c89d019f85eaf9bb3efa5edb,burkes,0.6484375,-7.633438092497315,15.18149675058974
f2c138d8f6aa0a90c89d019f85eaf9bb3efa5edb,burkes,0.6640625,1.8670071927372778,14.075558390436997
f2c138d8f6aa0a90c89d019f85eaf9bb3efa5edb,burkes,0.6796875,1.1015265160845025,12.328831994864672
f2c138d8f6aa0a90c89d019f85eaf9bb3efa5edb,burkes,0.6953125,-8.021362656882395,15.120700170593542
f2c138d8f6aa0a90c89d019f85eaf9bb3efa5edb,burkes,0.7109375,-12.259838137424346,14.556261134173202
f2c138d8f6aa0a90c89d019f85eaf9bb3efa5edb,burkes,0.7265625,-14.623410811140545,13.591129136868139
f2c138d8f6aa0a90c89d019f85eaf9bb3efa5edb,burkes,0.7421875,-15.739228136021865,9.627534170610538
f2c138d8f6aa0a90c89d019f85eaf9bb3efa5edb,burkes,0.7578125,-16.470445147776406,10.800434498117388
f2c138d8f6aa0a90c89d019f85eaf9bb3efa5edb,burkes,0.7734375,-16.50335619748182,8.25834920295302
f2c138d8f6aa0a90c89d019f85eaf9bb3efa5edb,burkes,0.7890625,-16.708544059713603,5.650886894282694
f2c138d8f6aa0a90c89d019f85eaf9bb3efa5edb,burkes,0.8046875,-17.323605812650584,4.5772480912216365
f2c138d8f6aa0a90c89d019f85eaf9bb3efa5edb,burkes,0.8203125,-12.295052822482681,10.576486975735875
f2c138d8f6aa0a90c89d019f85eaf9bb3efa5edb,burkes,0.8359375,-7.281596607111761,14.437611399650883
f2c138d8f6aa0a90c89d019f85eaf9bb3efa5edb,burkes,0.8515625,-9.86671796972086,12.501335627110812
f2c138d8f6aa0a90c89d019f85eaf9bb3efa5edb,burkes,0.8671875,-12.961593092560104,5.251278895873819
f2c138d8f6aa0a90c89d019f85eaf9bb3efa5edb,burkes,0.8828125,-8.233993960090686,10.722720481491475
f2c138d8f6aa0a90c89d019f85eaf9bb3efa5edb,burkes,0.8984375,6.450722389983063,14.329819028445275
f2c138d8f6aa0a90c89d019f85eaf9bb3efa5edb,burkes,0.9140625,1.789319554703685,11.77067009566678
f2c138d8f6aa0a90c89d019f85eaf9bb3efa5edb,burkes,0.9296875,-0.6054729120985576,9.955342762707629
f2c138d8f6aa0a90c89d019f85eaf9bb3efa5edb,burkes,0.9453125,-4.460322037281433,11.24682221173298
f2c138d8f6aa0a90c89d019f85eaf9bb3efa5edb,burkes,0.9609375,0.2527190476649582,9.846864628978354
f2c138d8f6aa0a90c89d019f85eaf9bb3efa5edb,burkes,0.9765625,11.338782516788557,12.32697649478854
f2c138d8f6aa0a90c89d019f85eaf9bb3efa5edb,burkes,0.9921875,5.927750510453178,12.585617466977439
f2c138d8f6aa0a90c89d019f85eaf9bb3efa5edb,sierra1,0.0078125,-8.425195408497627,-4.001338199520589
f2c138d8f6aa0a90c89d019f85eaf9bb3efa5edb,sierra1,0.0234375,-15.561131915318256,5.208638023270723
f2c138d8f6aa0a90c89d019f85eaf9bb3efa5edb,sierra1,0.0390625,-15.553181385932646,9.26805665575872
f2c138d8f6aa0a90c89d019f85eaf9bb3efa5edb,sierra1,0.0546875,-23.93162391061273,3.2712687185219567
f2c138d8f6aa0a90c89d019f85eaf9bb3efa5edb,sierra1,0.0703125,-23.588763956289462,2.744642877045123
f2c138d8f6aa0a90c89d019f85eaf9bb3efa5edb,sierra1,0.0859375,-25.85410946033942,-1.3239671988740451
f2c138d8f6aa0a90c89d019f85eaf9bb3efa5edb,sierra1,0.1015625,-24.905009584713873,-0.05425081306811867
f2c138d8f6aa0a90c89d019f85eaf9bb3efa5edb,sierra1,0.1171875,-22.308466544805793,8.107344201760077
f2c138d8f6aa0a90c89d019f85eaf9bb3efa5edb,sierra1,0.1328125,-24.066226989196572,1.578393832104565
f2c138d8f6aa0a90c89d019f85eaf9bb3efa5edb,sierra1,0.1484375,-21.225893507007125,9.218178845686866
f2c138d8f6aa0a90c89d019f85eaf9bb3efa5edb,sierra1,0.1640625,-24.31519079129807,2.0751938465283266
f2c138d8f6aa0a90c89d019f85eaf9bb3efa5edb,sierra1,0.1796875,-20.52871788415387,7.823411923027487
f2c138d8f6aa0a90c89d019f85eaf9bb3efa5edb,sierra1,0.1953125,-22.61011168400211,3.377333730027792
f2c138d8f6aa0a90c89d019f85eaf9bb3efa5edb,sierra1,0.2109375,-22.50974843611816,2.6725005625566887
f2c138d8f6aa0a90c89d019f85eaf9bb3efa5edb,sierra1,0.2265625,-18.610269295210124,3.960409056568068
f2c138d8f6aa0a90c89d019f85eaf9bb3efa5edb,sierra1,0.2421875,-17.065619152345747,4.298402700134422
f2c138d8f6aa0a90c89d019f85eaf9bb3efa5edb,sierra1,0.2578125,-16.32302498853449,5.745910200620296
f2c138d8f6aa0a90c89d019f85eaf9bb3efa5edb,sierra1,0.2734375,-15.394086045331951,7.734495765910231
f2c138d8f6aa0a90c89d019f85eaf9bb3efa5edb,sierra1,0.2890625,-17.101116953386484,8.591850795497788
f2c138d8f6aa0a90c89d019f85eaf9bb3efa5edb,sierra1,0.3046875,-18.86444800405457,-0.2587693882312857
f2c138d8f6aa0a90c89d019f85eaf9bb3efa5edb,sierra1,0.3203125,-16.15771389625803,6.045963460111116
f2c138d8f6aa0a90c89d019f85eaf9bb3efa5edb,sierra1,0.3359375,-17.018247719436044,2.7835050382056576
f2c138d8f6aa0a90c89d019f85eaf9bb3efa5edb,sierra1,0.3515625,-15.820144106839681,4.527872267646524
f2c138d8f6aa0a90c89d019f85eaf9bb3efa5edb,sierra1,0.3671875,-16.00351614855992,0.5961128191566853
f2c138d8f6aa0a90c89d019f85eaf9bb3efa5edb,sierra1,0.3828125,-15.580807438427634,-1.2334008877503573
f2c138d8f6aa0a90c89d019f85eaf9bb3efa5edb,sierra1,0.3984375,-15.725307755119024,-3.9203171578299356
f2c138d8f6aa0a90c89d019f85eaf9bb3efa5edb,sierra1,0.4140625,-13.884791083132823,-0.24805930247814006
f2c138d8f6aa0a90c89d019f85eaf9bb3efa5edb,sierra1,0.4296875,-13.676396441693745,-1.018100777233188
f2c138d8f6aa0a90c89d019f85eaf9bb3efa5edb,sierra1,0.4453125,-6.549147384400882,6.694309543545498
f2c138d8f6aa0a90c89d019f85eaf9bb3efa5edb,sierra1,0.4609375,-8.917787886712532,4.692396405138735
f2c138d8f6aa0a90c89d019f85eaf9bb3efa5edb,sierra1,0.4765625,-8.223942513827012,8.098293354102868
f2c138d8f6aa0a90c89d019f85eaf9bb3efa5edb,sierra1,0.4921875,-7.483708912862937,8.573429823712855
f2c138d8f6aa0a90c89d019f85eaf9bb3efa5edb,sierra1,0.5078125,-8.908586165384039,5.791629893135328
f2c138d8f6aa0a90c89d019f85eaf9bb3efa5edb,sierra1,0.5234375,-8.943137804346154,3.3320452719250966
f2c138d8f6aa0a90c89d019f85eaf9bb3efa5edb,sierra1,0.5390625,-8.64562766202862,-1.172902100766934
f2c138d8f6aa0a90c89d019f85eaf9bb3efa5edb,sierra1,0.5546875,-9.727057085128456,-0.1805902378057608
f2c138d8f6aa0a90c89d019f85eaf9bb3efa5edb,sierra1,0.5703125,-7.578183013009992,2.3847093546502225
f2c138d8f6aa0a90c89d019f85eaf9bb3efa5edb,sierra1,0.5859375,-6.472318888365828,3.8002267920725714
f2c138d8f6aa0a90c89d019f85eaf9bb3efa5edb,sierra1,0.6015625,-6.725864909853996,3.3072795435025832
f2c138d8f6aa0a90c89d019f85eaf9bb3efa5edb,sierra1,0.6171875,-5.835798093597612,-0.01040201844690525
f2c138d8f6aa0a90c89d019f85eaf9bb3efa5edb,sierra1,0.6328125,-5.723342570796797,0.9181681702965906
f2c138d8f6aa0a90c89d019f85eaf9bb3efa5edb,sierra1,0.6484375,-5.939410817555251,-2.7828112298279812
f2c138d8f6aa0a90c89d019f85eaf9bb3efa5edb,sierra1,0.6640625,-1.0276522387210796,5.574422958285754
f2c138d8f6aa0a90c89d019f85eaf9bb3efa5edb,sierra1,0.6796875,0.7469276539853721,5.698929998373055
f2c138d8f6aa0a90c89d019f85eaf9bb3efa5edb,sierra1,0.6953125,4.295849334864995,13.855669339682503
f2c138d8f6aa0a90c89d019f85eaf9bb3efa5edb,sierra1,0.7109375,0.7533185482454298,8.750429883619944
f2c138d8f6aa0a90c89d019f85eaf9bb3efa5edb,sierra1,0.7265625,-1.0529672087141788,6.883725903373275
f2c138d8f6aa0a90c89d019f85eaf9bb3efa5edb,sierra1,0.7421875,-1.495070199406689,0.569600645163182
f2c138d8f6aa0a90c89d019f85eaf9bb3efa5edb,sierra1,0.7578125,-0.9125354588465634,1.708167997431984
f2c138d8f6aa0a90c89d019f85eaf9bb3efa5edb,sierra1,0.7734375,-1.0331041400009902,0.2302543960185779
f2c138d8f6aa0a90c89d019f85eaf9bb3efa5edb,sierra1,0.7890625,-0.1704917659562605,0.7356604240104885
f2c138d8f6aa0a90c89d019f85eaf9bb3efa5edb,sierra1,0.8046875,0.8212419534148673,1.5670305049040785
f2c138d8f6aa0a90c89d019f85eaf9bb3efa5edb,sierra1,0.8203125,1.6015886955678202,1.8416763147417976
f2c138d8f6aa0a90c89d019f85eaf9bb3efa5edb,sierra1,0.8359375,2.3208633408472688,2.6607047417580083
f2c138d8f6aa0a90c89d019f85eaf9bb3efa5edb,sierra1,0.8515625,1.7567423948397152,2.903187018133151
f2c138d8f6aa0a90c89d019f85eaf9bb3efa5edb,sierra1,0.8671875,1.7419460910054347,2.235038067013877
f2c138d8f6aa0a90c89d019f85eaf9bb3efa5edb,sierra1,0.8828125,2.968405337547271,4.382859106278386
f2c138d8f6aa0a90c89d019f85eaf9bb3efa5edb,sierra1,0.8984375,5.629571763191988,5.735610249187122
f2c138d8f6aa0a90c89d019f85eaf9bb3efa5edb,sierra1,0.9140625,3.665379441147131,5.339784770179282
f2c138d8f6aa0a90c89d019f85eaf9bb3efa5edb,sierra1,0.9296875,3.74354931014645,4.638210935544398
f2c138d8f6aa0a90c89d019f85eaf9bb3efa5edb,sierra1,0.9453125,2.6181724281555003,4.85263605753305
f2c138d8f6aa0a90c89d019f85eaf9bb3efa5edb,sierra1,0.9609375,3.4024373085091657,6.94554526277977
f2c138d8f6aa0a90c89d019f85eaf9bb3efa5edb,sierra1,0.9765625,3.2777170852554023,5.6691953637392665
f2c138d8f6aa0a90c89d019f85eaf9bb3efa5edb,sierra1,0.9921875,2.6657901448367487,2.1810155936436644
f2c138d8f6aa0a90c89d019f85eaf9bb3efa5edb,sierra2,0.0078125,-14.570968624023912,-5.277595803887913
f2c138d8f6aa0a90c89d019f85eaf9bb3efa5edb,sierra2,0.0234375,-15.183246803362946,-5.283200324799107
f2c138d8f6aa0a90c89d019f85eaf9bb3efa5edb,sierra2,0.0390625,-14.696144866490307,-3.4474125037067997
f2c138d8f6aa0a90c89d019f85eaf9bb3efa5edb,sierra2,0.0546875,-13.508407212863707,-4.409114624614965
f2c138d8f6aa0a90c89d019f85eaf9bb3efa5edb,sierra2,0.0703125,-14.954745627735138,-5.2332361690603655
f2c138d8f6aa0a90c89d019f85eaf9bb3efa5edb,sierra2,0.0859375,-14.70534761902579,-3.316420509879714
f2c138d8f6aa0a90c89d019f85eaf9bb3efa5edb,sierra2,0.1015625,-13.582604790410935,-6.096199259376196
f2c138d8f6aa0a90c89d019f85eaf9bb3efa5edb,sierra2,0.1171875,-13.177143936373177,-5.790818908443553
f2c138d8f6aa0a90c89d019f85eaf9bb3efa5edb,sierra2,0.1328125,-13.23291605598522,-5.6225565209828705
f2c138d8f6aa0a90c89d019f85eaf9bb3efa5edb,sierra2,0.1484375,-13.208294678944553,-6.313886741791828
f2c138d8f6aa0a90c89d019f85eaf9bb3efa5edb,sierra2,0.1640625,-11.859369821576493,-3.136940866269273
f2c138d8f6aa0a90c89d019f85eaf9bb3efa5edb,sierra2,0.1796875,-12.603941255664623,-5.325338739626395
f2c138d8f6aa0a90c89d019f85eaf9bb3efa5edb,sierra2,0.1953125,-12.050362331170085,-3.504897694931948
f2c138d8f6aa0a90c89d019f85eaf9bb3efa5edb,sierra2,0.2109375,-11.271361369011064,-2.754032216326503
f2c138d8f6aa0a90c89d019f85eaf9bb3efa5edb,sierra2,0.2265625,-11.719420531292485,-3.8589561578694727
f2c138d8f6aa0a90c89d019f85eaf9bb3efa5edb,sierra2,0.2421875,-11.274672837873059,-3.5049489473052957
f2c138d8f6aa0a90c89d019f85eaf9bb3efa5edb,sierra2,0.2578125,-11.299786001817992,-4.305571036347688
f2c138d8f6aa0a90c89d019f85eaf9bb3efa5edb,sierra2,0.2734375,-10.276492958814673,-3.20209791347187
f2c138d8f6aa0a90c89d019f85eaf9bb3efa5edb,sierra2,0.2890625,-9.871380354892336,-4.653352143022734
f2c138d8f6aa0a90c89d019f85eaf9bb3efa5edb,sierra2,0.3046875,-10.443909170507064,-4.314679765530518
f2c138d8f6aa0a90c89d019f85eaf9bb3efa5edb,sierra2,0.3203125,-9.863045526293567,-3.605147275214397
f2c138d8f6aa0a90c89d019f85eaf9bb3efa5edb,sierra2,0.3359375,-9.871732736725656,-5.920770835808998
f2c138d8f6aa0a90c89d019f85eaf9bb3efa5edb,sierra2,0.3515625,-9.311694657531312,-4.372288651567736
f2c138d8f6aa0a90c89d019f85eaf9bb3efa5edb,sierra2,0.3671875,-9.24973460701218,-4.665920091399577
f2c138d8f6aa0a90c89d019f85eaf9bb3efa5edb,sierra2,0.3828125,-7.860090931676665,-3.280018160526054
f2c138d8f6aa0a90c89d019f85eaf9bb3efa5edb,sierra2,0.3984375,-7.628084408922189,-4.031359773494919
f2c138d8f6aa0a90c89d019f85eaf9bb3efa5edb,sierra2,0.4140625,-7.89239601954039,-4.786981014653378
f2c138d8f6aa0a90c89d019f85eaf9bb3efa5edb,sierra2,0.4296875,-7.128375857972462,-4.230344887003109
f2c138d8f6aa0a90c89d019f85eaf9bb3efa5edb,sierra2,0.4453125,-6.555497700014986,-3.2977834934833004
f2c138d8f6aa0a90c89d019f85eaf9bb3efa5edb,sierra2,0.4609375,-6.1887221747913355,-3.8450182445317354
f2c138d8f6aa0a90c89d019f85eaf9bb3efa5edb,sierra2,0.4765625,-5.055885165563857,-4.386480686482826
f2c138d8f6aa0a90c89d019f85eaf9bb3efa5edb,sierra2,0.4921875,-5.153431788703973,-4.217656453129085
f2c138d8f6aa0a90c89d019f85eaf9bb3efa5edb,sierra2,0.5078125,-4.92038576460153,-5.6731224612618
f2c138d8f6aa0a90c89d019f85eaf9bb3efa5edb,sierra2,0.5234375,-4.096025950984663,-3.222889147001498
f2c138d8f6aa0a90c89d019f85eaf9bb3efa5edb,sierra2,0.5390625,-3.252827188605631,-3.5900059752642193
f2c138d8f6aa0a90c89d019f85eaf9bb3efa5edb,sierra2,0.5546875,-3.0835438389127323,-1.571533192180813
f2c138d8f6aa0a90c89d019f85eaf9bb3efa5edb,sierra2,0.5703125,-2.6204975996066797,-2.206346011966062
f2c138d8f6aa0a90c89d019f85eaf9bb3efa5edb,sierra2,0.5859375,-1.3045930206992737,1.8663098944198067
f2c138d8f6aa0a90c89d019f85eaf9bb3efa5edb,sierra2,0.6015625,-1.2360852906704307,-1.429909491170236
f2c138d8f6aa0a90c89d019f85eaf9bb3efa5edb,sierra2,0.6171875,-1.049577990144027,-0.8591391517938878
f2c138d8f6aa0a90c89d019f85eaf9bb3efa5edb,sierra2,0.6328125,-1.1507827523102707,-1.4045005149057959
f2c138d8f6aa0a90c89d019f85eaf9bb3efa5edb,sierra2,0.6484375,-1.5440813180571302,-0.4363512259143135
f2c138d8f6aa0a90c89d019f85eaf9bb3efa5edb,sierra2,0.6640625,-0.6611604296056943,0.39878737966006
f2c138d8f6aa0a90c89d019f85eaf9bb3efa5edb,sierra2,0.6796875,-0.04179811411796169,1.5124287436325412
f2c138d8f6aa0a90c89d019f85eaf9bb3efa5edb,sierra2,0.6953125,0.19280040595148237,2.0687938271223545
f2c138d8f6aa0a90c89d019f85eaf9bb3efa5edb,sierra2,0.7109375,1.1754346768179942,3.897960628638618
f2c138d8f6aa0a90c89d019f85eaf9bb3efa5edb,sierra2,0.7265625,1.0568468205622845,3.7896601135325043
f2c138d8f6aa0a90c89d019f85eaf9bb3efa5edb,sierra2,0.7421875,1.2205408110447968,3.18066148701884
f2c138d8f6aa0a90c89d019f85eaf9bb3efa5edb,sierra2,0.7578125,2.173035201472781,5.6483216045550355
f2c138d8f6aa0a90c89d019f85eaf9bb3efa5edb,sierra2,0.7734375,1.9343496876405575,5.098174280830614
f2c138d8f6aa0a90c89d019f85eaf9bb3efa5edb,sierra2,0.7890625,2.254044099841784,4.194476455214595
f2c138d8f6aa0a90c89d019f85eaf9bb3efa5edb,sierra2,0.8046875,2.4325076275878503,4.6551396604986115
f2c138d8f6aa0a90c89d019f85eaf9bb3efa5edb,sierra2,0.8203125,2.673836191409156,6.276421101915638
f2c138d8f6aa0a90c89d019f85eaf9bb3efa5edb,sierra2,0.8359375,2.819150319183035,4.734571227888468
f2c138d8f6aa0a90c89d019f85eaf9bb3efa5edb,sierra2,0.8515625,2.052340660723486,3.1646298849958994
f2c138d8f6aa0a90c89d019f85eaf9bb3efa5edb,sierra2,0.8671875,1.519167281375655,1.0625271152874534
f2c138d8f6aa0a90c89d019f85eaf9bb3efa5edb,sierra2,0.8828125,2.103764365111379,3.0399754422815017
f2c138d8f6aa0a90c89d019f85eaf9bb3efa5edb,sierra2,0.8984375,1.599355621942677,1.7385747023151348
f2c138d8f6aa0a90c89d019f85eaf9bb3efa5edb,sierra2,0.9140625,2.5574880156468667,3.236799497933014
f2c138d8f6aa0a90c89d019f85eaf9bb3efa5edb,sierra2,0.9296875,3.007642636214491,4.392835057144987
f2c138d8f6aa0a90c89d019f85eaf9bb3efa5edb,sierra2,0.9453125,2.4398749110851696,3.3086396952030537
f2c138d8f6aa0a90c89d019f85eaf9bb3efa5edb,sierra2,0.9609375,1.3654057810251052,1.7188724084624742
f2c138d8f6aa0a90c89d019f85eaf9bb3efa5edb,sierra2,0.9765625,1.1434886041536128,0.919722352759294
f2c138d8f6aa0a90c89d019f85eaf9bb3efa5edb,sierra2,0.9921875,0.504519200580543,0.7462056168877302
f2c138d8f6aa0a90c89d019f85eaf9bb3efa5edb,sierra3,0.0078125,-9.402290482886661,-9.355972576229735
f2c138d8f6aa0a90c89d019f85eaf9bb3efa5edb,sierra3,0.0234375,-12.93638244969598,-2.358588000637364
f2c138d8f6aa0a90c89d019f85eaf9bb3efa5edb,sierra3,0.0390625,-13.619704583204374,-3.5781534454756256
f2c138d8f6aa0a90c89d019f85eaf9bb3efa5edb,sierra3,0.0546875,-15.164376102598805,-6.641894857813014
f2c138d8f6aa0a90c89d019f85eaf9bb3efa5edb,sierra3,0.0703125,-14.897471515917417,-4.904840306155631
f2c138d8f6aa0a90c89d019f85eaf9bb3efa5edb,sierra3,0.0859375,-14.60185695545421,-3.326222325562233
f2c138d8f6aa0a90c89d019f85eaf9bb3efa5edb,sierra3,0.1015625,-14.964761993657907,-4.14173847566575
f2c138d8f6aa0a90c89d019f85eaf9bb3efa5edb,sierra3,0.1171875,-15.720264848522369,-4.275819534578655
f2c138d8f6aa0a90c89d019f85eaf9bb3efa5edb,sierra3,0.1328125,-16.422152391383328,-5.713601057069882
f2c138d8f6aa0a90c89d019f85eaf9bb3efa5edb,sierra3,0.1484375,-15.654377594462245,-6.847074430801815
f2c138d8f6aa0a90c89d019f85eaf9bb3efa5edb,sierra3,0.1640625,-15.619462587748638,-4.626873722255777
f2c138d8f6aa0a90c89d019f85eaf9bb3efa5edb,sierra3,0.1796875,-16.64924262472247,-4.629847253529552
f2c138d8f6aa0a90c89d019f85eaf9bb3efa5edb,sierra3,0.1953125,-16.817374848398035,-6.191306493847276
f2c138d8f6aa0a90c89d019f85eaf9bb3efa5edb,sierra3,0.2109375,-16.23732442813964,-5.598736459279845
f2c138d8f6aa0a90c89d019f85eaf9bb3efa5edb,sierra3,0.2265625,-16.10954191203141,-5.114097396799709
f2c138d8f6aa0a90c89d019f85eaf9bb3efa5edb,sierra3,0.2421875,-15.741340837728995,-5.314659364248843
f2c138d8f6aa0a90c89d019f85eaf9bb3efa5edb,sierra3,0.2578125,-15.39166089312925,-3.5388744880841525
f2c138d8f6aa0a90c89d019f85eaf9bb3efa5edb,sierra3,0.2734375,-15.081314846675882,-4.605831683006199
f2c138d8f6aa0a90c89d019f85eaf9bb3efa5edb,sierra3,0.2890625,-14.558054016213962,-3.793573721167052
f2c138d8f6aa0a90c89d019f85eaf9bb3efa5edb,sierra3,0.3046875,-14.436325000591026,-6.563815954062666
f2c138d8f6aa0a90c89d019f85eaf9bb3efa5edb,sierra3,0.3203125,-14.138539277367435,-7.413951002720905
f2c138d8f6aa0a90c89d019f85eaf9bb3efa5edb,sierra3,0.3359375,-13.087306209672615,-6.922908062129428
f2c138d8f6aa0a90c89d019f85eaf9bb3efa5edb,sierra3,0.3515625,-12.531061386352057,-5.008184579062766
f2c138d8f6aa0a90c89d019f85eaf9bb3efa5edb,sierra3,0.3671875,-12.30757551413589,-7.470642155903936
f2c138d8f6aa0a90c89d019f85eaf9bb3efa5edb,sierra3,0.3828125,-11.19516909508574,-7.960838727784734
f2c138d8f6aa0a90c89d019f85eaf9bb3efa5edb,sierra3,0.3984375,-10.954732017856706,-7.343821316050928
f2c138d8f6aa0a90c89d019f85eaf9bb3efa5edb,sierra3,0.4140625,-9.779097872833034,-8.311329617438295
f2c138d8f6aa0a90c89d019f85eaf9bb3efa5edb,sierra3,0.4296875,-9.59142439457214,-7.657928895045791
f2c138d8f6aa0a90c89d019f85eaf9bb3efa5edb,sierra3,0.4453125,-8.489785037962717,-7.534224080009803
f2c138d8f6aa0a90c89d019f85eaf9bb3efa5edb,sierra3,0.4609375,-8.24771377144246,-5.871457259711688
f2c138d8f6aa0a90c89d019f85eaf9bb3efa5edb,sierra3,0.4765625,-7.028604976809038,-4.638427029197237
f2c138d8f6aa0a90c89d019f85eaf9bb3efa5edb,sierra3,0.4921875,-6.580316323134293,-5.188274385280282
f2c138d8f6aa0a90c89d019f85eaf9bb3efa5edb,sierra3,0.5078125,-5.881850686207675,-6.565575244518879
f2c138d8f6aa0a90c89d019f85eaf9bb3efa5edb,sierra3,0.5234375,-5.690336150179211,-4.188771970552729
f2c138d8f6aa0a90c89d019f85eaf9bb3efa5edb,sierra3,0.5390625,-4.1078086756004835,-4.448903031155428
f2c138d8f6aa0a90c89d019f85eaf9bb3efa5edb,sierra3,0.5546875,-3.3932640630434796,-2.579511595937812
f2c138d8f6aa0a90c89d019f85eaf9bb3efa5edb,sierra3,0.5703125,-3.1298709540343426,-2.541834226671873
f2c138d8f6aa0a90c89d019f85eaf9bb3efa5edb,sierra3,0.5859375,-2.37225530848506,-0.7838492389776144
f2c138d8f6aa0a90c89d019f85eaf9bb3efa5edb,sierra3,0.6015625,-0.9416478343065909,-0.2406837623534361
f2c138d8f6aa0a90c89d019f85eaf9bb3efa5edb,sierra3,0.6171875,-0.046040014203898826,1.3775699766923464
f2c138d8f6aa0a90c89d019f85eaf9bb3efa5edb,sierra3,0.6328125,0.2559473423298009,0.7146018275897248
f2c138d8f6aa0a90c89d019f85eaf9bb3efa5edb,sierra3,0.6484375,1.895747569391634,2.9231664325654134
f2c138d8f6aa0a90c89d019f85eaf9bb3efa5edb,sierra3,0.6640625,2.604289715526145,2.4758686629525637
f2c138d8f6aa0a90c89d019f85eaf9bb3efa5edb,sierra3,0.6796875,2.9328232434353425,2.5003100383954964
f2c138d8f6aa0a90c89d019f85eaf9bb3efa5edb,sierra3,0.6953125,3.2809297629860676,4.460649467806991
f2c138d8f6aa0a90c89d019f85eaf9bb3efa5edb,sierra3,0.7109375,3.0800372804024616,3.780613212597731
f2c138d8f6aa0a90c89d019f85eaf9bb3efa5edb,sierra3,0.7265625,3.665320393874945,4.411121730348754
f2c138d8f6aa0a90c89d019f85eaf9bb3efa5edb,sierra3,0.7421875,3.0339754651723276,3.0545952443295734
f2c138d8f6aa0a90c89d019f85eaf9bb3efa5edb,sierra3,0.7578125,3.4982358351700156,3.2396122008005723
f2c138d8f6aa0a90c89d019f85eaf9bb3efa5edb,sierra3,0.7734375,3.2217966109557206,2.5303208801363377
f2c138d8f6aa0a90c89d019f85eaf9bb3efa5edb,sierra3,0.7890625,3.641437665593041,2.618994014968301
f2c138d8f6aa0a90c89d019f85eaf9bb3efa5edb,sierra3,0.8046875,3.2813427528301093,2.2935936511730883
f2c138d8f6aa0a90c89d019f85eaf9bb3efa5edb,sierra3,0.8203125,3.4241174189373105,2.6001139691199864
f2c138d8f6aa0a90c89d019f85eaf9bb3efa5edb,sierra3,0.8359375,3.5274487267174406,2.841900416955432
f2c138d8f6aa0a90c89d019f85eaf9bb3efa5edb,sierra3,0.8515625,2.422105996993725,2.2165884387738375
f2c138d8f6aa0a90c89d019f85eaf9bb3efa5edb,sierra3,0.8671875,1.3551330385551419,1.8659941031772111
f2c138d8f6aa0a90c89d019f85eaf9bb3efa5edb,sierra3,0.8828125,0.5564847033047269,-1.2000877777122714
f2c138d8f6aa0a90c89d019f85eaf9bb3efa5edb,sierra3,0.8984375,0.11880206458287029,-1.0852544711268102
f2c138d8f6aa0a90c89d019f85eaf9bb3efa5edb,sierra3,0.9140625,-0.685335622003972,-1.1184345737724404
f2c138d8f6aa0a90c89d019f85eaf9bb3efa5edb,sierra3,0.9296875,-1.6060830671681967,-2.5912142936726195
f2c138d8f6aa0a90c89d019f85eaf9bb3efa5edb,sierra3,0.9453125,-1.9546922456539564,-3.043012711696367
f2c138d8f6aa0a90c89d019f85eaf9bb3efa5edb,sierra3,0.9609375,-2.848137694492119,-3.8903566122417947
f2c138d8f6aa0a90c89d019f85eaf9bb3efa5edb,sierra3,0.9765625,-3.3134304569436237,-5.506007041970293
f2c138d8f6aa0a90c89d019f85eaf9bb3efa5edb,sierra3,0.9921875,-3.5993123420658457,-5.201615658297993
f2c138d8f6aa0a90c89d019f85eaf9bb3efa5edb,lso2,0.0078125,-22.501787086540965,-1.7082764738244842
f2c138d8f6aa0a90c89d019f85eaf9bb3efa5edb,lso2,0.0234375,-72.41762076097669,5.311975839372694
f2c138d8f6aa0a90c89d019f85eaf9bb3efa5edb,lso2,0.0390625,-76.00028783772169,10.35126872221774
f2c138d8f6aa0a90c89d019f85eaf9bb3efa5edb,lso2,0.0546875,-75.92500731484971,11.109501768838015
f2c138d8f6aa0a90c89d019f85eaf9bb3efa5edb,lso2,0.0703125,-75.18503560902934,12.016014370951748
f2c138d8f6aa0a90c89d019f85eaf9bb3efa5edb,lso2,0.0859375,-73.37617472368376,12.01684128725454
f2c138d8f6aa0a90c89d019f85eaf9bb3efa5edb,lso2,0.1015625,-71.51282294513747,13.063511316768947
f2c138d8f6aa0a90c89d019f85eaf9bb3efa5edb,lso2,0.1171875,-68.27434844686684,13.063580325136959
f2c138d8f6aa0a90c89d019f85eaf9bb3efa5edb,lso2,0.1328125,-64.74399078490889,13.063618876149603
f2c138d8f6aa0a90c89d019f85eaf9bb3efa5edb,lso2,0.1484375,-60.33231609688342,13.063661168980218
f2c138d8f6aa0a90c89d019f85eaf9bb3efa5edb,lso2,0.1640625,-54.694248337198715,13.063675197584105
f2c138d8f6aa0a90c89d019f85eaf9bb3efa5edb,lso2,0.1796875,-46.78540124721168,13.311629084610088
f2c138d8f6aa0a90c89d019f85eaf9bb3efa5edb,lso2,0.1953125,-35.485523860389875,13.45464511724461
f2c138d8f6aa0a90c89d019f85eaf9bb3efa5edb,lso2,0.2109375,-8.815268316945152,13.454645431285146
f2c138d8f6aa0a90c89d019f85eaf9bb3efa5edb,lso2,0.2265625,6.3104676237275745,13.454646420285679
f2c138d8f6aa0a90c89d019f85eaf9bb3efa5edb,lso2,0.2421875,-12.369352625256356,13.454641946489613
f2c138d8f6aa0a90c89d019f85eaf9bb3efa5edb,lso2,0.2578125,-37.219034714530494,13.454423876620137
f2c138d8f6aa0a90c89d019f85eaf9bb3efa5edb,lso2,0.2734375,-48.960111996513675,13.545688921768262
f2c138d8f6aa0a90c89d019f85eaf9bb3efa5edb,lso2,0.2890625,-56.798038603589745,13.607410496180085
f2c138d8f6aa0a90c89d019f85eaf9bb3efa5edb,lso2,0.3046875,-62.693362716910514,13.60329427269873
f2c138d8f6aa0a90c89d019f85eaf9bb3efa5edb,lso2,0.3203125,-66.62979484350294,13.59606711923858
f2c138d8f6aa0a90c89d019f85eaf9bb3efa5edb,lso2,0.3359375,-69.32633195381877,13.590127300056077
f2c138d8f6aa0a90c89d019f85eaf9bb3efa5edb,lso2,0.3515625,-69.85600005149804,13.585231445613397
f2c138d8f6aa0a90c89d019f85eaf9bb3efa5edb,lso2,0.3671875,-68.71614689378279,13.667623507331712
f2c138d8f6aa0a90c89d019f85eaf9bb3efa5edb,lso2,0.3828125,-65.29963430942053,13.679770968778744
f2c138d8f6aa0a90c89d019f85eaf9bb3efa5edb,lso2,0.3984375,-59.497694804183396,13.689999555993529
f2c138d8f6aa0a90c89d019f85eaf9bb3efa5edb,lso2,0.4140625,-49.666784552858836,13.694237777479767
f2c138d8f6aa0a90c89d019f85eaf9bb3efa5edb,lso2,0.4296875,-30.23957558577159,13.695001593573615
f2c138d8f6aa0a90c89d019f85eaf9bb3efa5edb,lso2,0.4453125,3.0387617570230145,13.695012408365786
f2c138d8f6aa0a90c89d019f85eaf9bb3efa5edb,lso2,0.4609375,-5.874965598995827,13.746988593446861
f2c138d8f6aa0a90c89d019f85eaf9bb3efa5edb,lso2,0.4765625,-46.81321638599392,13.744711603162179
f2c138d8f6aa0a90c89d019f85eaf9bb3efa5edb,lso2,0.4921875,-60.85888470402021,13.666611036274585
f2c138d8f6aa0a90c89d019f85eaf9bb3efa5edb,lso2,0.5078125,-70.66344442906102,12.5699694726271
f2c138d8f6aa0a90c89d019f85eaf9bb3efa5edb,lso2,0.5234375,-75.90506988858161,8.77752640969083
f2c138d8f6aa0a90c89d019f85eaf9bb3efa5edb,lso2,0.5390625,-74.11997475428572,10.415076013956506
f2c138d8f6aa0a90c89d019f85eaf9bb3efa5edb,lso2,0.5546875,-70.82405700022137,10.538135247161836
f2c138d8f6aa0a90c89d019f85eaf9bb3efa5edb,lso2,0.5703125,-66.96511762032836,10.355202374421033
f2c138d8f6aa0a90c89d019f85eaf9bb3efa5edb,lso2,0.5859375,-62.531439297415176,10.785177739794241
f2c138d8f6aa0a90c89d019f85eaf9bb3efa5edb,lso2,0.6015625,-57.275012121348595,11.17613636991187
f2c138d8f6aa0a90c89d019f85eaf9bb3efa5edb,lso2,0.6171875,-50.31883598587302,11.58809861822801
f2c138d8f6aa0a90c89d019f85eaf9bb3efa5edb,lso2,0.6328125,-40.7537966281007,11.790494963100961
f2c138d8f6aa0a90c89d019f85eaf9bb3efa5edb,lso2,0.6484375,-24.040647793937087,12.023887759765557
f2c138d8f6aa0a90c89d019f85eaf9bb3efa5edb,lso2,0.6640625,6.64881796772014,12.047160389507214
f2c138d8f6aa0a90c89d019f85eaf9bb3efa5edb,lso2,0.6796875,4.410470869166334,12.02701517240629
f2c138d8f6aa0a90c89d019f85eaf9bb3efa5edb,lso2,0.6953125,8.47689462804712,12.302160934461572
f2c138d8f6aa0a90c89d019f85eaf9bb3efa5edb,lso2,0.7109375,6.408128100108602,12.298985689091804
f2c138d8f6aa0a90c89d019f85eaf9bb3efa5edb,lso2,0.7265625,-24.50367774782171,12.111317323058422
f2c138d8f6aa0a90c89d019f85eaf9bb3efa5edb,lso2,0.7421875,-40.64284557902795,11.724703264087688
f2c138d8f6aa0a90c89d019f85eaf9bb3efa5edb,lso2,0.7578125,-45.68128420039386,6.889508977997455
f2c138d8f6aa0a90c89d019f85eaf9bb3efa5edb,lso2,0.7734375,-32.80982433956359,10.794327984438096
f2c138d8f6aa0a90c89d019f85eaf9bb3efa5edb,lso2,0.7890625,2.4630545217643567,12.304227979776059
f2c138d8f6aa0a90c89d019f85eaf9bb3efa5edb,lso2,0.8046875,9.201310701852115,12.30441297535263
f2c138d8f6aa0a90c89d019f85eaf9bb3efa5edb,lso2,0.8203125,-13.13773323712356,12.29160033335087
f2c138d8f6aa0a90c89d019f85eaf9bb3efa5edb,lso2,0.8359375,-39.81185704905223,12.088410687972907
f2c138d8f6aa0a90c89d019f85eaf9bb3efa5edb,lso2,0.8515625,-48.642805751758644,9.79125153172274
f2c138d8f6aa0a90c89d019f85eaf9bb3efa5edb,lso2,0.8671875,-39.30401547617534,13.733905591011986
f2c138d8f6aa0a90c89d019f85eaf9bb3efa5edb,lso2,0.8828125,-4.689220333918583,13.842686717684352
f2c138d8f6aa0a90c89d019f85eaf9bb3efa5edb,lso2,0.8984375,-1.137038777289267,13.849079739042354
f2c138d8f6aa0a90c89d019f85eaf9bb3efa5edb,lso2,0.9140625,-32.22269897974565,10.692112662876339
f2c138d8f6aa0a90c89d019f85eaf9bb3efa5edb,lso2,0.9296875,-3.008360178605784,9.032051391331226
f2c138d8f6aa0a90c89d019f85eaf9bb3efa5edb,lso2,0.9453125,9.07979896697523,9.969106687513666
f2c138d8f6aa0a90c89d019f85eaf9bb3efa5edb,lso2,0.9609375,-13.971604886991882,9.031785686143131
f2c138d8f6aa0a90c89d019f85eaf9bb3efa5edb,lso2,0.9765625,-40.714764342209364,8.813284358375398
f2c138d8f6aa0a90c89d019f85eaf9bb3efa5edb,lso2,0.9921875,-47.891956260998796,8.327559573036003
f2c138d8f6aa0a90c89d019f85eaf9bb3efa5edb,a_dither,0.0078125,-90.73009674242292,-13.244925268465071
f2c138d8f6aa0a90c89d019f85eaf9bb3efa5edb,a_dither,0.0234375,-93.69721188058523,1.580266599282417
f2c138d8f6aa0a90c89d019f85eaf9bb3efa5edb,a_dither,0.0390625,-93.29070546271781,3.5651564397507807
f2c138d8f6aa0a90c89d019f85eaf9bb3efa5edb,a_dither,0.0546875,-92.12185065499793,6.158296150446936
f2c138d8f6aa0a90c89d019f85eaf9bb3efa5edb,a_dither,0.0703125,-86.83711215279135,5.983382626763479
f2c138d8f6aa0a90c89d019f85eaf9bb3efa5edb,a_dither,0.0859375,-76.75852123813657,11.972866907904818
f2c138d8f6aa0a90c89d019f85eaf9bb3efa5edb,a_dither,0.1015625,-19.51458615357701,12.662292378445994
f2c138d8f6aa0a90c89d019f85eaf9bb3efa5edb,a_dither,0.1171875,-26.756485058821433,13.968497679353879
f2c138d8f6aa0a90c89d019f85eaf9bb3efa5edb,a_dither,0.1328125,-69.9195785644965,7.477181647294206
f2c138d8f6aa0a90c89d019f85eaf9bb3efa5edb,a_dither,0.1484375,-12.286406145816205,10.01007598330413
f2c138d8f6aa0a90c89d019f85eaf9bb3efa5edb,a_dither,0.1640625,-6.96344486425804,11.55201644302358
f2c138d8f6aa0a90c89d019f85eaf9bb3efa5edb,a_dither,0.1796875,-64.4459212160057,8.70980731799736
f2c138d8f6aa0a90c89d019f85eaf9bb3efa5edb,a_dither,0.1953125,-18.79694027214578,15.43923406197488
f2c138d8f6aa0a90c89d019f85eaf9bb3efa5edb,a_dither,0.2109375,1.4377005019042666,11.71699268695778
f2c138d8f6aa0a90c89d019f85eaf9bb3efa5edb,a_dither,0.2265625,-3.6239924499828087,10.679461245882509
f2c138d8f6aa0a90c89d019f85eaf9bb3efa5edb,a_dither,0.2421875,-63.56391571414648,9.521330819499704
f2c138d8f6aa0a90c89d019f85eaf9bb3efa5edb,a_dither,0.2578125,-69.420649193296,10.039489357013366
f2c138d8f6aa0a90c89d019f85eaf9bb3efa5edb,a_dither,0.2734375,-58.94759097494201,14.84092401588806
f2c138d8f6aa0a90c89d019f85eaf9bb3efa5edb,a_dither,0.2890625,-0.7340871304941048,15.33003021031568
f2c138d8f6aa0a90c89d019f85eaf9bb3efa5edb,a_dither,0.3046875,-4.998623398772201,9.857599156302028
f2c138d8f6aa0a90c89d019f85eaf9bb3efa5edb,a_dither,0.3203125,-7.284850525771561,10.596109736101756
f2c138d8f6aa0a90c89d019f85eaf9bb3efa5edb,a_dither,0.3359375,-26.491005276763502,15.439852625173165
f2c138d8f6aa0a90c89d019f85eaf9bb3efa5edb,a_dither,0.3515625,-13.708195087458657,12.487100928241365
f2c138d8f6aa0a90c89d019f85eaf9bb3efa5edb,a_dither,0.3671875,-7.413796642778094,14.323572782329778
f2c138d8f6aa0a90c89d019f85eaf9bb3efa5edb,a_dither,0.3828125,-38.85429968263228,15.412781214893055
f2c138d8f6aa0a90c89d019f85eaf9bb3efa5edb,a_dither,0.3984375,-11.658430304983938,13.199097797389303
f2c138d8f6aa0a90c89d019f85eaf9bb3efa5edb,a_dither,0.4140625,-17.001011790372978,11.295312147156915
f2c138d8f6aa0a90c89d019f85eaf9bb3efa5edb,a_dither,0.4296875,-6.765008034667303,9.39117407498401
f2c138d8f6aa0a90c89d019f85eaf9bb3efa5edb,a_dither,0.4453125,-10.463060749698954,9.872047654423614
f2c138d8f6aa0a90c89d019f85eaf9bb3efa5edb,a_dither,0.4609375,-2.63382853296916,14.688385922587397
f2c138d8f6aa0a90c89d019f85eaf9bb3efa5edb,a_dither,0.4765625,1.5557545959122707,14.164356754896678
f2c138d8f6aa0a90c89d019f85eaf9bb3efa5edb,a_dither,0.4921875,-14.416031892409046,13.66047269139117
f2c138d8f6aa0a90c89d019f85eaf9bb3efa5edb,a_dither,0.5078125,-7.816526478244432,9.986177694984349
f2c138d8f6aa0a90c89d019f85eaf9bb3efa5edb,a_dither,0.5234375,-0.22103194433784185,15.14198457295513
f2c138d8f6aa0a90c89d019f85eaf9bb3efa5edb,a_dither,0.5390625,3.503632270954075,15.440678669499803
f2c138d8f6aa0a90c89d019f85eaf9bb3efa5edb,a_dither,0.5546875,-57.591898691135206,12.635361457540938
f2c138d8f6aa0a90c89d019f85eaf9bb3efa5edb,a_dither,0.5703125,-3.707233264259018,14.99284579076955
f2c138d8f6aa0a90c89d019f85eaf9bb3efa5edb,a_dither,0.5859375,-2.1046464138744225,12.851120363193271
f2c138d8f6aa0a90c89d019f85eaf9bb3efa5edb,a_dither,0.6015625,9.902424127766704,14.415664896553261
f2c138d8f6aa0a90c89d019f85eaf9bb3efa5edb,a_dither,0.6171875,5.089584805898852,14.956668817859512
f2c138d8f6aa0a90c89d019f85eaf9bb3efa5edb,a_dither,0.6328125,-5.210703057564446,14.34731524783414
f2c138d8f6aa0a90c89d019f85eaf9bb3efa5edb,a_dither,0.6484375,-12.193415232071164,10.86113131037929
f2c138d8f6aa0a90c89d019f85eaf9bb3efa5edb,a_dither,0.6640625,-8.998186579940423,12.82110801924603
f2c138d8f6aa0a90c89d019f85eaf9bb3efa5edb,a_dither,0.6796875,-14.204870691798842,12.138236193404673
f2c138d8f6aa0a90c89d019f85eaf9bb3efa5edb,a_dither,0.6953125,-11.397102911527755,12.621916146262569
f2c138d8f6aa0a90c89d019f85eaf9bb3efa5edb,a_dither,0.7109375,-6.845364101295896,13.290408050703492
f2c138d8f6aa0a90c89d019f85eaf9bb3efa5edb,a_dither,0.7265625,-10.195209147725922,7.199802129751375
f2c138d8f6aa0a90c89d019f85eaf9bb3efa5edb,a_dither,0.7421875,-1.3457026476249179,13.299078897796218
f2c138d8f6aa0a90c89d019f85eaf9bb3efa5edb,a_dither,0.7578125,2.12342047797848,14.979919168494582
f2c138d8f6aa0a90c89d019f85eaf9bb3efa5edb,a_dither,0.7734375,-20.741440230570586,10.652504195593274
f2c138d8f6aa0a90c89d019f85eaf9bb3efa5edb,a_dither,0.7890625,-3.08559149186661,11.844111592045968
f2c138d8f6aa0a90c89d019f85eaf9bb3efa5edb,a_dither,0.8046875,1.1597796434593988,14.121628804915748
f2c138d8f6aa0a90c89d019f85eaf9bb3efa5edb,a_dither,0.8203125,10.580436012083467,10.74500380604995
f2c138d8f6aa0a90c89d019f85eaf9bb3efa5edb,a_dither,0.8359375,0.8151891299440328,12.175474066123037
f2c138d8f6aa0a90c89d019f85eaf9bb3efa5edb,a_dither,0.8515625,-7.562980228551441,15.345872927429198
f2c138d8f6aa0a90c89d019f85eaf9bb3efa5edb,a_dither,0.8671875,-11.16124489450212,10.711504555914761
f2c138d8f6aa0a90c89d019f85eaf9bb3efa5edb,a_dither,0.8828125,-9.607435690098727,8.876130673621034
f2c138d8f6aa0a90c89d019f85eaf9bb3efa5edb,a_dither,0.8984375,-5.663253047789728,10.792036957377686
f2c138d8f6aa0a90c89d019f85eaf9bb3efa5edb,a_dither,0.9140625,-1.309783908975599,13.35656141170565
f2c138d8f6aa0a90c89d019f85eaf9bb3efa5edb,a_dither,0.9296875,0.9565575318171221,15.230506410188083
f2c138d8f6aa0a90c89d019f85eaf9bb3efa5edb,a_dither,0.9453125,5.107820328549315,15.2734540649613
f2c138d8f6aa0a90c89d019f85eaf9bb3efa5edb,a_dither,0.9609375,-20.4153173756039,12.904422441025643
f2c138d8f6aa0a90c89d019f85eaf9bb3efa5edb,a_dither,0.9765625,-15.784894424884662,12.311471134444368
f2c138d8f6aa0a90c89d019f85eaf9bb3efa5edb,a_dither,0.9921875,-15.815457215965088,9.453635036418678
f2c138d8f6aa0a90c89d019f85eaf9bb3efa5edb,x_dither,0.0078125,-1.904013077889815,-7.036663471890706
f2c138d8f6aa0a90c89d019f85eaf9bb3efa5edb,x_dither,0.0234375,-3.920554237447612,-0.7863442955095984
f2c138d8f6aa0a90c89d019f85eaf9bb3efa5edb,x_dither,0.0390625,-3.954321345719195,1.019825945283908
f2c138d8f6aa0a90c89d019f85eaf9bb3efa5edb,x_dither,0.0546875,-5.765430641960166,-1.7455020752341865
f2c138d8f6aa0a90c89d019f85eaf9bb3efa5edb,x_dither,0.0703125,-3.999104327973803,-2.4209506389516395
f2c138d8f6aa0a90c89d019f85eaf9bb3efa5edb,x_dither,0.0859375,-1.8543326976157126,1.939121930566379
f2c138d8f6aa0a90c89d019f85eaf9bb3efa5edb,x_dither,0.1015625,-2.7061849070784576,-1.1475442539814151
f2c138d8f6aa0a90c89d019f85eaf9bb3efa5edb,x_dither,0.1171875,-2.0598175518433304,-4.250680356292787
f2c138d8f6aa0a90c89d019f85eaf9bb3efa5edb,x_dither,0.1328125,-1.3850325563657504,0.9433857884419248
f2c138d8f6aa0a90c89d019f85eaf9bb3efa5edb,x_dither,0.1484375,-1.41309931576814,2.457896162562591
f2c138d8f6aa0a90c89d019f85eaf9bb3efa5edb,x_dither,0.1640625,0.27555164834392193,7.272517650843394
f2c138d8f6aa0a90c89d019f85eaf9bb3efa5edb,x_dither,0.1796875,-3.005322387273777,0.5033718180141161
f2c138d8f6aa0a90c89d019f85eaf9bb3efa5edb,x_dither,0.1953125,-3.142667743708044,-4.063089924156144
f2c138d8f6aa0a90c89d019f85eaf9bb3efa5edb,x_dither,0.2109375,-2.4158887978884973,-1.0256509510348708
f2c138d8f6aa0a90c89d019f85eaf9bb3efa5edb,x_dither,0.2265625,-0.9373514903500678,-2.0657909124997333
f2c138d8f6aa0a90c89d019f85eaf9bb3efa5edb,x_dither,0.2421875,1.7163026219938604,5.399047773540998
f2c138d8f6aa0a90c89d019f85eaf9bb3efa5edb,x_dither,0.2578125,-1.5789474542723745,1.7183683876813367
f2c138d8f6aa0a90c89d019f85eaf9bb3efa5edb,x_dither,0.2734375,-2.159628006526663,-1.389048214382347
f2c138d8f6aa0a90c89d019f85eaf9bb3efa5edb,x_dither,0.2890625,-0.8820399866559814,-0.24694326580825354
f2c138d8f6aa0a90c89d019f85eaf9bb3efa5edb,x_dither,0.3046875,0.28643657144314155,3.8358892453748283
f2c138d8f6aa0a90c89d019f85eaf9bb3efa5edb,x_dither,0.3203125,-1.703940692846334,-0.08370139099314822
f2c138d8f6aa0a90c89d019f85eaf9bb3efa5edb,x_dither,0.3359375,-0.40292029686372643,4.872609060119874
f2c138d8f6aa0a90c89d019f85eaf9bb3efa5edb,x_dither,0.3515625,-0.23855844522114478,1.0297526318502006
f2c138d8f6aa0a90c89d019f85eaf9bb3efa5edb,x_dither,0.3671875,0.24433684363984184,3.170973019296552
f2c138d8f6aa0a90c89d019f85eaf9bb3efa5edb,x_dither,0.3828125,-2.6266233222748783,-2.207789142296624
f2c138d8f6aa0a90c89d019f85eaf9bb3efa5edb,x_dither,0.3984375,0.17463844116168553,-0.6752540140864706
f2c138d8f6aa0a90c89d019f85eaf9bb3efa5edb,x_dither,0.4140625,1.0811486671339006,0.7399679869596085
f2c138d8f6aa0a90c89d019f85eaf9bb3efa5edb,x_dither,0.4296875,-0.814607155788521,1.8961455254676387
f2c138d8f6aa0a90c89d019f85eaf9bb3efa5edb,x_dither,0.4453125,-1.3942727179927605,-0.6240223255236055
f2c138d8f6aa0a90c89d019f85eaf9bb3efa5edb,x_dither,0.4609375,-0.6318363149568295,-0.5090423982199079
f2c138d8f6aa0a90c89d019f85eaf9bb3efa5edb,x_dither,0.4765625,0.8017219362923707,0.7575128264428177
f2c138d8f6aa0a90c89d019f85eaf9bb3efa5edb,x_dither,0.4921875,-0.3267123708816212,-3.3512220821709553
f2c138d8f6aa0a90c89d019f85eaf9bb3efa5edb,x_dither,0.5078125,-0.4067724535052598,-1.3912125311933434
f2c138d8f6aa0a90c89d019f85eaf9bb3efa5edb,x_dither,0.5234375,-1.3626345260465538,-0.3444097609986151
f2c138d8f6aa0a90c89d019f85eaf9bb3efa5edb,x_dither,0.5390625,-2.9163729034373267,-5.896723023092222
f2c138d8f6aa0a90c89d019f85eaf9bb3efa5edb,x_dither,0.5546875,-0.4921273334506078,-3.851344802181303
f2c138d8f6aa0a90c89d019f85eaf9bb3efa5edb,x_dither,0.5703125,0.33517250715325236,-1.5611319857683346
f2c138d8f6aa0a90c89d019f85eaf9bb3efa5edb,x_dither,0.5859375,0.01899033962698987,1.240532597384338
f2c138d8f6aa0a90c89d019f85eaf9bb3efa5edb,x_dither,0.6015625,-1.295247340510277,-2.7304324515351395
f2c138d8f6aa0a90c89d019f85eaf9bb3efa5edb,x_dither,0.6171875,-0.34923056396512525,0.040849627305782704
f2c138d8f6aa0a90c89d019f85eaf9bb3efa5edb,x_dither,0.6328125,-0.035751049888191395,-2.225582622766566
f2c138d8f6aa0a90c89d019f85eaf9bb3efa5edb,x_dither,0.6484375,0.04470415080933023,2.140474741764862
f2c138d8f6aa0a90c89d019f85eaf9bb3efa5edb,x_dither,0.6640625,-1.2134608221156953,-0.3472290155311446
f2c138d8f6aa0a90c89d019f85eaf9bb3efa5edb,x_dither,0.6796875,0.36520863279367366,2.932884390641621
f2c138d8f6aa0a90c89d019f85eaf9bb3efa5edb,x_dither,0.6953125,0.45281590124626503,5.501732319854808
f2c138d8f6aa0a90c89d019f85eaf9bb3efa5edb,x_dither,0.7109375,0.7157688520590849,3.6561696240571138
f2c138d8f6aa0a90c89d019f85eaf9bb3efa5edb,x_dither,0.7265625,1.9509376433871308,5.08928886147816
f2c138d8f6aa0a90c89d019f85eaf9bb3efa5edb,x_dither,0.7421875,-0.6283392632623236,0.28208186363272986
f2c138d8f6aa0a90c89d019f85eaf9bb3efa5edb,x_dither,0.7578125,-0.2285475163093923,0.8456164839043068
f2c138d8f6aa0a90c89d019f85eaf9bb3efa5edb,x_dither,0.7734375,-0.5894590140856006,-4.269737962435883
f2c138d8f6aa0a90c89d019f85eaf9bb3efa5edb,x_dither,0.7890625,0.4934753069259815,-2.097355852856442
f2c138d8f6aa0a90c89d019f85eaf9bb3efa5edb,x_dither,0.8046875,1.2365032785955632,3.5805829413368055
f2c138d8f6aa0a90c89d019f85eaf9bb3efa5edb,x_dither,0.8203125,2.7241268006004002,7.051333015242049
f2c138d8f6aa0a90c89d019f85eaf9bb3efa5edb,x_dither,0.8359375,0.6151792878432869,0.8392428703517489
f2c138d8f6aa0a90c89d019f85eaf9bb3efa5edb,x_dither,0.8515625,0.5092289561587406,0.9340973704583129
f2c138d8f6aa0a90c89d019f85eaf9bb3efa5edb,x_dither,0.8671875,0.8018887030575341,0.040886222405630654
f2c138d8f6aa0a90c89d019f85eaf9bb3efa5edb,x_dither,0.8828125,-1.4000341300551735,-4.750474365974026
f2c138d8f6aa0a90c89d019f85eaf9bb3efa5edb,x_dither,0.8984375,-0.23178462661669597,-3.717530218961844
f2c138d8f6aa0a90c89d019f85eaf9bb3efa5edb,x_dither,0.9140625,1.2282835807077892,3.1612699762556495
f2c138d8f6aa0a90c89d019f85eaf9bb3efa5edb,x_dither,0.9296875,-0.46184759366705214,-1.7286187393165695
f2c138d8f6aa0a90c89d019f85eaf9bb3efa5edb,x_dither,0.9453125,-0.5792935497711889,-3.389111495660433
f2c138d8f6aa0a90c89d019f85eaf9bb3efa5edb,x_dither,0.9609375,0.6497396830216855,-0.2560522584673317
f2c138d8f6aa0a90c89d019f85eaf9bb3efa5edb,x_dither,0.9765625,-0.6201774984481014,-4.849296310389488
f2c138d8f6aa0a90c89d019f85eaf9bb3efa5edb,x_dither,0.9921875,0.6992864650675434,-0.8378887094575604
f2c138d8f6aa0a90c89d019f85eaf9bb3efa5edb,bluenoise,0.0078125,-59.02489989108959,-1.4732983863576363
f2c138d8f6aa0a90c89d019f85eaf9bb3efa5edb,bluenoise,0.0234375,-6.000752314986756,4.104512433861229
f2c138d8f6aa0a90c89d019f85eaf9bb3efa5edb,bluenoise,0.0390625,1.4838912018774155,2.0769350464372853
f2c138d8f6aa0a90c89d019f85eaf9bb3efa5edb,bluenoise,0.0546875,-6.27919927288109,3.5415867432089883
f2c138d8f6aa0a90c89d019f85eaf9bb3efa5edb,bluenoise,0.0703125,-1.6805844924288924,3.1815583000614884
f2c138d8f6aa0a90c89d019f85eaf9bb3efa5edb,bluenoise,0.0859375,-3.8237952354009903,7.5630276744033464
f2c138d8f6aa0a90c89d019f85eaf9bb3efa5edb,bluenoise,0.1015625,-1.1378252215851044,2.955203855382335
f2c138d8f6aa0a90c89d019f85eaf9bb3efa5edb,bluenoise,0.1171875,-3.335774418089572,5.1066395540489
f2c138d8f6aa0a90c89d019f85eaf9bb3efa5edb,bluenoise,0.1328125,0.7590104143688041,1.4585477179034634
f2c138d8f6aa0a90c89d019f85eaf9bb3efa5edb,bluenoise,0.1484375,-2.5489936961254145,2.095617729858324
f2c138d8f6aa0a90c89d019f85eaf9bb3efa5edb,bluenoise,0.1640625,0.9490735504574755,3.229809327634779
f2c138d8f6aa0a90c89d019f85eaf9bb3efa5edb,bluenoise,0.1796875,-3.9849305596126046,4.756478213188345
f2c138d8f6aa0a90c89d019f85eaf9bb3efa5edb,bluenoise,0.1953125,-1.9861918248070909,2.1511185610923125
f2c138d8f6aa0a90c89d019f85eaf9bb3efa5edb,bluenoise,0.2109375,-4.583909076135437,3.18690106305866
f2c138d8f6aa0a90c89d019f85eaf9bb3efa5edb,bluenoise,0.2265625,-2.563912746897161,-1.4052528886638744
f2c138d8f6aa0a90c89d019f85eaf9bb3efa5edb,bluenoise,0.2421875,-2.6055600682123234,3.1228577987907253
f2c138d8f6aa0a90c89d019f85eaf9bb3efa5edb,bluenoise,0.2578125,-1.2367677291743657,-3.03388058180035
f2c138d8f6aa0a90c89d019f85eaf9bb3efa5edb,bluenoise,0.2734375,-2.2671204688974425,0.21871162045044895
f2c138d8f6aa0a90c89d019f85eaf9bb3efa5edb,bluenoise,0.2890625,-1.2284289766526617,2.2135654801749634
f2c138d8f6aa0a90c89d019f85eaf9bb3efa5edb,bluenoise,0.3046875,-6.298718771887347,-1.0700392701392958
f2c138d8f6aa0a90c89d019f85eaf9bb3efa5edb,bluenoise,0.3203125,-1.8867457011352307,-0.605385204571396
f2c138d8f6aa0a90c89d019f85eaf9bb3efa5edb,bluenoise,0.3359375,-2.917292510585124,-0.47297991726824673
f2c138d8f6aa0a90c89d019f85eaf9bb3efa5edb,bluenoise,0.3515625,0.5896909506867949,-1.1064157014243574
f2c138d8f6aa0a90c89d019f85eaf9bb3efa5edb,bluenoise,0.3671875,-3.239724325322512,-3.846369700227297
f2c138d8f6aa0a90c89d019f85eaf9bb3efa5edb,bluenoise,0.3828125,-0.9009802833019269,-1.5474474940914744
f2c138d8f6aa0a90c89d019f85eaf9bb3efa5edb,bluenoise,0.3984375,-3.3149375394095064,-1.046533184562852
f2c138d8f6aa0a90c89d019f85eaf9bb3efa5edb,bluenoise,0.4140625,-0.40957781191679754,-1.1354013390460542
f2c138d8f6aa0a90c89d019f85eaf9bb3efa5edb,bluenoise,0.4296875,-2.427265448124921,-1.8906365884021215
f2c138d8f6aa0a90c89d019f85eaf9bb3efa5edb,bluenoise,0.4453125,-0.4745731918131775,-1.9814232567864376
f2c138d8f6aa0a90c89d019f85eaf9bb3efa5edb,bluenoise,0.4609375,-2.5250366443466454,0.14035938160319472
f2c138d8f6aa0a90c89d019f85eaf9bb3efa5edb,bluenoise,0.4765625,-0.24444453213688463,-0.46403556401492563
f2c138d8f6aa0a90c89d019f85eaf9bb3efa5edb,bluenoise,0.4921875,-2.355531596264582,-1.7062777102800961
f2c138d8f6aa0a90c89d019f85eaf9bb3efa5edb,bluenoise,0.5078125,-0.19400605831275675,-1.2192330982437363
f2c138d8f6aa0a90c89d019f85eaf9bb3efa5edb,bluenoise,0.5234375,-1.7435344560920822,-2.5306901306162466
f2c138d8f6aa0a90c89d019f85eaf9bb3efa5edb,bluenoise,0.5390625,0.5633855943267261,-4.277281457249389
f2c138d8f6aa0a90c89d019f85eaf9bb3efa5edb,bluenoise,0.5546875,-1.3970696169801449,-0.9802457243340178
f2c138d8f6aa0a90c89d019f85eaf9bb3efa5edb,bluenoise,0.5703125,0.8156757497350541,-3.8320596620236325
f2c138d8f6aa0a90c89d019f85eaf9bb3efa5edb,bluenoise,0.5859375,-0.6565078234010777,-1.957756706666884
f2c138d8f6aa0a90c89d019f85eaf9bb3efa5edb,bluenoise,0.6015625,0.7479070377126136,-1.4063953137801852
f2c138d8f6aa0a90c89d019f85eaf9bb3efa5edb,bluenoise,0.6171875,-0.3800601172782212,-1.5312577747067093
f2c138d8f6aa0a90c89d019f85eaf9bb3efa5edb,bluenoise,0.6328125,1.3969396718892944,-4.028129840094258
f2c138d8f6aa0a90c89d019f85eaf9bb3efa5edb,bluenoise,0.6484375,0.5965735050424704,-2.13976503333227
f2c138d8f6aa0a90c89d019f85eaf9bb3efa5edb,bluenoise,0.6640625,0.5460903426229765,-2.6376420849051185
f2c138d8f6aa0a90c89d019f85eaf9bb3efa5edb,bluenoise,0.6796875,-0.856823214852271,-3.595050404780337
f2c138d8f6aa0a90c89d019f85eaf9bb3efa5edb,bluenoise,0.6953125,1.3380575420457457,-2.759926743530409
f2c138d8f6aa0a90c89d019f85eaf9bb3efa5edb,bluenoise,0.7109375,0.49557059206921616,-0.9943710438121149
f2c138d8f6aa0a90c89d019f85eaf9bb3efa5edb,bluenoise,0.7265625,1.0791502246444555,-3.9851014557842963
f2c138d8f6aa0a90c89d019f85eaf9bb3efa5edb,bluenoise,0.7421875,-0.7294550577375423,-2.4457250994977446
f2c138d8f6aa0a90c89d019f85eaf9bb3efa5edb,bluenoise,0.7578125,1.5825484557007454,-5.221775676949746
f2c138d8f6aa0a90c89d019f85eaf9bb3efa5edb,bluenoise,0.7734375,-0.6982243266200744,-4.138125512484144
f2c138d8f6aa0a90c89d019f85eaf9bb3efa5edb,bluenoise,0.7890625,1.4302668457797933,-5.596534867241669
f2c138d8f6aa0a90c89d019f85eaf9bb3efa5edb,bluenoise,0.8046875,-0.23046268241323714,-3.621287060968722
f2c138d8f6aa0a90c89d019f85eaf9bb3efa5edb,bluenoise,0.8203125,1.8209408416494246,-4.131414732987893
f2c138d8f6aa0a90c89d019f85eaf9bb3efa5edb,bluenoise,0.8359375,-0.8854189780626952,-5.24550194192245
f2c138d8f6aa0a90c89d019f85eaf9bb3efa5edb,bluenoise,0.8515625,1.28945764576244,-2.3446546927439047
f2c138d8f6aa0a90c89d019f85eaf9bb3efa5edb,bluenoise,0.8671875,0.11121153933736387,-2.7574902840380777
f2c138d8f6aa0a90c89d019f85eaf9bb3efa5edb,bluenoise,0.8828125,1.300293172406536,-3.331434801110151
f2c138d8f6aa0a90c89d019f85eaf9bb3efa5edb,bluenoise,0.8984375,0.10396167817309465,-1.9922081675855572
f2c138d8f6aa0a90c89d019f85eaf9bb3efa5edb,bluenoise,0.9140625,1.3471048592933976,-4.6575445830258335
f2c138d8f6aa0a90c89d019f85eaf9bb3efa5edb,bluenoise,0.9296875,-0.0008537520071389403,-2.0286477696883587
f2c138d8f6aa0a90c89d019f85eaf9bb3efa5edb,bluenoise,0.9453125,1.2320529793715222,-3.96123436258753
f2c138d8f6aa0a90c89d019f85eaf9bb3efa5edb,bluenoise,0.9609375,-0.47393057911599257,-4.426636969043659
f2c138d8f6aa0a90c89d019f85eaf9bb3efa5edb,bluenoise,0.9765625,0.6748843303817881,-4.627206847898423
f2c138d8f6aa0a90c89d019f85eaf9bb3efa5edb,bluenoise,0.9921875,-0.17634851791408573,-1.6166314688247345
