revision,platform,input,colors,method,diffusion_option,runs,median_seconds,q1_seconds,q3_seconds,min_seconds,max_seconds,speedup_vs_none,command
453c72e0d702e84dfe01433e9ec7adf4f866dc65,macOS-26.5.1-arm64-arm-64bit-Mach-O,images/snake.png,8,none,none:scan=raster,9,0.06754633411765099,0.06246716598980129,0.07044570799916983,0.060548000037670135,0.0718304158654064,1.0,{img2sixel} --threads=1 --precision=8bit --quality=full '--loaders=libpng!' --quantize-model=kmeans:merge=ward:seed=1 -Xoklab -Wgamma --diffusion=none:scan=raster --gpu-policy=off --lookup-policy=none -p 8 -o /dev/null {input}
453c72e0d702e84dfe01433e9ec7adf4f866dc65,macOS-26.5.1-arm64-arm-64bit-Mach-O,images/snake.png,8,fs,fs:scan=raster,9,0.07536962511949241,0.07238800008781254,0.07678700005635619,0.0672232499346137,0.07832604111172259,0.8962010094990093,{img2sixel} --threads=1 --precision=8bit --quality=full '--loaders=libpng!' --quantize-model=kmeans:merge=ward:seed=1 -Xoklab -Wgamma --diffusion=fs:scan=raster --gpu-policy=off --lookup-policy=none -p 8 -o /dev/null {input}
453c72e0d702e84dfe01433e9ec7adf4f866dc65,macOS-26.5.1-arm64-arm-64bit-Mach-O,images/snake.png,8,atkinson,atkinson:scan=raster,9,0.07865616702474654,0.07623287499882281,0.07914554188027978,0.07143954117782414,0.0825215841177851,0.8587544584571454,{img2sixel} --threads=1 --precision=8bit --quality=full '--loaders=libpng!' --quantize-model=kmeans:merge=ward:seed=1 -Xoklab -Wgamma --diffusion=atkinson:scan=raster --gpu-policy=off --lookup-policy=none -p 8 -o /dev/null {input}
453c72e0d702e84dfe01433e9ec7adf4f866dc65,macOS-26.5.1-arm64-arm-64bit-Mach-O,images/snake.png,8,jajuni,jajuni:scan=raster,9,0.0929888328537345,0.08646991685964167,0.09303908399306238,0.08349991589784622,0.09605633397586644,0.7263918907757135,{img2sixel} --threads=1 --precision=8bit --quality=full '--loaders=libpng!' --quantize-model=kmeans:merge=ward:seed=1 -Xoklab -Wgamma --diffusion=jajuni:scan=raster --gpu-policy=off --lookup-policy=none -p 8 -o /dev/null {input}
453c72e0d702e84dfe01433e9ec7adf4f866dc65,macOS-26.5.1-arm64-arm-64bit-Mach-O,images/snake.png,8,stucki,stucki:scan=raster,9,0.09273691708222032,0.08981366595253348,0.09456837479956448,0.08246554201468825,0.09851508284918964,0.7283651025164507,{img2sixel} --threads=1 --precision=8bit --quality=full '--loaders=libpng!' --quantize-model=kmeans:merge=ward:seed=1 -Xoklab -Wgamma --diffusion=stucki:scan=raster --gpu-policy=off --lookup-policy=none -p 8 -o /dev/null {input}
453c72e0d702e84dfe01433e9ec7adf4f866dc65,macOS-26.5.1-arm64-arm-64bit-Mach-O,images/snake.png,8,burkes,burkes:scan=raster,9,0.08299745782278478,0.08086079102940857,0.08552325004711747,0.07288799993693829,0.08577391691505909,0.8138361811258743,{img2sixel} --threads=1 --precision=8bit --quality=full '--loaders=libpng!' --quantize-model=kmeans:merge=ward:seed=1 -Xoklab -Wgamma --diffusion=burkes:scan=raster --gpu-policy=off --lookup-policy=none -p 8 -o /dev/null {input}
453c72e0d702e84dfe01433e9ec7adf4f866dc65,macOS-26.5.1-arm64-arm-64bit-Mach-O,images/snake.png,8,sierra1,sierra:variant=1:scan=raster,9,0.0746232911478728,0.07113866694271564,0.0757157918997109,0.06542779179289937,0.07640579179860651,0.9051642332928176,{img2sixel} --threads=1 --precision=8bit --quality=full '--loaders=libpng!' --quantize-model=kmeans:merge=ward:seed=1 -Xoklab -Wgamma --diffusion=sierra:variant=1:scan=raster --gpu-policy=off --lookup-policy=none -p 8 -o /dev/null {input}
453c72e0d702e84dfe01433e9ec7adf4f866dc65,macOS-26.5.1-arm64-arm-64bit-Mach-O,images/snake.png,8,sierra2,sierra:variant=2:scan=raster,9,0.08816504199057817,0.08214016701094806,0.08852845896035433,0.07979183294810355,0.08903250005096197,0.7661351097056062,{img2sixel} --threads=1 --precision=8bit --quality=full '--loaders=libpng!' --quantize-model=kmeans:merge=ward:seed=1 -Xoklab -Wgamma --diffusion=sierra:variant=2:scan=raster --gpu-policy=off --lookup-policy=none -p 8 -o /dev/null {input}
453c72e0d702e84dfe01433e9ec7adf4f866dc65,macOS-26.5.1-arm64-arm-64bit-Mach-O,images/snake.png,8,sierra3,sierra:variant=3:scan=raster,9,0.08794575021602213,0.08172116684727371,0.08950849995017052,0.07792074978351593,0.09024912514723837,0.768045459294351,{img2sixel} --threads=1 --precision=8bit --quality=full '--loaders=libpng!' --quantize-model=kmeans:merge=ward:seed=1 -Xoklab -Wgamma --diffusion=sierra:variant=3:scan=raster --gpu-policy=off --lookup-policy=none -p 8 -o /dev/null {input}
453c72e0d702e84dfe01433e9ec7adf4f866dc65,macOS-26.5.1-arm64-arm-64bit-Mach-O,images/snake.png,8,lso2,lso2:scan=raster,9,0.08445070893503726,0.0790821248665452,0.08489575004205108,0.07609708304516971,0.08825012505985796,0.7998314634588827,{img2sixel} --threads=1 --precision=8bit --quality=full '--loaders=libpng!' --quantize-model=kmeans:merge=ward:seed=1 -Xoklab -Wgamma --diffusion=lso2:scan=raster --gpu-policy=off --lookup-policy=none -p 8 -o /dev/null {input}
453c72e0d702e84dfe01433e9ec7adf4f866dc65,macOS-26.5.1-arm64-arm-64bit-Mach-O,images/snake.png,8,a_dither,a_dither:strength=0.150:scan=raster,9,0.0687866669613868,0.06343775009736419,0.06975383404642344,0.06092033302411437,0.07066683401353657,0.9819684119244785,{img2sixel} --threads=1 --precision=8bit --quality=full '--loaders=libpng!' --quantize-model=kmeans:merge=ward:seed=1 -Xoklab -Wgamma --diffusion=a_dither:strength=0.150:scan=raster --gpu-policy=off --lookup-policy=none -p 8 -o /dev/null {input}
453c72e0d702e84dfe01433e9ec7adf4f866dc65,macOS-26.5.1-arm64-arm-64bit-Mach-O,images/snake.png,8,x_dither,x_dither:strength=0.100:scan=raster,9,0.0699970000423491,0.06266708299517632,0.0701565002091229,0.06055520800873637,0.07111133309081197,0.9649889863391942,{img2sixel} --threads=1 --precision=8bit --quality=full '--loaders=libpng!' --quantize-model=kmeans:merge=ward:seed=1 -Xoklab -Wgamma --diffusion=x_dither:strength=0.100:scan=raster --gpu-policy=off --lookup-policy=none -p 8 -o /dev/null {input}
453c72e0d702e84dfe01433e9ec7adf4f866dc65,macOS-26.5.1-arm64-arm-64bit-Mach-O,images/snake.png,8,bluenoise,"bluenoise:strength=0.055:gradient_factor=0:phase=0,0:channel=mono:size=64:scan=raster",9,0.06941187498159707,0.06312737497501075,0.0702777081169188,0.061606999952346087,0.07277500000782311,0.9731236065235137,"{img2sixel} --threads=1 --precision=8bit --quality=full '--loaders=libpng!' --quantize-model=kmeans:merge=ward:seed=1 -Xoklab -Wgamma --diffusion=bluenoise:strength=0.055:gradient_factor=0:phase=0,0:channel=mono:size=64:scan=raster --gpu-policy=off --lookup-policy=none -p 8 -o /dev/null {input}"
453c72e0d702e84dfe01433e9ec7adf4f866dc65,macOS-26.5.1-arm64-arm-64bit-Mach-O,images/snake.png,16,none,none:scan=raster,9,0.07396149984560907,0.07140374998562038,0.07435925002209842,0.06716366694308817,0.07632274995557964,1.0,{img2sixel} --threads=1 --precision=8bit --quality=full '--loaders=libpng!' --quantize-model=kmeans:merge=ward:seed=1 -Xoklab -Wgamma --diffusion=none:scan=raster --gpu-policy=off --lookup-policy=none -p 16 -o /dev/null {input}
453c72e0d702e84dfe01433e9ec7adf4f866dc65,macOS-26.5.1-arm64-arm-64bit-Mach-O,images/snake.png,16,fs,fs:scan=raster,9,0.0813029168639332,0.07825808296911418,0.08280416717752814,0.07511795801110566,0.08494929107837379,0.9097029073309808,{img2sixel} --threads=1 --precision=8bit --quality=full '--loaders=libpng!' --quantize-model=kmeans:merge=ward:seed=1 -Xoklab -Wgamma --diffusion=fs:scan=raster --gpu-policy=off --lookup-policy=none -p 16 -o /dev/null {input}
453c72e0d702e84dfe01433e9ec7adf4f866dc65,macOS-26.5.1-arm64-arm-64bit-Mach-O,images/snake.png,16,atkinson,atkinson:scan=raster,9,0.08544916706159711,0.08414037502370775,0.08579333405941725,0.07892416696995497,0.08723570802249014,0.8655613903444254,{img2sixel} --threads=1 --precision=8bit --quality=full '--loaders=libpng!' --quantize-model=kmeans:merge=ward:seed=1 -Xoklab -Wgamma --diffusion=atkinson:scan=raster --gpu-policy=off --lookup-policy=none -p 16 -o /dev/null {input}
453c72e0d702e84dfe01433e9ec7adf4f866dc65,macOS-26.5.1-arm64-arm-64bit-Mach-O,images/snake.png,16,jajuni,jajuni:scan=raster,9,0.0986161248292774,0.0963270419742912,0.09984508296474814,0.09116300009191036,0.10076412511989474,0.7499939789121708,{img2sixel} --threads=1 --precision=8bit --quality=full '--loaders=libpng!' --quantize-model=kmeans:merge=ward:seed=1 -Xoklab -Wgamma --diffusion=jajuni:scan=raster --gpu-policy=off --lookup-policy=none -p 16 -o /dev/null {input}
453c72e0d702e84dfe01433e9ec7adf4f866dc65,macOS-26.5.1-arm64-arm-64bit-Mach-O,images/snake.png,16,stucki,stucki:scan=raster,9,0.09727283287793398,0.09700100007466972,0.09825983410701156,0.09112133295275271,0.10121816606260836,0.7603510420882066,{img2sixel} --threads=1 --precision=8bit --quality=full '--loaders=libpng!' --quantize-model=kmeans:merge=ward:seed=1 -Xoklab -Wgamma --diffusion=stucki:scan=raster --gpu-policy=off --lookup-policy=none -p 16 -o /dev/null {input}
453c72e0d702e84dfe01433e9ec7adf4f866dc65,macOS-26.5.1-arm64-arm-64bit-Mach-O,images/snake.png,16,burkes,burkes:scan=raster,9,0.08699962496757507,0.08544154209084809,0.08828362496569753,0.08184062503278255,0.0916702498216182,0.8501358468289336,{img2sixel} --threads=1 --precision=8bit --quality=full '--loaders=libpng!' --quantize-model=kmeans:merge=ward:seed=1 -Xoklab -Wgamma --diffusion=burkes:scan=raster --gpu-policy=off --lookup-policy=none -p 16 -o /dev/null {input}
453c72e0d702e84dfe01433e9ec7adf4f866dc65,macOS-26.5.1-arm64-arm-64bit-Mach-O,images/snake.png,16,sierra1,sierra:variant=1:scan=raster,9,0.07848429190926254,0.07774145808070898,0.08011633297428489,0.07234387518838048,0.08112824987620115,0.942373283192994,{img2sixel} --threads=1 --precision=8bit --quality=full '--loaders=libpng!' --quantize-model=kmeans:merge=ward:seed=1 -Xoklab -Wgamma --diffusion=sierra:variant=1:scan=raster --gpu-policy=off --lookup-policy=none -p 16 -o /dev/null {input}
453c72e0d702e84dfe01433e9ec7adf4f866dc65,macOS-26.5.1-arm64-arm-64bit-Mach-O,images/snake.png,16,sierra2,sierra:variant=2:scan=raster,9,0.09089795802719891,0.09031225019134581,0.09500212501734495,0.08657383290119469,0.09698070888407528,0.8136761424660163,{img2sixel} --threads=1 --precision=8bit --quality=full '--loaders=libpng!' --quantize-model=kmeans:merge=ward:seed=1 -Xoklab -Wgamma --diffusion=sierra:variant=2:scan=raster --gpu-policy=off --lookup-policy=none -p 16 -o /dev/null {input}
453c72e0d702e84dfe01433e9ec7adf4f866dc65,macOS-26.5.1-arm64-arm-64bit-Mach-O,images/snake.png,16,sierra3,sierra:variant=3:scan=raster,9,0.0926172910258174,0.09158854116685688,0.09306704183109105,0.08824633294716477,0.09626025008037686,0.7985711849960289,{img2sixel} --threads=1 --precision=8bit --quality=full '--loaders=libpng!' --quantize-model=kmeans:merge=ward:seed=1 -Xoklab -Wgamma --diffusion=sierra:variant=3:scan=raster --gpu-policy=off --lookup-policy=none -p 16 -o /dev/null {input}
453c72e0d702e84dfe01433e9ec7adf4f866dc65,macOS-26.5.1-arm64-arm-64bit-Mach-O,images/snake.png,16,lso2,lso2:scan=raster,9,0.08994237496517599,0.08783175004646182,0.0922788749448955,0.0836767500732094,0.09356820886023343,0.8223209568820657,{img2sixel} --threads=1 --precision=8bit --quality=full '--loaders=libpng!' --quantize-model=kmeans:merge=ward:seed=1 -Xoklab -Wgamma --diffusion=lso2:scan=raster --gpu-policy=off --lookup-policy=none -p 16 -o /dev/null {input}
453c72e0d702e84dfe01433e9ec7adf4f866dc65,macOS-26.5.1-arm64-arm-64bit-Mach-O,images/snake.png,16,a_dither,a_dither:strength=0.150:scan=raster,9,0.07394775003194809,0.07124791690148413,0.07553145894780755,0.06947816698811948,0.07667887513525784,1.0001859395810562,{img2sixel} --threads=1 --precision=8bit --quality=full '--loaders=libpng!' --quantize-model=kmeans:merge=ward:seed=1 -Xoklab -Wgamma --diffusion=a_dither:strength=0.150:scan=raster --gpu-policy=off --lookup-policy=none -p 16 -o /dev/null {input}
453c72e0d702e84dfe01433e9ec7adf4f866dc65,macOS-26.5.1-arm64-arm-64bit-Mach-O,images/snake.png,16,x_dither,x_dither:strength=0.100:scan=raster,9,0.07422079192474484,0.07315487484447658,0.07548566721379757,0.0693129578139633,0.07905966718681157,0.9965064765221222,{img2sixel} --threads=1 --precision=8bit --quality=full '--loaders=libpng!' --quantize-model=kmeans:merge=ward:seed=1 -Xoklab -Wgamma --diffusion=x_dither:strength=0.100:scan=raster --gpu-policy=off --lookup-policy=none -p 16 -o /dev/null {input}
453c72e0d702e84dfe01433e9ec7adf4f866dc65,macOS-26.5.1-arm64-arm-64bit-Mach-O,images/snake.png,16,bluenoise,"bluenoise:strength=0.055:gradient_factor=0:phase=0,0:channel=mono:size=64:scan=raster",9,0.07622037478722632,0.07345962501130998,0.0789245420601219,0.07120304205454886,0.07955329213291407,0.9703638961639452,"{img2sixel} --threads=1 --precision=8bit --quality=full '--loaders=libpng!' --quantize-model=kmeans:merge=ward:seed=1 -Xoklab -Wgamma --diffusion=bluenoise:strength=0.055:gradient_factor=0:phase=0,0:channel=mono:size=64:scan=raster --gpu-policy=off --lookup-policy=none -p 16 -o /dev/null {input}"
453c72e0d702e84dfe01433e9ec7adf4f866dc65,macOS-26.5.1-arm64-arm-64bit-Mach-O,images/snake.png,32,none,none:scan=raster,9,0.08260950003750622,0.08242291701026261,0.08427404193207622,0.0810883748345077,0.08570629102177918,1.0,{img2sixel} --threads=1 --precision=8bit --quality=full '--loaders=libpng!' --quantize-model=kmeans:merge=ward:seed=1 -Xoklab -Wgamma --diffusion=none:scan=raster --gpu-policy=off --lookup-policy=none -p 32 -o /dev/null {input}
453c72e0d702e84dfe01433e9ec7adf4f866dc65,macOS-26.5.1-arm64-arm-64bit-Mach-O,images/snake.png,32,fs,fs:scan=raster,9,0.09040666720829904,0.09000541688874364,0.09110466716811061,0.08875241689383984,0.0916304171551019,0.9137545115690642,{img2sixel} --threads=1 --precision=8bit --quality=full '--loaders=libpng!' --quantize-model=kmeans:merge=ward:seed=1 -Xoklab -Wgamma --diffusion=fs:scan=raster --gpu-policy=off --lookup-policy=none -p 32 -o /dev/null {input}
453c72e0d702e84dfe01433e9ec7adf4f866dc65,macOS-26.5.1-arm64-arm-64bit-Mach-O,images/snake.png,32,atkinson,atkinson:scan=raster,9,0.0927025000564754,0.09200491709634662,0.09323504194617271,0.0908295838162303,0.0948577078524977,0.8911248346827711,{img2sixel} --threads=1 --precision=8bit --quality=full '--loaders=libpng!' --quantize-model=kmeans:merge=ward:seed=1 -Xoklab -Wgamma --diffusion=atkinson:scan=raster --gpu-policy=off --lookup-policy=none -p 32 -o /dev/null {input}
453c72e0d702e84dfe01433e9ec7adf4f866dc65,macOS-26.5.1-arm64-arm-64bit-Mach-O,images/snake.png,32,jajuni,jajuni:scan=raster,9,0.10756312496960163,0.10735583305358887,0.10780358407646418,0.10547670908272266,0.10920666600577533,0.7680094833694396,{img2sixel} --threads=1 --precision=8bit --quality=full '--loaders=libpng!' --quantize-model=kmeans:merge=ward:seed=1 -Xoklab -Wgamma --diffusion=jajuni:scan=raster --gpu-policy=off --lookup-policy=none -p 32 -o /dev/null {input}
453c72e0d702e84dfe01433e9ec7adf4f866dc65,macOS-26.5.1-arm64-arm-64bit-Mach-O,images/snake.png,32,stucki,stucki:scan=raster,9,0.10670720902271569,0.10599208297207952,0.10792662505991757,0.10422433307394385,0.10932754119858146,0.7741698128372978,{img2sixel} --threads=1 --precision=8bit --quality=full '--loaders=libpng!' --quantize-model=kmeans:merge=ward:seed=1 -Xoklab -Wgamma --diffusion=stucki:scan=raster --gpu-policy=off --lookup-policy=none -p 32 -o /dev/null {input}
453c72e0d702e84dfe01433e9ec7adf4f866dc65,macOS-26.5.1-arm64-arm-64bit-Mach-O,images/snake.png,32,burkes,burkes:scan=raster,9,0.09720724984072149,0.09565795818343759,0.09804799989797175,0.09432679205201566,0.09876795788295567,0.8498285896665697,{img2sixel} --threads=1 --precision=8bit --quality=full '--loaders=libpng!' --quantize-model=kmeans:merge=ward:seed=1 -Xoklab -Wgamma --diffusion=burkes:scan=raster --gpu-policy=off --lookup-policy=none -p 32 -o /dev/null {input}
453c72e0d702e84dfe01433e9ec7adf4f866dc65,macOS-26.5.1-arm64-arm-64bit-Mach-O,images/snake.png,32,sierra1,sierra:variant=1:scan=raster,9,0.08812354179099202,0.08681712509132922,0.08839641604572535,0.08449024986475706,0.09169545792974532,0.9374282780580496,{img2sixel} --threads=1 --precision=8bit --quality=full '--loaders=libpng!' --quantize-model=kmeans:merge=ward:seed=1 -Xoklab -Wgamma --diffusion=sierra:variant=1:scan=raster --gpu-policy=off --lookup-policy=none -p 32 -o /dev/null {input}
453c72e0d702e84dfe01433e9ec7adf4f866dc65,macOS-26.5.1-arm64-arm-64bit-Mach-O,images/snake.png,32,sierra2,sierra:variant=2:scan=raster,9,0.10142854205332696,0.10044191614724696,0.10276141716167331,0.099619833054021,0.10397695889696479,0.81446009540464,{img2sixel} --threads=1 --precision=8bit --quality=full '--loaders=libpng!' --quantize-model=kmeans:merge=ward:seed=1 -Xoklab -Wgamma --diffusion=sierra:variant=2:scan=raster --gpu-policy=off --lookup-policy=none -p 32 -o /dev/null {input}
453c72e0d702e84dfe01433e9ec7adf4f866dc65,macOS-26.5.1-arm64-arm-64bit-Mach-O,images/snake.png,32,sierra3,sierra:variant=3:scan=raster,9,0.10189295816235244,0.10117825004272163,0.10299641685560346,0.10068024997599423,0.10423191706649959,0.8107478821635478,{img2sixel} --threads=1 --precision=8bit --quality=full '--loaders=libpng!' --quantize-model=kmeans:merge=ward:seed=1 -Xoklab -Wgamma --diffusion=sierra:variant=3:scan=raster --gpu-policy=off --lookup-policy=none -p 32 -o /dev/null {input}
453c72e0d702e84dfe01433e9ec7adf4f866dc65,macOS-26.5.1-arm64-arm-64bit-Mach-O,images/snake.png,32,lso2,lso2:scan=raster,9,0.0984124168753624,0.09780950006097555,0.09926383313722908,0.0975216671358794,0.10202970798127353,0.8394215146868074,{img2sixel} --threads=1 --precision=8bit --quality=full '--loaders=libpng!' --quantize-model=kmeans:merge=ward:seed=1 -Xoklab -Wgamma --diffusion=lso2:scan=raster --gpu-policy=off --lookup-policy=none -p 32 -o /dev/null {input}
453c72e0d702e84dfe01433e9ec7adf4f866dc65,macOS-26.5.1-arm64-arm-64bit-Mach-O,images/snake.png,32,a_dither,a_dither:strength=0.150:scan=raster,9,0.0824359580874443,0.08194812503643334,0.08297120803035796,0.0814470830373466,0.09182337508536875,1.0021051729619959,{img2sixel} --threads=1 --precision=8bit --quality=full '--loaders=libpng!' --quantize-model=kmeans:merge=ward:seed=1 -Xoklab -Wgamma --diffusion=a_dither:strength=0.150:scan=raster --gpu-policy=off --lookup-policy=none -p 32 -o /dev/null {input}
453c72e0d702e84dfe01433e9ec7adf4f866dc65,macOS-26.5.1-arm64-arm-64bit-Mach-O,images/snake.png,32,x_dither,x_dither:strength=0.100:scan=raster,9,0.08323041698895395,0.08292891597375274,0.08364650001749396,0.08010887494310737,0.0852141659706831,0.9925397832437853,{img2sixel} --threads=1 --precision=8bit --quality=full '--loaders=libpng!' --quantize-model=kmeans:merge=ward:seed=1 -Xoklab -Wgamma --diffusion=x_dither:strength=0.100:scan=raster --gpu-policy=off --lookup-policy=none -p 32 -o /dev/null {input}
453c72e0d702e84dfe01433e9ec7adf4f866dc65,macOS-26.5.1-arm64-arm-64bit-Mach-O,images/snake.png,32,bluenoise,"bluenoise:strength=0.055:gradient_factor=0:phase=0,0:channel=mono:size=64:scan=raster",9,0.08563724998384714,0.08502504206262529,0.08738016686402261,0.08244441589340568,0.08791583287529647,0.9646444748411234,"{img2sixel} --threads=1 --precision=8bit --quality=full '--loaders=libpng!' --quantize-model=kmeans:merge=ward:seed=1 -Xoklab -Wgamma --diffusion=bluenoise:strength=0.055:gradient_factor=0:phase=0,0:channel=mono:size=64:scan=raster --gpu-policy=off --lookup-policy=none -p 32 -o /dev/null {input}"
453c72e0d702e84dfe01433e9ec7adf4f866dc65,macOS-26.5.1-arm64-arm-64bit-Mach-O,images/snake.png,64,none,none:scan=raster,9,0.10066533298231661,0.09736604103818536,0.10206174990162253,0.09632112504914403,0.10532991704531014,1.0,{img2sixel} --threads=1 --precision=8bit --quality=full '--loaders=libpng!' --quantize-model=kmeans:merge=ward:seed=1 -Xoklab -Wgamma --diffusion=none:scan=raster --gpu-policy=off --lookup-policy=none -p 64 -o /dev/null {input}
453c72e0d702e84dfe01433e9ec7adf4f866dc65,macOS-26.5.1-arm64-arm-64bit-Mach-O,images/snake.png,64,fs,fs:scan=raster,9,0.10709383292123675,0.10457833297550678,0.10824116691946983,0.10277904104441404,0.11171391606330872,0.9399732014106914,{img2sixel} --threads=1 --precision=8bit --quality=full '--loaders=libpng!' --quantize-model=kmeans:merge=ward:seed=1 -Xoklab -Wgamma --diffusion=fs:scan=raster --gpu-policy=off --lookup-policy=none -p 64 -o /dev/null {input}
453c72e0d702e84dfe01433e9ec7adf4f866dc65,macOS-26.5.1-arm64-arm-64bit-Mach-O,images/snake.png,64,atkinson,atkinson:scan=raster,9,0.11082345899194479,0.10935141704976559,0.11282699997536838,0.10740158311091363,0.11630745814181864,0.9083395690585102,{img2sixel} --threads=1 --precision=8bit --quality=full '--loaders=libpng!' --quantize-model=kmeans:merge=ward:seed=1 -Xoklab -Wgamma --diffusion=atkinson:scan=raster --gpu-policy=off --lookup-policy=none -p 64 -o /dev/null {input}
453c72e0d702e84dfe01433e9ec7adf4f866dc65,macOS-26.5.1-arm64-arm-64bit-Mach-O,images/snake.png,64,jajuni,jajuni:scan=raster,9,0.12381400004960597,0.12138599995523691,0.12549933302216232,0.11992025002837181,0.1300849998369813,0.8130367562794606,{img2sixel} --threads=1 --precision=8bit --quality=full '--loaders=libpng!' --quantize-model=kmeans:merge=ward:seed=1 -Xoklab -Wgamma --diffusion=jajuni:scan=raster --gpu-policy=off --lookup-policy=none -p 64 -o /dev/null {input}
453c72e0d702e84dfe01433e9ec7adf4f866dc65,macOS-26.5.1-arm64-arm-64bit-Mach-O,images/snake.png,64,stucki,stucki:scan=raster,9,0.12292512482963502,0.1217848330270499,0.12546800007112324,0.12047250010073185,0.1306954580359161,0.8189158491547696,{img2sixel} --threads=1 --precision=8bit --quality=full '--loaders=libpng!' --quantize-model=kmeans:merge=ward:seed=1 -Xoklab -Wgamma --diffusion=stucki:scan=raster --gpu-policy=off --lookup-policy=none -p 64 -o /dev/null {input}
453c72e0d702e84dfe01433e9ec7adf4f866dc65,macOS-26.5.1-arm64-arm-64bit-Mach-O,images/snake.png,64,burkes,burkes:scan=raster,9,0.113602708093822,0.11179220816120505,0.11518845800310373,0.10868845786899328,0.13002762501128018,0.8861173705399638,{img2sixel} --threads=1 --precision=8bit --quality=full '--loaders=libpng!' --quantize-model=kmeans:merge=ward:seed=1 -Xoklab -Wgamma --diffusion=burkes:scan=raster --gpu-policy=off --lookup-policy=none -p 64 -o /dev/null {input}
453c72e0d702e84dfe01433e9ec7adf4f866dc65,macOS-26.5.1-arm64-arm-64bit-Mach-O,images/snake.png,64,sierra1,sierra:variant=1:scan=raster,9,0.1039200418163091,0.10271620796993375,0.10562899988144636,0.1023157499730587,0.11438016686588526,0.9686806435302868,{img2sixel} --threads=1 --precision=8bit --quality=full '--loaders=libpng!' --quantize-model=kmeans:merge=ward:seed=1 -Xoklab -Wgamma --diffusion=sierra:variant=1:scan=raster --gpu-policy=off --lookup-policy=none -p 64 -o /dev/null {input}
453c72e0d702e84dfe01433e9ec7adf4f866dc65,macOS-26.5.1-arm64-arm-64bit-Mach-O,images/snake.png,64,sierra2,sierra:variant=2:scan=raster,9,0.11794691602699459,0.11660720803774893,0.12204437493346632,0.11599679081700742,0.13078000000678003,0.853479992298207,{img2sixel} --threads=1 --precision=8bit --quality=full '--loaders=libpng!' --quantize-model=kmeans:merge=ward:seed=1 -Xoklab -Wgamma --diffusion=sierra:variant=2:scan=raster --gpu-policy=off --lookup-policy=none -p 64 -o /dev/null {input}
453c72e0d702e84dfe01433e9ec7adf4f866dc65,macOS-26.5.1-arm64-arm-64bit-Mach-O,images/snake.png,64,sierra3,sierra:variant=3:scan=raster,9,0.1170074581168592,0.1167062500026077,0.12093991693109274,0.11482304218225181,0.12450916692614555,0.8603326198384622,{img2sixel} --threads=1 --precision=8bit --quality=full '--loaders=libpng!' --quantize-model=kmeans:merge=ward:seed=1 -Xoklab -Wgamma --diffusion=sierra:variant=3:scan=raster --gpu-policy=off --lookup-policy=none -p 64 -o /dev/null {input}
453c72e0d702e84dfe01433e9ec7adf4f866dc65,macOS-26.5.1-arm64-arm-64bit-Mach-O,images/snake.png,64,lso2,lso2:scan=raster,9,0.11315266601741314,0.1123021668754518,0.11762850009836257,0.11006445903331041,0.11960737500339746,0.8896417249844132,{img2sixel} --threads=1 --precision=8bit --quality=full '--loaders=libpng!' --quantize-model=kmeans:merge=ward:seed=1 -Xoklab -Wgamma --diffusion=lso2:scan=raster --gpu-policy=off --lookup-policy=none -p 64 -o /dev/null {input}
453c72e0d702e84dfe01433e9ec7adf4f866dc65,macOS-26.5.1-arm64-arm-64bit-Mach-O,images/snake.png,64,a_dither,a_dither:strength=0.150:scan=raster,9,0.10193920903839171,0.10035758302547038,0.10388208297081292,0.09789562504738569,0.10538604110479355,0.9875035713138078,{img2sixel} --threads=1 --precision=8bit --quality=full '--loaders=libpng!' --quantize-model=kmeans:merge=ward:seed=1 -Xoklab -Wgamma --diffusion=a_dither:strength=0.150:scan=raster --gpu-policy=off --lookup-policy=none -p 64 -o /dev/null {input}
453c72e0d702e84dfe01433e9ec7adf4f866dc65,macOS-26.5.1-arm64-arm-64bit-Mach-O,images/snake.png,64,x_dither,x_dither:strength=0.100:scan=raster,9,0.09963629185222089,0.09842608403414488,0.10181933385320008,0.09745633299462497,0.10341558302752674,1.0103279749874874,{img2sixel} --threads=1 --precision=8bit --quality=full '--loaders=libpng!' --quantize-model=kmeans:merge=ward:seed=1 -Xoklab -Wgamma --diffusion=x_dither:strength=0.100:scan=raster --gpu-policy=off --lookup-policy=none -p 64 -o /dev/null {input}
453c72e0d702e84dfe01433e9ec7adf4f866dc65,macOS-26.5.1-arm64-arm-64bit-Mach-O,images/snake.png,64,bluenoise,"bluenoise:strength=0.055:gradient_factor=0:phase=0,0:channel=mono:size=64:scan=raster",9,0.10184658411890268,0.10120970895513892,0.10395695804618299,0.10092237498611212,0.10656274994835258,0.9884016617071124,"{img2sixel} --threads=1 --precision=8bit --quality=full '--loaders=libpng!' --quantize-model=kmeans:merge=ward:seed=1 -Xoklab -Wgamma --diffusion=bluenoise:strength=0.055:gradient_factor=0:phase=0,0:channel=mono:size=64:scan=raster --gpu-policy=off --lookup-policy=none -p 64 -o /dev/null {input}"
453c72e0d702e84dfe01433e9ec7adf4f866dc65,macOS-26.5.1-arm64-arm-64bit-Mach-O,images/snake.png,128,none,none:scan=raster,9,0.1314335421193391,0.12346054194495082,0.13183170789852738,0.12023187498562038,0.13489237520843744,1.0,{img2sixel} --threads=1 --precision=8bit --quality=full '--loaders=libpng!' --quantize-model=kmeans:merge=ward:seed=1 -Xoklab -Wgamma --diffusion=none:scan=raster --gpu-policy=off --lookup-policy=none -p 128 -o /dev/null {input}
453c72e0d702e84dfe01433e9ec7adf4f866dc65,macOS-26.5.1-arm64-arm-64bit-Mach-O,images/snake.png,128,fs,fs:scan=raster,9,0.13722212496213615,0.13395937508903444,0.14100633398629725,0.12953416700474918,0.14207379217259586,0.9578159655784787,{img2sixel} --threads=1 --precision=8bit --quality=full '--loaders=libpng!' --quantize-model=kmeans:merge=ward:seed=1 -Xoklab -Wgamma --diffusion=fs:scan=raster --gpu-policy=off --lookup-policy=none -p 128 -o /dev/null {input}
453c72e0d702e84dfe01433e9ec7adf4f866dc65,macOS-26.5.1-arm64-arm-64bit-Mach-O,images/snake.png,128,atkinson,atkinson:scan=raster,9,0.144199957838282,0.13958583306521177,0.14447087491862476,0.12957575009204447,0.14625720889307559,0.9114672714865825,{img2sixel} --threads=1 --precision=8bit --quality=full '--loaders=libpng!' --quantize-model=kmeans:merge=ward:seed=1 -Xoklab -Wgamma --diffusion=atkinson:scan=raster --gpu-policy=off --lookup-policy=none -p 128 -o /dev/null {input}
453c72e0d702e84dfe01433e9ec7adf4f866dc65,macOS-26.5.1-arm64-arm-64bit-Mach-O,images/snake.png,128,jajuni,jajuni:scan=raster,9,0.15713949990458786,0.15216874983161688,0.15853487490676343,0.14097354211844504,0.1622761250473559,0.8364131373661178,{img2sixel} --threads=1 --precision=8bit --quality=full '--loaders=libpng!' --quantize-model=kmeans:merge=ward:seed=1 -Xoklab -Wgamma --diffusion=jajuni:scan=raster --gpu-policy=off --lookup-policy=none -p 128 -o /dev/null {input}
453c72e0d702e84dfe01433e9ec7adf4f866dc65,macOS-26.5.1-arm64-arm-64bit-Mach-O,images/snake.png,128,stucki,stucki:scan=raster,9,0.15689116693101823,0.1473919169511646,0.1599850000347942,0.14114908291958272,0.1625888750422746,0.8377370421186789,{img2sixel} --threads=1 --precision=8bit --quality=full '--loaders=libpng!' --quantize-model=kmeans:merge=ward:seed=1 -Xoklab -Wgamma --diffusion=stucki:scan=raster --gpu-policy=off --lookup-policy=none -p 128 -o /dev/null {input}
453c72e0d702e84dfe01433e9ec7adf4f866dc65,macOS-26.5.1-arm64-arm-64bit-Mach-O,images/snake.png,128,burkes,burkes:scan=raster,9,0.14599116682074964,0.14415341592393816,0.1480911250691861,0.13716116617433727,0.14931316603906453,0.9002842088433705,{img2sixel} --threads=1 --precision=8bit --quality=full '--loaders=libpng!' --quantize-model=kmeans:merge=ward:seed=1 -Xoklab -Wgamma --diffusion=burkes:scan=raster --gpu-policy=off --lookup-policy=none -p 128 -o /dev/null {input}
453c72e0d702e84dfe01433e9ec7adf4f866dc65,macOS-26.5.1-arm64-arm-64bit-Mach-O,images/snake.png,128,sierra1,sierra:variant=1:scan=raster,9,0.13963258313015103,0.1289308329578489,0.14071633317507803,0.12371858302503824,0.14106716588139534,0.9412813196818852,{img2sixel} --threads=1 --precision=8bit --quality=full '--loaders=libpng!' --quantize-model=kmeans:merge=ward:seed=1 -Xoklab -Wgamma --diffusion=sierra:variant=1:scan=raster --gpu-policy=off --lookup-policy=none -p 128 -o /dev/null {input}
453c72e0d702e84dfe01433e9ec7adf4f866dc65,macOS-26.5.1-arm64-arm-64bit-Mach-O,images/snake.png,128,sierra2,sierra:variant=2:scan=raster,9,0.15112558379769325,0.14278049999848008,0.15201449999585748,0.1354390000924468,0.1550187082029879,0.8696974980443072,{img2sixel} --threads=1 --precision=8bit --quality=full '--loaders=libpng!' --quantize-model=kmeans:merge=ward:seed=1 -Xoklab -Wgamma --diffusion=sierra:variant=2:scan=raster --gpu-policy=off --lookup-policy=none -p 128 -o /dev/null {input}
453c72e0d702e84dfe01433e9ec7adf4f866dc65,macOS-26.5.1-arm64-arm-64bit-Mach-O,images/snake.png,128,sierra3,sierra:variant=3:scan=raster,9,0.1500291668344289,0.14345816685818136,0.15108837489970028,0.1397306250873953,0.1576043339446187,0.8760532694578529,{img2sixel} --threads=1 --precision=8bit --quality=full '--loaders=libpng!' --quantize-model=kmeans:merge=ward:seed=1 -Xoklab -Wgamma --diffusion=sierra:variant=3:scan=raster --gpu-policy=off --lookup-policy=none -p 128 -o /dev/null {input}
453c72e0d702e84dfe01433e9ec7adf4f866dc65,macOS-26.5.1-arm64-arm-64bit-Mach-O,images/snake.png,128,lso2,lso2:scan=raster,9,0.14775145798921585,0.1407401249743998,0.1481387501116842,0.13693220796994865,0.1497261670883745,0.8895583428282124,{img2sixel} --threads=1 --precision=8bit --quality=full '--loaders=libpng!' --quantize-model=kmeans:merge=ward:seed=1 -Xoklab -Wgamma --diffusion=lso2:scan=raster --gpu-policy=off --lookup-policy=none -p 128 -o /dev/null {input}
453c72e0d702e84dfe01433e9ec7adf4f866dc65,macOS-26.5.1-arm64-arm-64bit-Mach-O,images/snake.png,128,a_dither,a_dither:strength=0.150:scan=raster,9,0.13427799986675382,0.12811420811340213,0.13608954194933176,0.1255309998523444,0.13676999998278916,0.9788166509015824,{img2sixel} --threads=1 --precision=8bit --quality=full '--loaders=libpng!' --quantize-model=kmeans:merge=ward:seed=1 -Xoklab -Wgamma --diffusion=a_dither:strength=0.150:scan=raster --gpu-policy=off --lookup-policy=none -p 128 -o /dev/null {input}
453c72e0d702e84dfe01433e9ec7adf4f866dc65,macOS-26.5.1-arm64-arm-64bit-Mach-O,images/snake.png,128,x_dither,x_dither:strength=0.100:scan=raster,9,0.13293124991469085,0.12782883294858038,0.13431099988520145,0.12267916603013873,0.1374755420256406,0.9887332151295282,{img2sixel} --threads=1 --precision=8bit --quality=full '--loaders=libpng!' --quantize-model=kmeans:merge=ward:seed=1 -Xoklab -Wgamma --diffusion=x_dither:strength=0.100:scan=raster --gpu-policy=off --lookup-policy=none -p 128 -o /dev/null {input}
453c72e0d702e84dfe01433e9ec7adf4f866dc65,macOS-26.5.1-arm64-arm-64bit-Mach-O,images/snake.png,128,bluenoise,"bluenoise:strength=0.055:gradient_factor=0:phase=0,0:channel=mono:size=64:scan=raster",9,0.1338037089444697,0.12667545792646706,0.13568100007250905,0.12270774994976819,0.13674545800313354,0.9822862397176582,"{img2sixel} --threads=1 --precision=8bit --quality=full '--loaders=libpng!' --quantize-model=kmeans:merge=ward:seed=1 -Xoklab -Wgamma --diffusion=bluenoise:strength=0.055:gradient_factor=0:phase=0,0:channel=mono:size=64:scan=raster --gpu-policy=off --lookup-policy=none -p 128 -o /dev/null {input}"
453c72e0d702e84dfe01433e9ec7adf4f866dc65,macOS-26.5.1-arm64-arm-64bit-Mach-O,images/snake.png,256,none,none:scan=raster,9,0.1910544999409467,0.18854249990545213,0.1915593750309199,0.1826139590702951,0.22536324989050627,1.0,{img2sixel} --threads=1 --precision=8bit --quality=full '--loaders=libpng!' --quantize-model=kmeans:merge=ward:seed=1 -Xoklab -Wgamma --diffusion=none:scan=raster --gpu-policy=off --lookup-policy=none -p 256 -o /dev/null {input}
453c72e0d702e84dfe01433e9ec7adf4f866dc65,macOS-26.5.1-arm64-arm-64bit-Mach-O,images/snake.png,256,fs,fs:scan=raster,9,0.20080116717144847,0.197778457775712,0.20249233301728964,0.19346762518398464,0.43983254092745483,0.9514611027027554,{img2sixel} --threads=1 --precision=8bit --quality=full '--loaders=libpng!' --quantize-model=kmeans:merge=ward:seed=1 -Xoklab -Wgamma --diffusion=fs:scan=raster --gpu-policy=off --lookup-policy=none -p 256 -o /dev/null {input}
453c72e0d702e84dfe01433e9ec7adf4f866dc65,macOS-26.5.1-arm64-arm-64bit-Mach-O,images/snake.png,256,atkinson,atkinson:scan=raster,9,0.20424987515434623,0.19881341699510813,0.2090896659065038,0.19620070909149945,0.21026741713285446,0.9353959202989567,{img2sixel} --threads=1 --precision=8bit --quality=full '--loaders=libpng!' --quantize-model=kmeans:merge=ward:seed=1 -Xoklab -Wgamma --diffusion=atkinson:scan=raster --gpu-policy=off --lookup-policy=none -p 256 -o /dev/null {input}
453c72e0d702e84dfe01433e9ec7adf4f866dc65,macOS-26.5.1-arm64-arm-64bit-Mach-O,images/snake.png,256,jajuni,jajuni:scan=raster,9,0.21544654108583927,0.21463962504640222,0.2187420418485999,0.19929204205982387,0.22550041717477143,0.886783788581808,{img2sixel} --threads=1 --precision=8bit --quality=full '--loaders=libpng!' --quantize-model=kmeans:merge=ward:seed=1 -Xoklab -Wgamma --diffusion=jajuni:scan=raster --gpu-policy=off --lookup-policy=none -p 256 -o /dev/null {input}
453c72e0d702e84dfe01433e9ec7adf4f866dc65,macOS-26.5.1-arm64-arm-64bit-Mach-O,images/snake.png,256,stucki,stucki:scan=raster,9,0.21621458395384252,0.21278329216875136,0.2179099579807371,0.20725233387202024,0.2278613329399377,0.8836337329665653,{img2sixel} --threads=1 --precision=8bit --quality=full '--loaders=libpng!' --quantize-model=kmeans:merge=ward:seed=1 -Xoklab -Wgamma --diffusion=stucki:scan=raster --gpu-policy=off --lookup-policy=none -p 256 -o /dev/null {input}
453c72e0d702e84dfe01433e9ec7adf4f866dc65,macOS-26.5.1-arm64-arm-64bit-Mach-O,images/snake.png,256,burkes,burkes:scan=raster,9,0.20368983293883502,0.20216562482528389,0.20583508303388953,0.18815204105339944,0.2084389589726925,0.9379677776961871,{img2sixel} --threads=1 --precision=8bit --quality=full '--loaders=libpng!' --quantize-model=kmeans:merge=ward:seed=1 -Xoklab -Wgamma --diffusion=burkes:scan=raster --gpu-policy=off --lookup-policy=none -p 256 -o /dev/null {input}
453c72e0d702e84dfe01433e9ec7adf4f866dc65,macOS-26.5.1-arm64-arm-64bit-Mach-O,images/snake.png,256,sierra1,sierra:variant=1:scan=raster,9,0.19921587500721216,0.1911972500383854,0.19959520897828043,0.18588520912453532,0.26575500005856156,0.9590325064909109,{img2sixel} --threads=1 --precision=8bit --quality=full '--loaders=libpng!' --quantize-model=kmeans:merge=ward:seed=1 -Xoklab -Wgamma --diffusion=sierra:variant=1:scan=raster --gpu-policy=off --lookup-policy=none -p 256 -o /dev/null {input}
453c72e0d702e84dfe01433e9ec7adf4f866dc65,macOS-26.5.1-arm64-arm-64bit-Mach-O,images/snake.png,256,sierra2,sierra:variant=2:scan=raster,9,0.21030270890332758,0.2071198329795152,0.2123095840215683,0.2017459578346461,0.2192782920319587,0.9084737944520299,{img2sixel} --threads=1 --precision=8bit --quality=full '--loaders=libpng!' --quantize-model=kmeans:merge=ward:seed=1 -Xoklab -Wgamma --diffusion=sierra:variant=2:scan=raster --gpu-policy=off --lookup-policy=none -p 256 -o /dev/null {input}
453c72e0d702e84dfe01433e9ec7adf4f866dc65,macOS-26.5.1-arm64-arm-64bit-Mach-O,images/snake.png,256,sierra3,sierra:variant=3:scan=raster,9,0.21106791705824435,0.207470583030954,0.2118029580451548,0.20018012495711446,0.21365670813247561,0.9051802026748815,{img2sixel} --threads=1 --precision=8bit --quality=full '--loaders=libpng!' --quantize-model=kmeans:merge=ward:seed=1 -Xoklab -Wgamma --diffusion=sierra:variant=3:scan=raster --gpu-policy=off --lookup-policy=none -p 256 -o /dev/null {input}
453c72e0d702e84dfe01433e9ec7adf4f866dc65,macOS-26.5.1-arm64-arm-64bit-Mach-O,images/snake.png,256,lso2,lso2:scan=raster,9,0.2070426670834422,0.20532945916056633,0.2080842920113355,0.19186870800331235,0.22376841702498496,0.922778394580611,{img2sixel} --threads=1 --precision=8bit --quality=full '--loaders=libpng!' --quantize-model=kmeans:merge=ward:seed=1 -Xoklab -Wgamma --diffusion=lso2:scan=raster --gpu-policy=off --lookup-policy=none -p 256 -o /dev/null {input}
453c72e0d702e84dfe01433e9ec7adf4f866dc65,macOS-26.5.1-arm64-arm-64bit-Mach-O,images/snake.png,256,a_dither,a_dither:strength=0.150:scan=raster,9,0.1932973749935627,0.19132033293135464,0.19523191708140075,0.1881992919370532,0.19658625009469688,0.9883967640393942,{img2sixel} --threads=1 --precision=8bit --quality=full '--loaders=libpng!' --quantize-model=kmeans:merge=ward:seed=1 -Xoklab -Wgamma --diffusion=a_dither:strength=0.150:scan=raster --gpu-policy=off --lookup-policy=none -p 256 -o /dev/null {input}
453c72e0d702e84dfe01433e9ec7adf4f866dc65,macOS-26.5.1-arm64-arm-64bit-Mach-O,images/snake.png,256,x_dither,x_dither:strength=0.100:scan=raster,9,0.19439179194159806,0.19091887515969574,0.19563266704790294,0.1898296249564737,0.21261829091235995,0.982832135208394,{img2sixel} --threads=1 --precision=8bit --quality=full '--loaders=libpng!' --quantize-model=kmeans:merge=ward:seed=1 -Xoklab -Wgamma --diffusion=x_dither:strength=0.100:scan=raster --gpu-policy=off --lookup-policy=none -p 256 -o /dev/null {input}
453c72e0d702e84dfe01433e9ec7adf4f866dc65,macOS-26.5.1-arm64-arm-64bit-Mach-O,images/snake.png,256,bluenoise,"bluenoise:strength=0.055:gradient_factor=0:phase=0,0:channel=mono:size=64:scan=raster",9,0.19425666681490839,0.19266062509268522,0.19676583306863904,0.1907989578321576,0.30233354098163545,0.9835157941991625,"{img2sixel} --threads=1 --precision=8bit --quality=full '--loaders=libpng!' --quantize-model=kmeans:merge=ward:seed=1 -Xoklab -Wgamma --diffusion=bluenoise:strength=0.055:gradient_factor=0:phase=0,0:channel=mono:size=64:scan=raster --gpu-policy=off --lookup-policy=none -p 256 -o /dev/null {input}"
