scenario,method,coordinate,response
enlarge-4x,nearest,-8.37500000,0.00000000
enlarge-4x,nearest,-8.12500000,0.00000000
enlarge-4x,nearest,-7.87500000,0.00000000
enlarge-4x,nearest,-7.62500000,0.00000000
enlarge-4x,nearest,-7.37500000,0.00000000
enlarge-4x,nearest,-7.12500000,0.00000000
enlarge-4x,nearest,-6.87500000,0.00000000
enlarge-4x,nearest,-6.62500000,0.00000000
enlarge-4x,nearest,-6.37500000,0.00000000
enlarge-4x,nearest,-6.12500000,0.00000000
enlarge-4x,nearest,-5.87500000,0.00000000
enlarge-4x,nearest,-5.62500000,0.00000000
enlarge-4x,nearest,-5.37500000,0.00000000
enlarge-4x,nearest,-5.12500000,0.00000000
enlarge-4x,nearest,-4.87500000,0.00000000
enlarge-4x,nearest,-4.62500000,0.00000000
enlarge-4x,nearest,-4.37500000,0.00000000
enlarge-4x,nearest,-4.12500000,0.00000000
enlarge-4x,nearest,-3.87500000,0.00000000
enlarge-4x,nearest,-3.62500000,0.00000000
enlarge-4x,nearest,-3.37500000,0.00000000
enlarge-4x,nearest,-3.12500000,0.00000000
enlarge-4x,nearest,-2.87500000,0.00000000
enlarge-4x,nearest,-2.62500000,0.00000000
enlarge-4x,nearest,-2.37500000,0.00000000
enlarge-4x,nearest,-2.12500000,0.00000000
enlarge-4x,nearest,-1.87500000,0.00000000
enlarge-4x,nearest,-1.62500000,0.00000000
enlarge-4x,nearest,-1.37500000,0.00000000
enlarge-4x,nearest,-1.12500000,0.00000000
enlarge-4x,nearest,-0.87500000,0.00000000
enlarge-4x,nearest,-0.62500000,0.00000000
enlarge-4x,nearest,-0.37500000,1.00000000
enlarge-4x,nearest,-0.12500000,1.00000000
enlarge-4x,nearest,0.12500000,1.00000000
enlarge-4x,nearest,0.37500000,1.00000000
enlarge-4x,nearest,0.62500000,0.00000000
enlarge-4x,nearest,0.87500000,0.00000000
enlarge-4x,nearest,1.12500000,0.00000000
enlarge-4x,nearest,1.37500000,0.00000000
enlarge-4x,nearest,1.62500000,0.00000000
enlarge-4x,nearest,1.87500000,0.00000000
enlarge-4x,nearest,2.12500000,0.00000000
enlarge-4x,nearest,2.37500000,0.00000000
enlarge-4x,nearest,2.62500000,0.00000000
enlarge-4x,nearest,2.87500000,0.00000000
enlarge-4x,nearest,3.12500000,0.00000000
enlarge-4x,nearest,3.37500000,0.00000000
enlarge-4x,nearest,3.62500000,0.00000000
enlarge-4x,nearest,3.87500000,0.00000000
enlarge-4x,nearest,4.12500000,0.00000000
enlarge-4x,nearest,4.37500000,0.00000000
enlarge-4x,nearest,4.62500000,0.00000000
enlarge-4x,nearest,4.87500000,0.00000000
enlarge-4x,nearest,5.12500000,0.00000000
enlarge-4x,nearest,5.37500000,0.00000000
enlarge-4x,nearest,5.62500000,0.00000000
enlarge-4x,nearest,5.87500000,0.00000000
enlarge-4x,nearest,6.12500000,0.00000000
enlarge-4x,nearest,6.37500000,0.00000000
enlarge-4x,nearest,6.62500000,0.00000000
enlarge-4x,nearest,6.87500000,0.00000000
enlarge-4x,nearest,7.12500000,0.00000000
enlarge-4x,nearest,7.37500000,0.00000000
enlarge-4x,nearest,7.62500000,0.00000000
enlarge-4x,nearest,7.87500000,0.00000000
enlarge-4x,nearest,8.12500000,0.00000000
enlarge-4x,nearest,8.37500000,0.00000000
enlarge-4x,gaussian,-8.37500000,0.00000000
enlarge-4x,gaussian,-8.12500000,0.00000000
enlarge-4x,gaussian,-7.87500000,0.00000000
enlarge-4x,gaussian,-7.62500000,0.00000000
enlarge-4x,gaussian,-7.37500000,0.00000000
enlarge-4x,gaussian,-7.12500000,0.00000000
enlarge-4x,gaussian,-6.87500000,0.00000000
enlarge-4x,gaussian,-6.62500000,0.00000000
enlarge-4x,gaussian,-6.37500000,0.00000000
enlarge-4x,gaussian,-6.12500000,0.00000000
enlarge-4x,gaussian,-5.87500000,0.00000000
enlarge-4x,gaussian,-5.62500000,0.00000000
enlarge-4x,gaussian,-5.37500000,0.00000000
enlarge-4x,gaussian,-5.12500000,0.00000000
enlarge-4x,gaussian,-4.87500000,0.00000000
enlarge-4x,gaussian,-4.62500000,0.00000000
enlarge-4x,gaussian,-4.37500000,0.00000000
enlarge-4x,gaussian,-4.12500000,0.00000000
enlarge-4x,gaussian,-3.87500000,0.00000000
enlarge-4x,gaussian,-3.62500000,0.00000000
enlarge-4x,gaussian,-3.37500000,0.00000000
enlarge-4x,gaussian,-3.12500000,0.00000000
enlarge-4x,gaussian,-2.87500000,0.00000000
enlarge-4x,gaussian,-2.62500000,0.00000000
enlarge-4x,gaussian,-2.37500000,0.00000000
enlarge-4x,gaussian,-2.12500000,0.00000000
enlarge-4x,gaussian,-1.87500000,0.00000000
enlarge-4x,gaussian,-1.62500000,0.00000000
enlarge-4x,gaussian,-1.37500000,0.01844978
enlarge-4x,gaussian,-1.12500000,0.06289005
enlarge-4x,gaussian,-0.87500000,0.17095280
enlarge-4x,gaussian,-0.62500000,0.37057495
enlarge-4x,gaussian,-0.37500000,0.61097527
enlarge-4x,gaussian,-0.12500000,0.76615715
enlarge-4x,gaussian,0.12500000,0.76615715
enlarge-4x,gaussian,0.37500000,0.61097527
enlarge-4x,gaussian,0.62500000,0.37057495
enlarge-4x,gaussian,0.87500000,0.17095280
enlarge-4x,gaussian,1.12500000,0.06289005
enlarge-4x,gaussian,1.37500000,0.01844978
enlarge-4x,gaussian,1.62500000,0.00000000
enlarge-4x,gaussian,1.87500000,0.00000000
enlarge-4x,gaussian,2.12500000,0.00000000
enlarge-4x,gaussian,2.37500000,0.00000000
enlarge-4x,gaussian,2.62500000,0.00000000
enlarge-4x,gaussian,2.87500000,0.00000000
enlarge-4x,gaussian,3.12500000,0.00000000
enlarge-4x,gaussian,3.37500000,0.00000000
enlarge-4x,gaussian,3.62500000,0.00000000
enlarge-4x,gaussian,3.87500000,0.00000000
enlarge-4x,gaussian,4.12500000,0.00000000
enlarge-4x,gaussian,4.37500000,0.00000000
enlarge-4x,gaussian,4.62500000,0.00000000
enlarge-4x,gaussian,4.87500000,0.00000000
enlarge-4x,gaussian,5.12500000,0.00000000
enlarge-4x,gaussian,5.37500000,0.00000000
enlarge-4x,gaussian,5.62500000,0.00000000
enlarge-4x,gaussian,5.87500000,0.00000000
enlarge-4x,gaussian,6.12500000,0.00000000
enlarge-4x,gaussian,6.37500000,0.00000000
enlarge-4x,gaussian,6.62500000,0.00000000
enlarge-4x,gaussian,6.87500000,0.00000000
enlarge-4x,gaussian,7.12500000,0.00000000
enlarge-4x,gaussian,7.37500000,0.00000000
enlarge-4x,gaussian,7.62500000,0.00000000
enlarge-4x,gaussian,7.87500000,0.00000000
enlarge-4x,gaussian,8.12500000,0.00000000
enlarge-4x,gaussian,8.37500000,0.00000000
enlarge-4x,hanning,-8.37500000,0.00000000
enlarge-4x,hanning,-8.12500000,0.00000000
enlarge-4x,hanning,-7.87500000,0.00000000
enlarge-4x,hanning,-7.62500000,0.00000000
enlarge-4x,hanning,-7.37500000,0.00000000
enlarge-4x,hanning,-7.12500000,0.00000000
enlarge-4x,hanning,-6.87500000,0.00000000
enlarge-4x,hanning,-6.62500000,0.00000000
enlarge-4x,hanning,-6.37500000,0.00000000
enlarge-4x,hanning,-6.12500000,0.00000000
enlarge-4x,hanning,-5.87500000,0.00000000
enlarge-4x,hanning,-5.62500000,0.00000000
enlarge-4x,hanning,-5.37500000,0.00000000
enlarge-4x,hanning,-5.12500000,0.00000000
enlarge-4x,hanning,-4.87500000,0.00000000
enlarge-4x,hanning,-4.62500000,0.00000000
enlarge-4x,hanning,-4.37500000,0.00000000
enlarge-4x,hanning,-4.12500000,0.00000000
enlarge-4x,hanning,-3.87500000,0.00000000
enlarge-4x,hanning,-3.62500000,0.00000000
enlarge-4x,hanning,-3.37500000,0.00000000
enlarge-4x,hanning,-3.12500000,0.00000000
enlarge-4x,hanning,-2.87500000,0.00000000
enlarge-4x,hanning,-2.62500000,0.00000000
enlarge-4x,hanning,-2.37500000,0.00000000
enlarge-4x,hanning,-2.12500000,0.00000000
enlarge-4x,hanning,-1.87500000,0.00000000
enlarge-4x,hanning,-1.62500000,0.00000000
enlarge-4x,hanning,-1.37500000,0.23585844
enlarge-4x,hanning,-1.12500000,0.03666496
enlarge-4x,hanning,-0.87500000,0.03666496
enlarge-4x,hanning,-0.62500000,0.23585844
enlarge-4x,hanning,-0.37500000,0.52828264
enlarge-4x,hanning,-0.12500000,0.92667055
enlarge-4x,hanning,0.12500000,0.92667055
enlarge-4x,hanning,0.37500000,0.52828264
enlarge-4x,hanning,0.62500000,0.23585844
enlarge-4x,hanning,0.87500000,0.03666496
enlarge-4x,hanning,1.12500000,0.03666496
enlarge-4x,hanning,1.37500000,0.23585844
enlarge-4x,hanning,1.62500000,0.00000000
enlarge-4x,hanning,1.87500000,0.00000000
enlarge-4x,hanning,2.12500000,0.00000000
enlarge-4x,hanning,2.37500000,0.00000000
enlarge-4x,hanning,2.62500000,0.00000000
enlarge-4x,hanning,2.87500000,0.00000000
enlarge-4x,hanning,3.12500000,0.00000000
enlarge-4x,hanning,3.37500000,0.00000000
enlarge-4x,hanning,3.62500000,0.00000000
enlarge-4x,hanning,3.87500000,0.00000000
enlarge-4x,hanning,4.12500000,0.00000000
enlarge-4x,hanning,4.37500000,0.00000000
enlarge-4x,hanning,4.62500000,0.00000000
enlarge-4x,hanning,4.87500000,0.00000000
enlarge-4x,hanning,5.12500000,0.00000000
enlarge-4x,hanning,5.37500000,0.00000000
enlarge-4x,hanning,5.62500000,0.00000000
enlarge-4x,hanning,5.87500000,0.00000000
enlarge-4x,hanning,6.12500000,0.00000000
enlarge-4x,hanning,6.37500000,0.00000000
enlarge-4x,hanning,6.62500000,0.00000000
enlarge-4x,hanning,6.87500000,0.00000000
enlarge-4x,hanning,7.12500000,0.00000000
enlarge-4x,hanning,7.37500000,0.00000000
enlarge-4x,hanning,7.62500000,0.00000000
enlarge-4x,hanning,7.87500000,0.00000000
enlarge-4x,hanning,8.12500000,0.00000000
enlarge-4x,hanning,8.37500000,0.00000000
enlarge-4x,hamming,-8.37500000,0.00000000
enlarge-4x,hamming,-8.12500000,0.00000000
enlarge-4x,hamming,-7.87500000,0.00000000
enlarge-4x,hamming,-7.62500000,0.00000000
enlarge-4x,hamming,-7.37500000,0.00000000
enlarge-4x,hamming,-7.12500000,0.00000000
enlarge-4x,hamming,-6.87500000,0.00000000
enlarge-4x,hamming,-6.62500000,0.00000000
enlarge-4x,hamming,-6.37500000,0.00000000
enlarge-4x,hamming,-6.12500000,0.00000000
enlarge-4x,hamming,-5.87500000,0.00000000
enlarge-4x,hamming,-5.62500000,0.00000000
enlarge-4x,hamming,-5.37500000,0.00000000
enlarge-4x,hamming,-5.12500000,0.00000000
enlarge-4x,hamming,-4.87500000,0.00000000
enlarge-4x,hamming,-4.62500000,0.00000000
enlarge-4x,hamming,-4.37500000,0.00000000
enlarge-4x,hamming,-4.12500000,0.00000000
enlarge-4x,hamming,-3.87500000,0.00000000
enlarge-4x,hamming,-3.62500000,0.00000000
enlarge-4x,hamming,-3.37500000,0.00000000
enlarge-4x,hamming,-3.12500000,0.00000000
enlarge-4x,hamming,-2.87500000,0.00000000
enlarge-4x,hamming,-2.62500000,0.00000000
enlarge-4x,hamming,-2.37500000,0.00000000
enlarge-4x,hamming,-2.12500000,0.00000000
enlarge-4x,hamming,-1.87500000,0.00000000
enlarge-4x,hamming,-1.62500000,0.00000000
enlarge-4x,hamming,-1.37500000,0.25205994
enlarge-4x,hamming,-1.12500000,0.09624577
enlarge-4x,hamming,-0.87500000,0.09624577
enlarge-4x,hamming,-0.62500000,0.25205994
enlarge-4x,hamming,-0.37500000,0.49588060
enlarge-4x,hamming,-0.12500000,0.80750799
enlarge-4x,hamming,0.12500000,0.80750799
enlarge-4x,hamming,0.37500000,0.49588060
enlarge-4x,hamming,0.62500000,0.25205994
enlarge-4x,hamming,0.87500000,0.09624577
enlarge-4x,hamming,1.12500000,0.09624577
enlarge-4x,hamming,1.37500000,0.25205994
enlarge-4x,hamming,1.62500000,0.00000000
enlarge-4x,hamming,1.87500000,0.00000000
enlarge-4x,hamming,2.12500000,0.00000000
enlarge-4x,hamming,2.37500000,0.00000000
enlarge-4x,hamming,2.62500000,0.00000000
enlarge-4x,hamming,2.87500000,0.00000000
enlarge-4x,hamming,3.12500000,0.00000000
enlarge-4x,hamming,3.37500000,0.00000000
enlarge-4x,hamming,3.62500000,0.00000000
enlarge-4x,hamming,3.87500000,0.00000000
enlarge-4x,hamming,4.12500000,0.00000000
enlarge-4x,hamming,4.37500000,0.00000000
enlarge-4x,hamming,4.62500000,0.00000000
enlarge-4x,hamming,4.87500000,0.00000000
enlarge-4x,hamming,5.12500000,0.00000000
enlarge-4x,hamming,5.37500000,0.00000000
enlarge-4x,hamming,5.62500000,0.00000000
enlarge-4x,hamming,5.87500000,0.00000000
enlarge-4x,hamming,6.12500000,0.00000000
enlarge-4x,hamming,6.37500000,0.00000000
enlarge-4x,hamming,6.62500000,0.00000000
enlarge-4x,hamming,6.87500000,0.00000000
enlarge-4x,hamming,7.12500000,0.00000000
enlarge-4x,hamming,7.37500000,0.00000000
enlarge-4x,hamming,7.62500000,0.00000000
enlarge-4x,hamming,7.87500000,0.00000000
enlarge-4x,hamming,8.12500000,0.00000000
enlarge-4x,hamming,8.37500000,0.00000000
enlarge-4x,bilinear,-8.37500000,0.00000000
enlarge-4x,bilinear,-8.12500000,0.00000000
enlarge-4x,bilinear,-7.87500000,0.00000000
enlarge-4x,bilinear,-7.62500000,0.00000000
enlarge-4x,bilinear,-7.37500000,0.00000000
enlarge-4x,bilinear,-7.12500000,0.00000000
enlarge-4x,bilinear,-6.87500000,0.00000000
enlarge-4x,bilinear,-6.62500000,0.00000000
enlarge-4x,bilinear,-6.37500000,0.00000000
enlarge-4x,bilinear,-6.12500000,0.00000000
enlarge-4x,bilinear,-5.87500000,0.00000000
enlarge-4x,bilinear,-5.62500000,0.00000000
enlarge-4x,bilinear,-5.37500000,0.00000000
enlarge-4x,bilinear,-5.12500000,0.00000000
enlarge-4x,bilinear,-4.87500000,0.00000000
enlarge-4x,bilinear,-4.62500000,0.00000000
enlarge-4x,bilinear,-4.37500000,0.00000000
enlarge-4x,bilinear,-4.12500000,0.00000000
enlarge-4x,bilinear,-3.87500000,0.00000000
enlarge-4x,bilinear,-3.62500000,0.00000000
enlarge-4x,bilinear,-3.37500000,0.00000000
enlarge-4x,bilinear,-3.12500000,0.00000000
enlarge-4x,bilinear,-2.87500000,0.00000000
enlarge-4x,bilinear,-2.62500000,0.00000000
enlarge-4x,bilinear,-2.37500000,0.00000000
enlarge-4x,bilinear,-2.12500000,0.00000000
enlarge-4x,bilinear,-1.87500000,0.00000000
enlarge-4x,bilinear,-1.62500000,0.00000000
enlarge-4x,bilinear,-1.37500000,0.00000000
enlarge-4x,bilinear,-1.12500000,0.00000000
enlarge-4x,bilinear,-0.87500000,0.12500000
enlarge-4x,bilinear,-0.62500000,0.37500000
enlarge-4x,bilinear,-0.37500000,0.62500000
enlarge-4x,bilinear,-0.12500000,0.87500000
enlarge-4x,bilinear,0.12500000,0.87500000
enlarge-4x,bilinear,0.37500000,0.62500000
enlarge-4x,bilinear,0.62500000,0.37500000
enlarge-4x,bilinear,0.87500000,0.12500000
enlarge-4x,bilinear,1.12500000,0.00000000
enlarge-4x,bilinear,1.37500000,0.00000000
enlarge-4x,bilinear,1.62500000,0.00000000
enlarge-4x,bilinear,1.87500000,0.00000000
enlarge-4x,bilinear,2.12500000,0.00000000
enlarge-4x,bilinear,2.37500000,0.00000000
enlarge-4x,bilinear,2.62500000,0.00000000
enlarge-4x,bilinear,2.87500000,0.00000000
enlarge-4x,bilinear,3.12500000,0.00000000
enlarge-4x,bilinear,3.37500000,0.00000000
enlarge-4x,bilinear,3.62500000,0.00000000
enlarge-4x,bilinear,3.87500000,0.00000000
enlarge-4x,bilinear,4.12500000,0.00000000
enlarge-4x,bilinear,4.37500000,0.00000000
enlarge-4x,bilinear,4.62500000,0.00000000
enlarge-4x,bilinear,4.87500000,0.00000000
enlarge-4x,bilinear,5.12500000,0.00000000
enlarge-4x,bilinear,5.37500000,0.00000000
enlarge-4x,bilinear,5.62500000,0.00000000
enlarge-4x,bilinear,5.87500000,0.00000000
enlarge-4x,bilinear,6.12500000,0.00000000
enlarge-4x,bilinear,6.37500000,0.00000000
enlarge-4x,bilinear,6.62500000,0.00000000
enlarge-4x,bilinear,6.87500000,0.00000000
enlarge-4x,bilinear,7.12500000,0.00000000
enlarge-4x,bilinear,7.37500000,0.00000000
enlarge-4x,bilinear,7.62500000,0.00000000
enlarge-4x,bilinear,7.87500000,0.00000000
enlarge-4x,bilinear,8.12500000,0.00000000
enlarge-4x,bilinear,8.37500000,0.00000000
enlarge-4x,welsh,-8.37500000,0.00000000
enlarge-4x,welsh,-8.12500000,0.00000000
enlarge-4x,welsh,-7.87500000,0.00000000
enlarge-4x,welsh,-7.62500000,0.00000000
enlarge-4x,welsh,-7.37500000,0.00000000
enlarge-4x,welsh,-7.12500000,0.00000000
enlarge-4x,welsh,-6.87500000,0.00000000
enlarge-4x,welsh,-6.62500000,0.00000000
enlarge-4x,welsh,-6.37500000,0.00000000
enlarge-4x,welsh,-6.12500000,0.00000000
enlarge-4x,welsh,-5.87500000,0.00000000
enlarge-4x,welsh,-5.62500000,0.00000000
enlarge-4x,welsh,-5.37500000,0.00000000
enlarge-4x,welsh,-5.12500000,0.00000000
enlarge-4x,welsh,-4.87500000,0.00000000
enlarge-4x,welsh,-4.62500000,0.00000000
enlarge-4x,welsh,-4.37500000,0.00000000
enlarge-4x,welsh,-4.12500000,0.00000000
enlarge-4x,welsh,-3.87500000,0.00000000
enlarge-4x,welsh,-3.62500000,0.00000000
enlarge-4x,welsh,-3.37500000,0.00000000
enlarge-4x,welsh,-3.12500000,0.00000000
enlarge-4x,welsh,-2.87500000,0.00000000
enlarge-4x,welsh,-2.62500000,0.00000000
enlarge-4x,welsh,-2.37500000,0.00000000
enlarge-4x,welsh,-2.12500000,0.00000000
enlarge-4x,welsh,-1.87500000,0.00000000
enlarge-4x,welsh,-1.62500000,0.00000000
enlarge-4x,welsh,-1.37500000,0.00000000
enlarge-4x,welsh,-1.12500000,0.00000000
enlarge-4x,welsh,-0.87500000,0.19230747
enlarge-4x,welsh,-0.62500000,0.41489363
enlarge-4x,welsh,-0.37500000,0.58510637
enlarge-4x,welsh,-0.12500000,0.80769253
enlarge-4x,welsh,0.12500000,0.80769253
enlarge-4x,welsh,0.37500000,0.58510637
enlarge-4x,welsh,0.62500000,0.41489363
enlarge-4x,welsh,0.87500000,0.19230747
enlarge-4x,welsh,1.12500000,0.00000000
enlarge-4x,welsh,1.37500000,0.00000000
enlarge-4x,welsh,1.62500000,0.00000000
enlarge-4x,welsh,1.87500000,0.00000000
enlarge-4x,welsh,2.12500000,0.00000000
enlarge-4x,welsh,2.37500000,0.00000000
enlarge-4x,welsh,2.62500000,0.00000000
enlarge-4x,welsh,2.87500000,0.00000000
enlarge-4x,welsh,3.12500000,0.00000000
enlarge-4x,welsh,3.37500000,0.00000000
enlarge-4x,welsh,3.62500000,0.00000000
enlarge-4x,welsh,3.87500000,0.00000000
enlarge-4x,welsh,4.12500000,0.00000000
enlarge-4x,welsh,4.37500000,0.00000000
enlarge-4x,welsh,4.62500000,0.00000000
enlarge-4x,welsh,4.87500000,0.00000000
enlarge-4x,welsh,5.12500000,0.00000000
enlarge-4x,welsh,5.37500000,0.00000000
enlarge-4x,welsh,5.62500000,0.00000000
enlarge-4x,welsh,5.87500000,0.00000000
enlarge-4x,welsh,6.12500000,0.00000000
enlarge-4x,welsh,6.37500000,0.00000000
enlarge-4x,welsh,6.62500000,0.00000000
enlarge-4x,welsh,6.87500000,0.00000000
enlarge-4x,welsh,7.12500000,0.00000000
enlarge-4x,welsh,7.37500000,0.00000000
enlarge-4x,welsh,7.62500000,0.00000000
enlarge-4x,welsh,7.87500000,0.00000000
enlarge-4x,welsh,8.12500000,0.00000000
enlarge-4x,welsh,8.37500000,0.00000000
enlarge-4x,bicubic,-8.37500000,0.00000000
enlarge-4x,bicubic,-8.12500000,0.00000000
enlarge-4x,bicubic,-7.87500000,0.00000000
enlarge-4x,bicubic,-7.62500000,0.00000000
enlarge-4x,bicubic,-7.37500000,0.00000000
enlarge-4x,bicubic,-7.12500000,0.00000000
enlarge-4x,bicubic,-6.87500000,0.00000000
enlarge-4x,bicubic,-6.62500000,0.00000000
enlarge-4x,bicubic,-6.37500000,0.00000000
enlarge-4x,bicubic,-6.12500000,0.00000000
enlarge-4x,bicubic,-5.87500000,0.00000000
enlarge-4x,bicubic,-5.62500000,0.00000000
enlarge-4x,bicubic,-5.37500000,0.00000000
enlarge-4x,bicubic,-5.12500000,0.00000000
enlarge-4x,bicubic,-4.87500000,0.00000000
enlarge-4x,bicubic,-4.62500000,0.00000000
enlarge-4x,bicubic,-4.37500000,0.00000000
enlarge-4x,bicubic,-4.12500000,0.00000000
enlarge-4x,bicubic,-3.87500000,0.00000000
enlarge-4x,bicubic,-3.62500000,0.00000000
enlarge-4x,bicubic,-3.37500000,0.00000000
enlarge-4x,bicubic,-3.12500000,0.00000000
enlarge-4x,bicubic,-2.87500000,0.00000000
enlarge-4x,bicubic,-2.62500000,0.00000000
enlarge-4x,bicubic,-2.37500000,0.00000000
enlarge-4x,bicubic,-2.12500000,0.00000000
enlarge-4x,bicubic,-1.87500000,-0.01367188
enlarge-4x,bicubic,-1.62500000,-0.08789062
enlarge-4x,bicubic,-1.37500000,-0.14648438
enlarge-4x,bicubic,-1.12500000,-0.09570312
enlarge-4x,bicubic,-0.87500000,0.13867188
enlarge-4x,bicubic,-0.62500000,0.46289062
enlarge-4x,bicubic,-0.37500000,0.77148438
enlarge-4x,bicubic,-0.12500000,0.97070312
enlarge-4x,bicubic,0.12500000,0.97070312
enlarge-4x,bicubic,0.37500000,0.77148438
enlarge-4x,bicubic,0.62500000,0.46289062
enlarge-4x,bicubic,0.87500000,0.13867188
enlarge-4x,bicubic,1.12500000,-0.09570312
enlarge-4x,bicubic,1.37500000,-0.14648438
enlarge-4x,bicubic,1.62500000,-0.08789062
enlarge-4x,bicubic,1.87500000,-0.01367188
enlarge-4x,bicubic,2.12500000,0.00000000
enlarge-4x,bicubic,2.37500000,0.00000000
enlarge-4x,bicubic,2.62500000,0.00000000
enlarge-4x,bicubic,2.87500000,0.00000000
enlarge-4x,bicubic,3.12500000,0.00000000
enlarge-4x,bicubic,3.37500000,0.00000000
enlarge-4x,bicubic,3.62500000,0.00000000
enlarge-4x,bicubic,3.87500000,0.00000000
enlarge-4x,bicubic,4.12500000,0.00000000
enlarge-4x,bicubic,4.37500000,0.00000000
enlarge-4x,bicubic,4.62500000,0.00000000
enlarge-4x,bicubic,4.87500000,0.00000000
enlarge-4x,bicubic,5.12500000,0.00000000
enlarge-4x,bicubic,5.37500000,0.00000000
enlarge-4x,bicubic,5.62500000,0.00000000
enlarge-4x,bicubic,5.87500000,0.00000000
enlarge-4x,bicubic,6.12500000,0.00000000
enlarge-4x,bicubic,6.37500000,0.00000000
enlarge-4x,bicubic,6.62500000,0.00000000
enlarge-4x,bicubic,6.87500000,0.00000000
enlarge-4x,bicubic,7.12500000,0.00000000
enlarge-4x,bicubic,7.37500000,0.00000000
enlarge-4x,bicubic,7.62500000,0.00000000
enlarge-4x,bicubic,7.87500000,0.00000000
enlarge-4x,bicubic,8.12500000,0.00000000
enlarge-4x,bicubic,8.37500000,0.00000000
enlarge-4x,lanczos2,-8.37500000,0.00000000
enlarge-4x,lanczos2,-8.12500000,0.00000000
enlarge-4x,lanczos2,-7.87500000,0.00000000
enlarge-4x,lanczos2,-7.62500000,0.00000000
enlarge-4x,lanczos2,-7.37500000,0.00000000
enlarge-4x,lanczos2,-7.12500000,0.00000000
enlarge-4x,lanczos2,-6.87500000,0.00000000
enlarge-4x,lanczos2,-6.62500000,0.00000000
enlarge-4x,lanczos2,-6.37500000,0.00000000
enlarge-4x,lanczos2,-6.12500000,0.00000000
enlarge-4x,lanczos2,-5.87500000,0.00000000
enlarge-4x,lanczos2,-5.62500000,0.00000000
enlarge-4x,lanczos2,-5.37500000,0.00000000
enlarge-4x,lanczos2,-5.12500000,0.00000000
enlarge-4x,lanczos2,-4.87500000,0.00000000
enlarge-4x,lanczos2,-4.62500000,0.00000000
enlarge-4x,lanczos2,-4.37500000,0.00000000
enlarge-4x,lanczos2,-4.12500000,0.00000000
enlarge-4x,lanczos2,-3.87500000,0.00000000
enlarge-4x,lanczos2,-3.62500000,0.00000000
enlarge-4x,lanczos2,-3.37500000,0.00000000
enlarge-4x,lanczos2,-3.12500000,0.00000000
enlarge-4x,lanczos2,-2.87500000,0.00000000
enlarge-4x,lanczos2,-2.62500000,0.00000000
enlarge-4x,lanczos2,-2.37500000,0.00000000
enlarge-4x,lanczos2,-2.12500000,0.00000000
enlarge-4x,lanczos2,-1.87500000,-0.00428963
enlarge-4x,lanczos2,-1.62500000,-0.03875279
enlarge-4x,lanczos2,-1.37500000,-0.08100510
enlarge-4x,lanczos2,-1.12500000,-0.05990410
enlarge-4x,lanczos2,-0.87500000,0.09902525
enlarge-4x,lanczos2,-0.62500000,0.39206505
enlarge-4x,lanczos2,-0.37500000,0.72769308
enlarge-4x,lanczos2,-0.12500000,0.96516848
enlarge-4x,lanczos2,0.12500000,0.96516848
enlarge-4x,lanczos2,0.37500000,0.72769308
enlarge-4x,lanczos2,0.62500000,0.39206505
enlarge-4x,lanczos2,0.87500000,0.09902525
enlarge-4x,lanczos2,1.12500000,-0.05990410
enlarge-4x,lanczos2,1.37500000,-0.08100510
enlarge-4x,lanczos2,1.62500000,-0.03875279
enlarge-4x,lanczos2,1.87500000,-0.00428963
enlarge-4x,lanczos2,2.12500000,0.00000000
enlarge-4x,lanczos2,2.37500000,0.00000000
enlarge-4x,lanczos2,2.62500000,0.00000000
enlarge-4x,lanczos2,2.87500000,0.00000000
enlarge-4x,lanczos2,3.12500000,0.00000000
enlarge-4x,lanczos2,3.37500000,0.00000000
enlarge-4x,lanczos2,3.62500000,0.00000000
enlarge-4x,lanczos2,3.87500000,0.00000000
enlarge-4x,lanczos2,4.12500000,0.00000000
enlarge-4x,lanczos2,4.37500000,0.00000000
enlarge-4x,lanczos2,4.62500000,0.00000000
enlarge-4x,lanczos2,4.87500000,0.00000000
enlarge-4x,lanczos2,5.12500000,0.00000000
enlarge-4x,lanczos2,5.37500000,0.00000000
enlarge-4x,lanczos2,5.62500000,0.00000000
enlarge-4x,lanczos2,5.87500000,0.00000000
enlarge-4x,lanczos2,6.12500000,0.00000000
enlarge-4x,lanczos2,6.37500000,0.00000000
enlarge-4x,lanczos2,6.62500000,0.00000000
enlarge-4x,lanczos2,6.87500000,0.00000000
enlarge-4x,lanczos2,7.12500000,0.00000000
enlarge-4x,lanczos2,7.37500000,0.00000000
enlarge-4x,lanczos2,7.62500000,0.00000000
enlarge-4x,lanczos2,7.87500000,0.00000000
enlarge-4x,lanczos2,8.12500000,0.00000000
enlarge-4x,lanczos2,8.37500000,0.00000000
enlarge-4x,lanczos3,-8.37500000,0.00000000
enlarge-4x,lanczos3,-8.12500000,0.00000000
enlarge-4x,lanczos3,-7.87500000,0.00000000
enlarge-4x,lanczos3,-7.62500000,0.00000000
enlarge-4x,lanczos3,-7.37500000,0.00000000
enlarge-4x,lanczos3,-7.12500000,0.00000000
enlarge-4x,lanczos3,-6.87500000,0.00000000
enlarge-4x,lanczos3,-6.62500000,0.00000000
enlarge-4x,lanczos3,-6.37500000,0.00000000
enlarge-4x,lanczos3,-6.12500000,0.00000000
enlarge-4x,lanczos3,-5.87500000,0.00000000
enlarge-4x,lanczos3,-5.62500000,0.00000000
enlarge-4x,lanczos3,-5.37500000,0.00000000
enlarge-4x,lanczos3,-5.12500000,0.00000000
enlarge-4x,lanczos3,-4.87500000,0.00000000
enlarge-4x,lanczos3,-4.62500000,0.00000000
enlarge-4x,lanczos3,-4.37500000,0.00000000
enlarge-4x,lanczos3,-4.12500000,0.00000000
enlarge-4x,lanczos3,-3.87500000,0.00000000
enlarge-4x,lanczos3,-3.62500000,0.00000000
enlarge-4x,lanczos3,-3.37500000,0.00000000
enlarge-4x,lanczos3,-3.12500000,0.00000000
enlarge-4x,lanczos3,-2.87500000,0.00183868
enlarge-4x,lanczos3,-2.62500000,0.01567364
enlarge-4x,lanczos3,-2.37500000,0.03045845
enlarge-4x,lanczos3,-2.12500000,0.02045631
enlarge-4x,lanczos3,-1.87500000,-0.03059769
enlarge-4x,lanczos3,-1.62500000,-0.10596180
enlarge-4x,lanczos3,-1.37500000,-0.14799619
enlarge-4x,lanczos3,-1.12500000,-0.08499384
enlarge-4x,lanczos3,-0.87500000,0.12065029
enlarge-4x,lanczos3,-0.62500000,0.43981981
enlarge-4x,lanczos3,-0.37500000,0.76800632
enlarge-4x,lanczos3,-0.12500000,0.97264671
enlarge-4x,lanczos3,0.12500000,0.97264671
enlarge-4x,lanczos3,0.37500000,0.76800632
enlarge-4x,lanczos3,0.62500000,0.43981981
enlarge-4x,lanczos3,0.87500000,0.12065029
enlarge-4x,lanczos3,1.12500000,-0.08499384
enlarge-4x,lanczos3,1.37500000,-0.14799619
enlarge-4x,lanczos3,1.62500000,-0.10596180
enlarge-4x,lanczos3,1.87500000,-0.03059769
enlarge-4x,lanczos3,2.12500000,0.02045631
enlarge-4x,lanczos3,2.37500000,0.03045845
enlarge-4x,lanczos3,2.62500000,0.01567364
enlarge-4x,lanczos3,2.87500000,0.00183868
enlarge-4x,lanczos3,3.12500000,0.00000000
enlarge-4x,lanczos3,3.37500000,0.00000000
enlarge-4x,lanczos3,3.62500000,0.00000000
enlarge-4x,lanczos3,3.87500000,0.00000000
enlarge-4x,lanczos3,4.12500000,0.00000000
enlarge-4x,lanczos3,4.37500000,0.00000000
enlarge-4x,lanczos3,4.62500000,0.00000000
enlarge-4x,lanczos3,4.87500000,0.00000000
enlarge-4x,lanczos3,5.12500000,0.00000000
enlarge-4x,lanczos3,5.37500000,0.00000000
enlarge-4x,lanczos3,5.62500000,0.00000000
enlarge-4x,lanczos3,5.87500000,0.00000000
enlarge-4x,lanczos3,6.12500000,0.00000000
enlarge-4x,lanczos3,6.37500000,0.00000000
enlarge-4x,lanczos3,6.62500000,0.00000000
enlarge-4x,lanczos3,6.87500000,0.00000000
enlarge-4x,lanczos3,7.12500000,0.00000000
enlarge-4x,lanczos3,7.37500000,0.00000000
enlarge-4x,lanczos3,7.62500000,0.00000000
enlarge-4x,lanczos3,7.87500000,0.00000000
enlarge-4x,lanczos3,8.12500000,0.00000000
enlarge-4x,lanczos3,8.37500000,0.00000000
enlarge-4x,lanczos4,-8.37500000,0.00000000
enlarge-4x,lanczos4,-8.12500000,0.00000000
enlarge-4x,lanczos4,-7.87500000,0.00000000
enlarge-4x,lanczos4,-7.62500000,0.00000000
enlarge-4x,lanczos4,-7.37500000,0.00000000
enlarge-4x,lanczos4,-7.12500000,0.00000000
enlarge-4x,lanczos4,-6.87500000,0.00000000
enlarge-4x,lanczos4,-6.62500000,0.00000000
enlarge-4x,lanczos4,-6.37500000,0.00000000
enlarge-4x,lanczos4,-6.12500000,0.00000000
enlarge-4x,lanczos4,-5.87500000,0.00000000
enlarge-4x,lanczos4,-5.62500000,0.00000000
enlarge-4x,lanczos4,-5.37500000,0.00000000
enlarge-4x,lanczos4,-5.12500000,0.00000000
enlarge-4x,lanczos4,-4.87500000,0.00000000
enlarge-4x,lanczos4,-4.62500000,0.00000000
enlarge-4x,lanczos4,-4.37500000,0.00000000
enlarge-4x,lanczos4,-4.12500000,0.00000000
enlarge-4x,lanczos4,-3.87500000,-0.00101209
enlarge-4x,lanczos4,-3.62500000,-0.00825405
enlarge-4x,lanczos4,-3.37500000,-0.01546311
enlarge-4x,lanczos4,-3.12500000,-0.01007128
enlarge-4x,lanczos4,-2.87500000,0.01449871
enlarge-4x,lanczos4,-2.62500000,0.04782248
enlarge-4x,lanczos4,-2.37500000,0.06338978
enlarge-4x,lanczos4,-2.12500000,0.03416729
enlarge-4x,lanczos4,-1.87500000,-0.04388571
enlarge-4x,lanczos4,-1.62500000,-0.13540649
enlarge-4x,lanczos4,-1.37500000,-0.17429519
enlarge-4x,lanczos4,-1.12500000,-0.09468985
enlarge-4x,lanczos4,-0.87500000,0.12845898
enlarge-4x,lanczos4,-0.62500000,0.45090771
enlarge-4x,lanczos4,-0.37500000,0.77129889
enlarge-4x,lanczos4,-0.12500000,0.97253370
enlarge-4x,lanczos4,0.12500000,0.97253370
enlarge-4x,lanczos4,0.37500000,0.77129889
enlarge-4x,lanczos4,0.62500000,0.45090771
enlarge-4x,lanczos4,0.87500000,0.12845898
enlarge-4x,lanczos4,1.12500000,-0.09468985
enlarge-4x,lanczos4,1.37500000,-0.17429519
enlarge-4x,lanczos4,1.62500000,-0.13540649
enlarge-4x,lanczos4,1.87500000,-0.04388571
enlarge-4x,lanczos4,2.12500000,0.03416729
enlarge-4x,lanczos4,2.37500000,0.06338978
enlarge-4x,lanczos4,2.62500000,0.04782248
enlarge-4x,lanczos4,2.87500000,0.01449871
enlarge-4x,lanczos4,3.12500000,-0.01007128
enlarge-4x,lanczos4,3.37500000,-0.01546311
enlarge-4x,lanczos4,3.62500000,-0.00825405
enlarge-4x,lanczos4,3.87500000,-0.00101209
enlarge-4x,lanczos4,4.12500000,0.00000000
enlarge-4x,lanczos4,4.37500000,0.00000000
enlarge-4x,lanczos4,4.62500000,0.00000000
enlarge-4x,lanczos4,4.87500000,0.00000000
enlarge-4x,lanczos4,5.12500000,0.00000000
enlarge-4x,lanczos4,5.37500000,0.00000000
enlarge-4x,lanczos4,5.62500000,0.00000000
enlarge-4x,lanczos4,5.87500000,0.00000000
enlarge-4x,lanczos4,6.12500000,0.00000000
enlarge-4x,lanczos4,6.37500000,0.00000000
enlarge-4x,lanczos4,6.62500000,0.00000000
enlarge-4x,lanczos4,6.87500000,0.00000000
enlarge-4x,lanczos4,7.12500000,0.00000000
enlarge-4x,lanczos4,7.37500000,0.00000000
enlarge-4x,lanczos4,7.62500000,0.00000000
enlarge-4x,lanczos4,7.87500000,0.00000000
enlarge-4x,lanczos4,8.12500000,0.00000000
enlarge-4x,lanczos4,8.37500000,0.00000000
reduce-4x,nearest,-4.37500000,0.00000000
reduce-4x,nearest,-4.12500000,0.00000000
reduce-4x,nearest,-3.87500000,0.00000000
reduce-4x,nearest,-3.62500000,0.00000000
reduce-4x,nearest,-3.37500000,0.00000000
reduce-4x,nearest,-3.12500000,0.00000000
reduce-4x,nearest,-2.87500000,0.00000000
reduce-4x,nearest,-2.62500000,0.00000000
reduce-4x,nearest,-2.37500000,0.00000000
reduce-4x,nearest,-2.12500000,0.00000000
reduce-4x,nearest,-1.87500000,0.00000000
reduce-4x,nearest,-1.62500000,0.00000000
reduce-4x,nearest,-1.37500000,0.00000000
reduce-4x,nearest,-1.12500000,0.00000000
reduce-4x,nearest,-0.87500000,0.00000000
reduce-4x,nearest,-0.62500000,0.00000000
reduce-4x,nearest,-0.37500000,1.00000000
reduce-4x,nearest,-0.12500000,0.00000000
reduce-4x,nearest,0.12500000,0.00000000
reduce-4x,nearest,0.37500000,0.00000000
reduce-4x,nearest,0.62500000,0.00000000
reduce-4x,nearest,0.87500000,0.00000000
reduce-4x,nearest,1.12500000,0.00000000
reduce-4x,nearest,1.37500000,0.00000000
reduce-4x,nearest,1.62500000,0.00000000
reduce-4x,nearest,1.87500000,0.00000000
reduce-4x,nearest,2.12500000,0.00000000
reduce-4x,nearest,2.37500000,0.00000000
reduce-4x,nearest,2.62500000,0.00000000
reduce-4x,nearest,2.87500000,0.00000000
reduce-4x,nearest,3.12500000,0.00000000
reduce-4x,nearest,3.37500000,0.00000000
reduce-4x,gaussian,-4.37500000,0.00000000
reduce-4x,gaussian,-4.12500000,0.00000000
reduce-4x,gaussian,-3.87500000,0.00000000
reduce-4x,gaussian,-3.62500000,0.00000000
reduce-4x,gaussian,-3.37500000,0.00000000
reduce-4x,gaussian,-3.12500000,0.00000000
reduce-4x,gaussian,-2.87500000,0.00000000
reduce-4x,gaussian,-2.62500000,0.00000000
reduce-4x,gaussian,-2.37500000,0.00000000
reduce-4x,gaussian,-2.12500000,0.00000000
reduce-4x,gaussian,-1.87500000,0.00000000
reduce-4x,gaussian,-1.62500000,0.00000000
reduce-4x,gaussian,-1.37500000,0.00000000
reduce-4x,gaussian,-1.12500000,0.00000000
reduce-4x,gaussian,-0.87500000,0.04435396
reduce-4x,gaussian,-0.62500000,0.09389734
reduce-4x,gaussian,-0.37500000,0.15481043
reduce-4x,gaussian,-0.12500000,0.19878006
reduce-4x,gaussian,0.12500000,0.19878006
reduce-4x,gaussian,0.37500000,0.15481043
reduce-4x,gaussian,0.62500000,0.09389734
reduce-4x,gaussian,0.87500000,0.04435396
reduce-4x,gaussian,1.12500000,0.01631689
reduce-4x,gaussian,1.37500000,0.00000000
reduce-4x,gaussian,1.62500000,0.00000000
reduce-4x,gaussian,1.87500000,0.00000000
reduce-4x,gaussian,2.12500000,0.00000000
reduce-4x,gaussian,2.37500000,0.00000000
reduce-4x,gaussian,2.62500000,0.00000000
reduce-4x,gaussian,2.87500000,0.00000000
reduce-4x,gaussian,3.12500000,0.00000000
reduce-4x,gaussian,3.37500000,0.00000000
reduce-4x,hanning,-4.37500000,0.00000000
reduce-4x,hanning,-4.12500000,0.00000000
reduce-4x,hanning,-3.87500000,0.00000000
reduce-4x,hanning,-3.62500000,0.00000000
reduce-4x,hanning,-3.37500000,0.00000000
reduce-4x,hanning,-3.12500000,0.00000000
reduce-4x,hanning,-2.87500000,0.00000000
reduce-4x,hanning,-2.62500000,0.00000000
reduce-4x,hanning,-2.37500000,0.00000000
reduce-4x,hanning,-2.12500000,0.00000000
reduce-4x,hanning,-1.87500000,0.00000000
reduce-4x,hanning,-1.62500000,0.00000000
reduce-4x,hanning,-1.37500000,0.00000000
reduce-4x,hanning,-1.12500000,0.00000000
reduce-4x,hanning,-0.87500000,0.00942516
reduce-4x,hanning,-0.62500000,0.07643747
reduce-4x,hanning,-0.37500000,0.17120647
reduce-4x,hanning,-0.12500000,0.23821831
reduce-4x,hanning,0.12500000,0.23821831
reduce-4x,hanning,0.37500000,0.17120647
reduce-4x,hanning,0.62500000,0.07643747
reduce-4x,hanning,0.87500000,0.00942516
reduce-4x,hanning,1.12500000,0.00942516
reduce-4x,hanning,1.37500000,0.00000000
reduce-4x,hanning,1.62500000,0.00000000
reduce-4x,hanning,1.87500000,0.00000000
reduce-4x,hanning,2.12500000,0.00000000
reduce-4x,hanning,2.37500000,0.00000000
reduce-4x,hanning,2.62500000,0.00000000
reduce-4x,hanning,2.87500000,0.00000000
reduce-4x,hanning,3.12500000,0.00000000
reduce-4x,hanning,3.37500000,0.00000000
reduce-4x,hamming,-4.37500000,0.00000000
reduce-4x,hamming,-4.12500000,0.00000000
reduce-4x,hamming,-3.87500000,0.00000000
reduce-4x,hamming,-3.62500000,0.00000000
reduce-4x,hamming,-3.37500000,0.00000000
reduce-4x,hamming,-3.12500000,0.00000000
reduce-4x,hamming,-2.87500000,0.00000000
reduce-4x,hamming,-2.62500000,0.00000000
reduce-4x,hamming,-2.37500000,0.00000000
reduce-4x,hamming,-2.12500000,0.00000000
reduce-4x,hamming,-1.87500000,0.00000000
reduce-4x,hamming,-1.62500000,0.00000000
reduce-4x,hamming,-1.37500000,0.00000000
reduce-4x,hamming,-1.12500000,0.00000000
reduce-4x,hamming,-0.87500000,0.02593327
reduce-4x,hamming,-0.62500000,0.08206654
reduce-4x,hamming,-0.37500000,0.16145039
reduce-4x,hamming,-0.12500000,0.21758318
reduce-4x,hamming,0.12500000,0.21758318
reduce-4x,hamming,0.37500000,0.16145039
reduce-4x,hamming,0.62500000,0.08206654
reduce-4x,hamming,0.87500000,0.02593327
reduce-4x,hamming,1.12500000,0.02593327
reduce-4x,hamming,1.37500000,0.00000000
reduce-4x,hamming,1.62500000,0.00000000
reduce-4x,hamming,1.87500000,0.00000000
reduce-4x,hamming,2.12500000,0.00000000
reduce-4x,hamming,2.37500000,0.00000000
reduce-4x,hamming,2.62500000,0.00000000
reduce-4x,hamming,2.87500000,0.00000000
reduce-4x,hamming,3.12500000,0.00000000
reduce-4x,hamming,3.37500000,0.00000000
reduce-4x,bilinear,-4.37500000,0.00000000
reduce-4x,bilinear,-4.12500000,0.00000000
reduce-4x,bilinear,-3.87500000,0.00000000
reduce-4x,bilinear,-3.62500000,0.00000000
reduce-4x,bilinear,-3.37500000,0.00000000
reduce-4x,bilinear,-3.12500000,0.00000000
reduce-4x,bilinear,-2.87500000,0.00000000
reduce-4x,bilinear,-2.62500000,0.00000000
reduce-4x,bilinear,-2.37500000,0.00000000
reduce-4x,bilinear,-2.12500000,0.00000000
reduce-4x,bilinear,-1.87500000,0.00000000
reduce-4x,bilinear,-1.62500000,0.00000000
reduce-4x,bilinear,-1.37500000,0.00000000
reduce-4x,bilinear,-1.12500000,0.00000000
reduce-4x,bilinear,-0.87500000,0.03125000
reduce-4x,bilinear,-0.62500000,0.09375000
reduce-4x,bilinear,-0.37500000,0.15625000
reduce-4x,bilinear,-0.12500000,0.21875000
reduce-4x,bilinear,0.12500000,0.21875000
reduce-4x,bilinear,0.37500000,0.15625000
reduce-4x,bilinear,0.62500000,0.09375000
reduce-4x,bilinear,0.87500000,0.03125000
reduce-4x,bilinear,1.12500000,0.00000000
reduce-4x,bilinear,1.37500000,0.00000000
reduce-4x,bilinear,1.62500000,0.00000000
reduce-4x,bilinear,1.87500000,0.00000000
reduce-4x,bilinear,2.12500000,0.00000000
reduce-4x,bilinear,2.37500000,0.00000000
reduce-4x,bilinear,2.62500000,0.00000000
reduce-4x,bilinear,2.87500000,0.00000000
reduce-4x,bilinear,3.12500000,0.00000000
reduce-4x,bilinear,3.37500000,0.00000000
reduce-4x,welsh,-4.37500000,0.00000000
reduce-4x,welsh,-4.12500000,0.00000000
reduce-4x,welsh,-3.87500000,0.00000000
reduce-4x,welsh,-3.62500000,0.00000000
reduce-4x,welsh,-3.37500000,0.00000000
reduce-4x,welsh,-3.12500000,0.00000000
reduce-4x,welsh,-2.87500000,0.00000000
reduce-4x,welsh,-2.62500000,0.00000000
reduce-4x,welsh,-2.37500000,0.00000000
reduce-4x,welsh,-2.12500000,0.00000000
reduce-4x,welsh,-1.87500000,0.00000000
reduce-4x,welsh,-1.62500000,0.00000000
reduce-4x,welsh,-1.37500000,0.00000000
reduce-4x,welsh,-1.12500000,0.00000000
reduce-4x,welsh,-0.87500000,0.04360485
reduce-4x,welsh,-0.62500000,0.11337233
reduce-4x,welsh,-0.37500000,0.15988350
reduce-4x,welsh,-0.12500000,0.18313932
reduce-4x,welsh,0.12500000,0.18313932
reduce-4x,welsh,0.37500000,0.15988350
reduce-4x,welsh,0.62500000,0.11337233
reduce-4x,welsh,0.87500000,0.04360485
reduce-4x,welsh,1.12500000,0.00000000
reduce-4x,welsh,1.37500000,0.00000000
reduce-4x,welsh,1.62500000,0.00000000
reduce-4x,welsh,1.87500000,0.00000000
reduce-4x,welsh,2.12500000,0.00000000
reduce-4x,welsh,2.37500000,0.00000000
reduce-4x,welsh,2.62500000,0.00000000
reduce-4x,welsh,2.87500000,0.00000000
reduce-4x,welsh,3.12500000,0.00000000
reduce-4x,welsh,3.37500000,0.00000000
reduce-4x,bicubic,-4.37500000,0.00000000
reduce-4x,bicubic,-4.12500000,0.00000000
reduce-4x,bicubic,-3.87500000,0.00000000
reduce-4x,bicubic,-3.62500000,0.00000000
reduce-4x,bicubic,-3.37500000,0.00000000
reduce-4x,bicubic,-3.12500000,0.00000000
reduce-4x,bicubic,-2.87500000,0.00000000
reduce-4x,bicubic,-2.62500000,0.00000000
reduce-4x,bicubic,-2.37500000,0.00000000
reduce-4x,bicubic,-2.12500000,0.00000000
reduce-4x,bicubic,-1.87500000,-0.00341797
reduce-4x,bicubic,-1.62500000,-0.02197266
reduce-4x,bicubic,-1.37500000,-0.03662109
reduce-4x,bicubic,-1.12500000,-0.02392578
reduce-4x,bicubic,-0.87500000,0.03466797
reduce-4x,bicubic,-0.62500000,0.11572266
reduce-4x,bicubic,-0.37500000,0.19287109
reduce-4x,bicubic,-0.12500000,0.24267578
reduce-4x,bicubic,0.12500000,0.24267578
reduce-4x,bicubic,0.37500000,0.19287109
reduce-4x,bicubic,0.62500000,0.11572266
reduce-4x,bicubic,0.87500000,0.03466797
reduce-4x,bicubic,1.12500000,-0.02392578
reduce-4x,bicubic,1.37500000,-0.03662109
reduce-4x,bicubic,1.62500000,-0.02197266
reduce-4x,bicubic,1.87500000,-0.00341797
reduce-4x,bicubic,2.12500000,0.00000000
reduce-4x,bicubic,2.37500000,0.00000000
reduce-4x,bicubic,2.62500000,0.00000000
reduce-4x,bicubic,2.87500000,0.00000000
reduce-4x,bicubic,3.12500000,0.00000000
reduce-4x,bicubic,3.37500000,0.00000000
reduce-4x,lanczos2,-4.37500000,0.00000000
reduce-4x,lanczos2,-4.12500000,0.00000000
reduce-4x,lanczos2,-3.87500000,0.00000000
reduce-4x,lanczos2,-3.62500000,0.00000000
reduce-4x,lanczos2,-3.37500000,0.00000000
reduce-4x,lanczos2,-3.12500000,0.00000000
reduce-4x,lanczos2,-2.87500000,0.00000000
reduce-4x,lanczos2,-2.62500000,0.00000000
reduce-4x,lanczos2,-2.37500000,0.00000000
reduce-4x,lanczos2,-2.12500000,0.00000000
reduce-4x,lanczos2,-1.87500000,-0.00106549
reduce-4x,lanczos2,-1.62500000,-0.00975180
reduce-4x,lanczos2,-1.37500000,-0.02038407
reduce-4x,lanczos2,-1.12500000,-0.01487780
reduce-4x,lanczos2,-0.87500000,0.02459383
reduce-4x,lanczos2,-0.62500000,0.09865856
reduce-4x,lanczos2,-0.37500000,0.18311548
reduce-4x,lanczos2,-0.12500000,0.23971128
reduce-4x,lanczos2,0.12500000,0.23971128
reduce-4x,lanczos2,0.37500000,0.18311548
reduce-4x,lanczos2,0.62500000,0.09865856
reduce-4x,lanczos2,0.87500000,0.02459383
reduce-4x,lanczos2,1.12500000,-0.01487780
reduce-4x,lanczos2,1.37500000,-0.02038407
reduce-4x,lanczos2,1.62500000,-0.00975180
reduce-4x,lanczos2,1.87500000,-0.00106549
reduce-4x,lanczos2,2.12500000,0.00000000
reduce-4x,lanczos2,2.37500000,0.00000000
reduce-4x,lanczos2,2.62500000,0.00000000
reduce-4x,lanczos2,2.87500000,0.00000000
reduce-4x,lanczos2,3.12500000,0.00000000
reduce-4x,lanczos2,3.37500000,0.00000000
reduce-4x,lanczos3,-4.37500000,0.00000000
reduce-4x,lanczos3,-4.12500000,0.00000000
reduce-4x,lanczos3,-3.87500000,0.00000000
reduce-4x,lanczos3,-3.62500000,0.00000000
reduce-4x,lanczos3,-3.37500000,0.00000000
reduce-4x,lanczos3,-3.12500000,0.00000000
reduce-4x,lanczos3,-2.87500000,0.00046062
reduce-4x,lanczos3,-2.62500000,0.00391054
reduce-4x,lanczos3,-2.37500000,0.00759935
reduce-4x,lanczos3,-2.12500000,0.00512409
reduce-4x,lanczos3,-1.87500000,-0.00766468
reduce-4x,lanczos3,-1.62500000,-0.02643752
reduce-4x,lanczos3,-1.37500000,-0.03692508
reduce-4x,lanczos3,-1.12500000,-0.02129102
reduce-4x,lanczos3,-0.87500000,0.03022289
reduce-4x,lanczos3,-0.62500000,0.10973549
reduce-4x,lanczos3,-0.37500000,0.19161797
reduce-4x,lanczos3,-0.12500000,0.24364710
reduce-4x,lanczos3,0.12500000,0.24364710
reduce-4x,lanczos3,0.37500000,0.19161797
reduce-4x,lanczos3,0.62500000,0.10973549
reduce-4x,lanczos3,0.87500000,0.03022289
reduce-4x,lanczos3,1.12500000,-0.02129102
reduce-4x,lanczos3,1.37500000,-0.03692508
reduce-4x,lanczos3,1.62500000,-0.02643752
reduce-4x,lanczos3,1.87500000,-0.00766468
reduce-4x,lanczos3,2.12500000,0.00512409
reduce-4x,lanczos3,2.37500000,0.00759935
reduce-4x,lanczos3,2.62500000,0.00391054
reduce-4x,lanczos3,2.87500000,0.00046062
reduce-4x,lanczos3,3.12500000,0.00000000
reduce-4x,lanczos3,3.37500000,0.00000000
reduce-4x,lanczos4,-4.37500000,0.00000000
reduce-4x,lanczos4,-4.12500000,0.00000000
reduce-4x,lanczos4,-3.87500000,-0.00025225
reduce-4x,lanczos4,-3.62500000,-0.00206041
reduce-4x,lanczos4,-3.37500000,-0.00386024
reduce-4x,lanczos4,-3.12500000,-0.00250983
reduce-4x,lanczos4,-2.87500000,0.00361347
reduce-4x,lanczos4,-2.62500000,0.01193810
reduce-4x,lanczos4,-2.37500000,0.01582432
reduce-4x,lanczos4,-2.12500000,0.00851488
reduce-4x,lanczos4,-1.87500000,-0.01093674
reduce-4x,lanczos4,-1.62500000,-0.03380203
reduce-4x,lanczos4,-1.37500000,-0.04350996
reduce-4x,lanczos4,-1.12500000,-0.02359772
reduce-4x,lanczos4,-0.87500000,0.03201342
reduce-4x,lanczos4,-0.62500000,0.11256170
reduce-4x,lanczos4,-0.37500000,0.19254208
reduce-4x,lanczos4,-0.12500000,0.24236536
reduce-4x,lanczos4,0.12500000,0.24236536
reduce-4x,lanczos4,0.37500000,0.19254208
reduce-4x,lanczos4,0.62500000,0.11256170
reduce-4x,lanczos4,0.87500000,0.03201342
reduce-4x,lanczos4,1.12500000,-0.02359772
reduce-4x,lanczos4,1.37500000,-0.04350996
reduce-4x,lanczos4,1.62500000,-0.03380203
reduce-4x,lanczos4,1.87500000,-0.01093674
reduce-4x,lanczos4,2.12500000,0.00851488
reduce-4x,lanczos4,2.37500000,0.01582432
reduce-4x,lanczos4,2.62500000,0.01193810
reduce-4x,lanczos4,2.87500000,0.00361347
reduce-4x,lanczos4,3.12500000,-0.00250983
reduce-4x,lanczos4,3.37500000,-0.00386024
