method,frequency_cycles_per_output_pixel,contrast_gain,region
nearest,0.00781250,0.99999994,passband
gaussian,0.00781250,0.99974537,passband
hanning,0.00781250,0.99982946,passband
hamming,0.00781250,0.99977351,passband
bilinear,0.00781250,0.99979289,passband
welsh,0.00781250,0.99975180,passband
bicubic,0.00781250,1.00016105,passband
lanczos2,0.00781250,0.99999994,passband
lanczos3,0.00781250,1.00000005,passband
lanczos4,0.00781250,0.99999994,passband
nearest,0.02343750,0.99999994,passband
gaussian,0.02343750,0.99771063,passband
hanning,0.02343750,0.99846611,passband
hamming,0.02343750,0.99796341,passband
bilinear,0.02343750,0.99813779,passband
welsh,0.02343750,0.99776784,passband
bicubic,0.02343750,1.00143799,passband
lanczos2,0.02343750,0.99999436,passband
lanczos3,0.02343750,1.00000605,passband
lanczos4,0.02343750,0.99999278,passband
nearest,0.03906250,0.99999994,passband
gaussian,0.03906250,0.99365136,passband
hanning,0.03906250,0.99574469,passband
hamming,0.03906250,0.99435247,passband
bilinear,0.03906250,0.99483400,passband
welsh,0.03906250,0.99380825,passband
bicubic,0.03906250,1.00393256,passband
lanczos2,0.03906250,0.99995653,passband
lanczos3,0.03906250,1.00004599,passband
lanczos4,0.03906250,0.99994673,passband
nearest,0.05468750,0.99999994,passband
gaussian,0.05468750,0.98758833,passband
hanning,0.05468750,0.99167531,passband
hamming,0.05468750,0.98895926,passband
bilinear,0.05468750,0.98989492,passband
welsh,0.05468750,0.98789041,passband
bicubic,0.05468750,1.00752695,passband
lanczos2,0.05468750,0.99983357,passband
lanczos3,0.05468750,1.00017158,passband
lanczos4,0.05468750,0.99980680,passband
nearest,0.07031250,0.99999994,passband
gaussian,0.07031250,0.97955229,passband
hanning,0.07031250,0.98627366,passband
hamming,0.07031250,0.98181136,passband
bilinear,0.07031250,0.98334035,passband
welsh,0.07031250,0.98003951,passband
bicubic,0.07031250,1.01204825,passband
lanczos2,0.07031250,0.99954834,passband
lanczos3,0.07031250,1.00045112,passband
lanczos4,0.07031250,0.99951177,passband
nearest,0.08593750,0.99999994,passband
gaussian,0.08593750,0.96958393,passband
hanning,0.08593750,0.97955998,passband
hamming,0.08593750,0.97294514,passband
bilinear,0.08593750,0.97519620,passband
welsh,0.08593750,0.97028926,passband
bicubic,0.08593750,1.01727288,passband
lanczos2,0.08593750,0.99900053,passband
lanczos3,0.08593750,1.00095804,passband
lanczos4,0.08593750,0.99901486,passband
nearest,0.10156250,0.99999994,passband
gaussian,0.10156250,0.95773371,passband
hanning,0.10156250,0.97155956,passband
hamming,0.10156250,0.96240569,passband
bilinear,0.10156250,0.96549526,passband
welsh,0.10156250,0.95868159,passband
bicubic,0.10156250,1.02293162,passband
lanczos2,0.10156250,0.99806962,passband
lanczos3,0.10156250,1.00175873,passband
lanczos4,0.10156250,0.99830501,passband
nearest,0.11718750,0.99999994,passband
gaussian,0.11718750,0.94406117,passband
hanning,0.11718750,0.96230243,passband
hamming,0.11718750,0.95024643,passband
bilinear,0.11718750,0.95427598,passband
welsh,0.11718750,0.94526615,passband
bicubic,0.11718750,1.02871649,passband
lanczos2,0.11718750,0.99661818,passband
lanczos3,0.11718750,1.00289733,passband
lanczos4,0.11718750,0.99742350,passband
nearest,0.13281250,0.99999994,passband
gaussian,0.13281250,0.92863489,passband
hanning,0.13281250,0.95182314,passband
hamming,0.13281250,0.93652868,passband
bilinear,0.13281250,0.94158272,passband
welsh,0.13281250,0.93009981,passband
bicubic,0.13281250,1.03428819,passband
lanczos2,0.13281250,0.99449472,passband
lanczos3,0.13281250,1.00438195,passband
lanczos4,0.13281250,0.99647267,passband
nearest,0.14843750,0.99999994,passband
gaussian,0.14843750,0.91153181,passband
hanning,0.14843750,0.94016048,passband
hamming,0.14843750,0.92132094,passband
bilinear,0.14843750,0.92746585,passband
welsh,0.14843750,0.91324719,passband
bicubic,0.14843750,1.03928491,passband
lanczos2,0.14843750,0.99153791,passband
lanczos3,0.14843750,1.00617087,passband
lanczos4,0.14843750,0.99561319,passband
nearest,0.16406250,0.99999994,passband
gaussian,0.16406250,0.89283673,passband
hanning,0.16406250,0.92735721,passband
hamming,0.16406250,0.90469917,passband
bilinear,0.16406250,0.91198057,passband
welsh,0.16406250,0.89477960,passband
bicubic,0.16406250,1.04333048,passband
lanczos2,0.16406250,0.98758095,passband
lanczos3,0.16406250,1.00816136,passband
lanczos4,0.16406250,0.99504821,passband
nearest,0.17968750,0.99999994,passband
gaussian,0.17968750,0.87264181,passband
hanning,0.17968750,0.91346034,passband
hamming,0.17968750,0.88674535,passband
bilinear,0.17968750,0.89518768,passband
welsh,0.17968750,0.87477475,passband
bicubic,0.17968750,1.04604453,passband
lanczos2,0.17968750,0.98245516,passband
lanczos3,0.17968750,1.01018135,passband
lanczos4,0.17968750,0.99499353,passband
nearest,0.19531250,0.99999994,passband
gaussian,0.19531250,0.85104581,passband
hanning,0.19531250,0.89852013,passband
hamming,0.19531250,0.86754752,passband
bilinear,0.19531250,0.87715257,passband
welsh,0.19531250,0.85331663,passband
bicubic,0.19531250,1.04705131,passband
lanczos2,0.19531250,0.97599468,passband
lanczos3,0.19531250,1.01198566,passband
lanczos4,0.19531250,0.99563806,passband
nearest,0.21093750,0.99999994,passband
gaussian,0.21093750,0.82815344,passband
hanning,0.21093750,0.88258988,passband
hamming,0.21093750,0.84719870,passband
bilinear,0.21093750,0.85794499,passband
welsh,0.21093750,0.83049454,passband
bicubic,0.21093750,1.04598900,passband
lanczos2,0.21093750,0.96804136,passband
lanczos3,0.21093750,1.01325586,passband
lanczos4,0.21093750,0.99709613,passband
nearest,0.22656250,0.99999994,passband
gaussian,0.22656250,0.80407484,passband
hanning,0.22656250,0.86572614,passband
hamming,0.22656250,0.82579669,passband
bilinear,0.22656250,0.83763890,passband
welsh,0.22656250,0.80640313,passband
bicubic,0.22656250,1.04251926,passband
lanczos2,0.22656250,0.95844799,passband
lanczos3,0.22656250,1.01360621,passband
lanczos4,0.22656250,0.99935899,passband
nearest,0.24218750,0.99999994,passband
gaussian,0.24218750,0.77892460,passband
hanning,0.24218750,0.84798801,passband
hamming,0.24218750,0.80344300,passband
bilinear,0.24218750,0.81631170,passband
welsh,0.24218750,0.78114152,passband
bicubic,0.24218750,1.03633516,passband
lanczos2,0.24218750,0.94708310,passband
lanczos3,0.24218750,1.01259363,passband
lanczos4,0.24218750,1.00225027,passband
nearest,0.25781250,0.99999994,passband
gaussian,0.25781250,0.75282100,passband
hanning,0.25781250,0.82943665,passband
hamming,0.25781250,0.78024222,passband
bilinear,0.25781250,0.79404426,passband
welsh,0.25781250,0.75481297,passband
bicubic,0.25781250,1.02716906,passband
lanczos2,0.25781250,0.93383402,passband
lanczos3,0.25781250,1.00973291,passband
lanczos4,0.25781250,1.00539284,passband
nearest,0.27343750,0.99999994,passband
gaussian,0.27343750,0.72588548,passband
hanning,0.27343750,0.81013540,passband
hamming,0.27343750,0.75630144,passband
bilinear,0.27343750,0.77092033,passband
welsh,0.27343750,0.72752415,passband
bicubic,0.27343750,1.01479981,passband
lanczos2,0.27343750,0.91861069,passband
lanczos3,0.27343750,1.00451513,passband
lanczos4,0.27343750,1.00819266,passband
nearest,0.28906250,0.99999994,passband
gaussian,0.28906250,0.69824157,passband
hanning,0.28906250,0.79014878,passband
hamming,0.28906250,0.73172924,passband
bilinear,0.28906250,0.74702576,passband
welsh,0.28906250,0.69938465,passband
bicubic,0.28906250,0.99905796,passband
lanczos2,0.28906250,0.90134818,passband
lanczos3,0.28906250,0.99643042,passband
lanczos4,0.28906250,1.00984249,passband
nearest,0.30468750,0.99999994,passband
gaussian,0.30468750,0.67001409,passband
hanning,0.30468750,0.76954282,passband
hamming,0.30468750,0.70663522,passband
bilinear,0.30468750,0.72244867,passband
welsh,0.30468750,0.67050642,passband
bicubic,0.30468750,0.97983078,passband
lanczos2,0.30468750,0.88200910,passband
lanczos3,0.30468750,0.98499113,passband
lanczos4,0.30468750,1.00935106,passband
nearest,0.32031250,0.99999994,passband
gaussian,0.32031250,0.64132852,passband
hanning,0.32031250,0.74838426,passband
hamming,0.32031250,0.68112884,passband
bilinear,0.32031250,0.69727857,passband
welsh,0.32031250,0.64100309,passband
bicubic,0.32031250,0.95706526,passband
lanczos2,0.32031250,0.86058507,passband
lanczos3,0.32031250,0.96975757,passband
lanczos4,0.32031250,1.00559378,passband
nearest,0.33593750,0.99999994,passband
gaussian,0.33593750,0.61231010,passband
hanning,0.33593750,0.72674011,passband
hamming,0.33593750,0.65531906,passband
bilinear,0.33593750,0.67160597,passband
welsh,0.33593750,0.61098964,passband
bicubic,0.33593750,0.93077048,passband
lanczos2,0.33593750,0.83709795,passband
lanczos3,0.33593750,0.95036170,passband
lanczos4,0.33593750,0.99738462,passband
nearest,0.35156250,0.99999994,passband
gaussian,0.35156250,0.58308300,passband
hanning,0.35156250,0.70467771,passband
hamming,0.35156250,0.62931346,passband
bilinear,0.35156250,0.64552224,passband
welsh,0.35156250,0.58058121,passband
bicubic,0.35156250,0.90101765,passband
lanczos2,0.35156250,0.81160052,passband
lanczos3,0.35156250,0.92652903,passband
lanczos4,0.35156250,0.98356383,passband
nearest,0.36718750,0.99999994,passband
gaussian,0.36718750,0.55376960,passband
hanning,0.36718750,0.68226396,passband
hamming,0.36718750,0.60321729,passband
bilinear,0.36718750,0.61911855,passband
welsh,0.36718750,0.54989320,passband
bicubic,0.36718750,0.86793932,passband
lanczos2,0.36718750,0.78417578,passband
lanczos3,0.36718750,0.89809866,passband
lanczos4,0.36718750,0.96309279,passband
nearest,0.38281250,0.99999994,passband
gaussian,0.38281250,0.52448966,passband
hanning,0.38281250,0.65956530,passband
hamming,0.38281250,0.57713287,passband
bilinear,0.38281250,0.59248596,passband
welsh,0.38281250,0.51904013,passband
bicubic,0.38281250,0.83172770,passband
lanczos2,0.38281250,0.75493646,passband
lanczos3,0.38281250,0.86503693,passband
lanczos4,0.38281250,0.93514964,passband
nearest,0.39843750,0.99999994,passband
gaussian,0.39843750,0.49535971,passband
hanning,0.39843750,0.63664717,passband
hamming,0.39843750,0.55115918,passband
bilinear,0.39843750,0.56571486,passband
welsh,0.39843750,0.48813532,passband
bicubic,0.39843750,0.79263044,passband
lanczos2,0.39843750,0.72402354,passband
lanczos3,0.39843750,0.82744748,passband
lanczos4,0.39843750,0.89921545,passband
nearest,0.41406250,0.99999994,passband
gaussian,0.41406250,0.46649228,passband
hanning,0.41406250,0.61357361,passband
hamming,0.41406250,0.52539071,passband
bilinear,0.41406250,0.53889419,passband
welsh,0.41406250,0.45729041,passband
bicubic,0.41406250,0.75094647,passband
lanczos2,0.41406250,0.69160386,passband
lanczos3,0.41406250,0.78557448,passband
lanczos4,0.41406250,0.85514196,passband
nearest,0.42968750,0.99999994,passband
gaussian,0.42968750,0.43799519,passband
hanning,0.42968750,0.59040744,passband
hamming,0.42968750,0.49991715,passband
bilinear,0.42968750,0.51211150,passband
welsh,0.42968750,0.42661440,passband
bicubic,0.42968750,0.70701997,passband
lanczos2,0.42968750,0.65786810,passband
lanczos3,0.42968750,0.73979994,passband
lanczos4,0.42968750,0.80319497,passband
nearest,0.44531250,0.99999994,passband
gaussian,0.44531250,0.40997106,passband
hanning,0.44531250,0.56720944,passband
hamming,0.44531250,0.47482271,passband
bilinear,0.44531250,0.48545230,passband
welsh,0.44531250,0.39621362,passband
bicubic,0.44531250,0.66123374,passband
lanczos2,0.44531250,0.62302720,passband
lanczos3,0.44531250,0.69063512,passband
lanczos4,0.44531250,0.74406726,passband
nearest,0.46093750,0.99999994,passband
gaussian,0.46093750,0.38251668,passband
hanning,0.46093750,0.54403832,passband
hamming,0.46093750,0.45018561,passband
bilinear,0.46093750,0.45899957,passband
welsh,0.46093750,0.36619076,passband
bicubic,0.46093750,0.61400182,passband
lanczos2,0.46093750,0.58730938,passband
lanczos3,0.46093750,0.63870530,passband
lanczos4,0.46093750,0.67885945,passband
nearest,0.47656250,0.99999994,passband
gaussian,0.47656250,0.35572254,passband
hanning,0.47656250,0.52095064,passband
hamming,0.47656250,0.42607748,passband
bilinear,0.47656250,0.43283370,passband
welsh,0.47656250,0.33664479,passband
bicubic,0.47656250,0.56576143,passband
lanczos2,0.47656250,0.55095609,passband
lanczos3,0.47656250,0.58473026,passband
lanczos4,0.47656250,0.60902807,passband
nearest,0.49218750,0.99999994,passband
gaussian,0.49218750,0.32967231,passband
hanning,0.49218750,0.49800031,passband
hamming,0.49218750,0.40256304,passband
bilinear,0.49218750,0.40703166,passband
welsh,0.49218750,0.30767012,passband
bicubic,0.49218750,0.51696423,passband
lanczos2,0.49218750,0.51421805,passband
lanczos3,0.49218750,0.52949966,passband
lanczos4,0.49218750,0.53630616,passband
nearest,0.50781250,0.99999994,alias
gaussian,0.50781250,0.30444241,alias
hanning,0.50781250,0.47523854,alias
hamming,0.50781250,0.37969977,alias
bilinear,0.50781250,0.38166716,alias
welsh,0.50781250,0.27935656,alias
bicubic,0.50781250,0.46806852,alias
lanczos2,0.50781250,0.47735131,alias
lanczos3,0.50781250,0.47384595,alias
lanczos4,0.50781250,0.46260102,alias
nearest,0.52343750,0.99999994,alias
gaussian,0.52343750,0.28010179,alias
hanning,0.52343750,0.45271379,alias
hamming,0.52343750,0.35753748,alias
bilinear,0.52343750,0.35681006,alias
welsh,0.52343750,0.25178854,alias
bicubic,0.52343750,0.41952968,alias
lanczos2,0.52343750,0.44061282,alias
lanczos3,0.52343750,0.41861477,alias
lanczos4,0.52343750,0.38987832,alias
nearest,0.53906250,0.99999994,alias
gaussian,0.53906250,0.25671153,alias
hanning,0.53906250,0.43047145,alias
hamming,0.53906250,0.33611825,alias
bilinear,0.53906250,0.33252615,alias
welsh,0.53906250,0.22504502,alias
bicubic,0.53906250,0.37179260,alias
lanczos2,0.53906250,0.40425645,alias
lanczos3,0.53906250,0.36463549,alias
lanczos4,0.53906250,0.32004159,alias
nearest,0.55468750,0.99999994,alias
gaussian,0.55468750,0.23432460,alias
hanning,0.55468750,0.40855395,alias
hamming,0.55468750,0.31547612,alias
bilinear,0.55468750,0.30887692,alias
welsh,0.55468750,0.19919910,alias
bicubic,0.55468750,0.32528313,alias
lanczos2,0.55468750,0.36852878,alias
lanczos3,0.55468750,0.31269234,alias
lanczos4,0.55468750,0.25481766,alias
nearest,0.57031250,0.99999994,alias
gaussian,0.57031250,0.21298587,alias
hanning,0.57031250,0.38700050,alias
hamming,0.57031250,0.29563725,alias
bilinear,0.57031250,0.28591929,alias
welsh,0.57031250,0.17431769,alias
bicubic,0.57031250,0.28040101,alias
lanczos2,0.57031250,0.33366540,alias
lanczos3,0.57031250,0.26349822,alias
lanczos4,0.57031250,0.19565629,alias
nearest,0.58593750,0.99999994,alias
gaussian,0.58593750,0.19273178,alias
hanning,0.58593750,0.36584716,alias
hamming,0.58593750,0.27661983,alias
bilinear,0.58593750,0.26370543,alias
welsh,0.58593750,0.15046133,alias
bicubic,0.58593750,0.23751306,alias
lanczos2,0.58593750,0.29988731,alias
lanczos3,0.58593750,0.21767118,alias
lanczos4,0.58593750,0.14365299,alias
nearest,0.60156250,0.99999994,alias
gaussian,0.60156250,0.17359036,alias
hanning,0.60156250,0.34512687,alias
hamming,0.60156250,0.25843447,alias
bilinear,0.60156250,0.24228266,alias
welsh,0.60156250,0.12768393,alias
bicubic,0.60156250,0.19694720,alias
lanczos2,0.60156250,0.26739770,alias
lanczos3,0.60156250,0.17571632,alias
lanczos4,0.60156250,0.09949984,alias
nearest,0.61718750,0.99999994,alias
gaussian,0.61718750,0.15558131,alias
hanning,0.61718750,0.32486923,alias
hamming,0.61718750,0.24108411,alias
bilinear,0.61718750,0.22169313,alias
welsh,0.61718750,0.10603271,alias
bicubic,0.61718750,0.15898772,alias
lanczos2,0.61718750,0.23637905,alias
lanczos3,0.61718750,0.13801221,alias
lanczos4,0.61718750,0.06346758,alias
nearest,0.63281250,0.99999994,alias
gaussian,0.63281250,0.13871599,alias
hanning,0.63281250,0.30510088,alias
hamming,0.63281250,0.22456494,alias
bilinear,0.63281250,0.20197402,alias
welsh,0.63281250,0.08554793,alias
bicubic,0.63281250,0.12387134,alias
lanczos2,0.63281250,0.20699089,alias
lanczos3,0.63281250,0.10480348,alias
lanczos4,0.63281250,0.03541911,alias
nearest,0.64843750,0.99999994,alias
gaussian,0.64843750,0.12299754,alias
hanning,0.64843750,0.28584535,alias
hamming,0.64843750,0.20886660,alias
bilinear,0.64843750,0.18315718,alias
welsh,0.64843750,0.06626302,alias
bicubic,0.64843750,0.09178448,alias
lanczos2,0.64843750,0.17936798,alias
lanczos3,0.64843750,0.07619866,alias
lanczos4,0.64843750,0.01485173,alias
nearest,0.66406250,0.99999994,alias
gaussian,0.66406250,0.10842106,alias
hanning,0.66406250,0.26712320,alias
hamming,0.66406250,0.19397282,alias
bilinear,0.66406250,0.16526923,alias
welsh,0.66406250,0.04820438,alias
bicubic,0.66406250,0.06286159,alias
lanczos2,0.66406250,0.15361884,alias
lanczos3,0.66406250,0.05217430,alias
lanczos4,0.66406250,0.00096295,alias
nearest,0.67968750,0.99999994,alias
gaussian,0.67968750,0.09497378,alias
hanning,0.67968750,0.24895208,alias
hamming,0.67968750,0.17986236,alias
bilinear,0.67968750,0.14833145,alias
welsh,0.67968750,0.03139144,alias
bicubic,0.67968750,0.03718467,alias
lanczos2,0.67968750,0.12982487,alias
lanczos3,0.67968750,0.03258399,alias
lanczos4,0.67968750,0.00726697,alias
nearest,0.69531250,0.99999994,alias
gaussian,0.69531250,0.08263532,alias
hanning,0.69531250,0.23134700,alias
hamming,0.69531250,0.16650986,alias
bilinear,0.69531250,0.13236003,alias
welsh,0.69531250,0.01583679,alias
bicubic,0.69531250,0.01478387,alias
lanczos2,0.69531250,0.10804030,alias
lanczos3,0.69531250,0.01717219,alias
lanczos4,0.69531250,0.01098377,alias
nearest,0.71093750,0.99999994,alias
gaussian,0.71093750,0.07137795,alias
hanning,0.71093750,0.21432027,alias
hamming,0.71093750,0.15388668,alias
bilinear,0.71093750,0.11736587,alias
welsh,0.71093750,0.00154617,alias
bicubic,0.71093750,0.00436078,alias
lanczos2,0.71093750,0.08829218,alias
lanczos3,0.71093750,0.00559164,alias
lanczos4,0.71093750,0.01136731,alias
nearest,0.72656250,0.99999994,alias
gaussian,0.72656250,0.06116702,alias
hanning,0.72656250,0.19788192,alias
hamming,0.72656250,0.14196202,alias
bilinear,0.72656250,0.10335479,alias
welsh,0.72656250,0.01148125,alias
bicubic,0.72656250,0.02031687,alias
lanczos2,0.72656250,0.07058129,alias
lanczos3,0.72656250,0.00257632,alias
lanczos4,0.72656250,0.00954727,alias
nearest,0.74218750,0.99999994,alias
gaussian,0.74218750,0.05196122,alias
hanning,0.74218750,0.18203959,alias
hamming,0.74218750,0.13070403,alias
bilinear,0.74218750,0.09032758,alias
welsh,0.74218750,0.02325292,alias
bicubic,0.74218750,0.03319613,alias
lanczos2,0.74218750,0.05488305,alias
lanczos3,0.74218750,0.00780000,alias
lanczos4,0.74218750,0.00653215,alias
nearest,0.75781250,0.99999994,alias
gaussian,0.75781250,0.04371311,alias
hanning,0.75781250,0.16679896,alias
hamming,0.75781250,0.12008077,alias
bilinear,0.75781250,0.07828020,alias
welsh,0.75781250,0.03378247,alias
bicubic,0.75781250,0.04314994,alias
lanczos2,0.75781250,0.04114956,alias
lanczos3,0.75781250,0.01057500,alias
lanczos4,0.75781250,0.00315717,alias
nearest,0.77343750,0.99999994,alias
gaussian,0.77343750,0.03636982,alias
hanning,0.77343750,0.15216379,alias
hamming,0.77343750,0.11006146,alias
bilinear,0.77343750,0.06720397,alias
welsh,0.77343750,0.04308960,alias
bicubic,0.77343750,0.05036457,alias
lanczos2,0.77343750,0.02931113,alias
lanczos3,0.77343750,0.01140243,alias
lanczos4,0.77343750,0.00005287,alias
nearest,0.78906250,0.99999994,alias
gaussian,0.78906250,0.02987386,alias
hanning,0.78906250,0.13813620,alias
hamming,0.78906250,0.10061740,alias
bilinear,0.78906250,0.05708565,alias
welsh,0.78906250,0.05119972,alias
bicubic,0.78906250,0.05505578,alias
lanczos2,0.78906250,0.01927890,alias
lanczos3,0.78906250,0.01076896,alias
lanczos4,0.78906250,0.00236464,alias
nearest,0.80468750,0.99999994,alias
gaussian,0.80468750,0.02416448,alias
hanning,0.80468750,0.12471681,alias
hamming,0.80468750,0.09172305,alias
bilinear,0.80468750,0.04790770,alias
welsh,0.80468750,0.05814372,alias
bicubic,0.80468750,0.05746300,alias
lanczos2,0.80468750,0.01094720,alias
lanczos3,0.80468750,0.00912906,alias
lanczos4,0.80468750,0.00388352,alias
nearest,0.82031250,0.99999994,alias
gaussian,0.82031250,0.01918002,alias
hanning,0.82031250,0.11190502,alias
hamming,0.82031250,0.08335702,alias
bilinear,0.82031250,0.03964860,alias
welsh,0.82031250,0.06395760,alias
bicubic,0.82031250,0.05784332,alias
lanczos2,0.82031250,0.00419641,alias
lanczos3,0.82031250,0.00689058,alias
lanczos4,0.82031250,0.00446995,alias
nearest,0.83593750,0.99999994,alias
gaussian,0.83593750,0.01486215,alias
hanning,0.83593750,0.09969924,alias
hamming,0.83593750,0.07550293,alias
bilinear,0.83593750,0.03228296,alias
welsh,0.83593750,0.06868206,alias
bicubic,0.83593750,0.05646547,alias
lanczos2,0.83593750,0.00110419,alias
lanczos3,0.83593750,0.00440371,alias
lanczos4,0.83593750,0.00422968,alias
nearest,0.85156250,0.99999994,alias
gaussian,0.85156250,0.01116507,alias
hanning,0.85156250,0.08809716,alias
hamming,0.85156250,0.06815047,alias
bilinear,0.85156250,0.02578192,alias
welsh,0.85156250,0.07236215,alias
bicubic,0.85156250,0.05360387,alias
lanczos2,0.85156250,0.00509358,alias
lanczos3,0.85156250,0.00195410,alias
lanczos4,0.85156250,0.00336320,alias
nearest,0.86718750,0.99999994,alias
gaussian,0.86718750,0.00807737,alias
hanning,0.86718750,0.07709603,alias
hamming,0.86718750,0.06129609,alias
bilinear,0.86718750,0.02011334,alias
welsh,0.86718750,0.07504697,alias
bicubic,0.86718750,0.04953290,alias
lanczos2,0.86718750,0.00791602,alias
lanczos3,0.86718750,0.00024047,alias
lanczos4,0.86718750,0.00211950,alias
nearest,0.88281250,0.99999994,alias
gaussian,0.88281250,0.00568112,alias
hanning,0.88281250,0.06669326,alias
hamming,0.88281250,0.05494419,alias
bilinear,0.88281250,0.01524212,alias
welsh,0.88281250,0.07678904,alias
bicubic,0.88281250,0.04452142,alias
lanczos2,0.88281250,0.00971812,alias
lanczos3,0.88281250,0.00202957,alias
lanczos4,0.88281250,0.00075367,alias
nearest,0.89843750,0.99999994,alias
gaussian,0.89843750,0.00427430,alias
hanning,0.89843750,0.05688702,alias
hamming,0.89843750,0.04910788,alias
bilinear,0.89843750,0.01113061,alias
welsh,0.89843750,0.07764401,alias
bicubic,0.89843750,0.03882777,alias
lanczos2,0.89843750,0.01064625,alias
lanczos3,0.89843750,0.00332643,alias
lanczos4,0.89843750,0.00050838,alias
nearest,0.91406250,0.99999994,alias
gaussian,0.91406250,0.00423985,alias
hanning,0.91406250,0.04767755,alias
hamming,0.91406250,0.04380987,alias
bilinear,0.91406250,0.00773881,alias
welsh,0.91406250,0.07767023,alias
bicubic,0.91406250,0.03269553,alias
lanczos2,0.91406250,0.01084391,alias
lanczos3,0.91406250,0.00410135,alias
lanczos4,0.91406250,0.00149498,alias
nearest,0.92968750,0.99999994,alias
gaussian,0.92968750,0.00527296,alias
hanning,0.92968750,0.03906948,alias
hamming,0.92968750,0.03908251,alias
bilinear,0.92968750,0.00502469,alias
welsh,0.92968750,0.07692823,alias
bicubic,0.92968750,0.02634946,alias
lanczos2,0.92968750,0.01044946,alias
lanczos3,0.92968750,0.00437298,alias
lanczos4,0.92968750,0.00210260,alias
nearest,0.94531250,0.99999994,alias
gaussian,0.94531250,0.00673256,alias
hanning,0.94531250,0.03107708,alias
hamming,0.94531250,0.03496669,alias
bilinear,0.94531250,0.00294460,alias
welsh,0.94531250,0.07548028,alias
bicubic,0.94531250,0.01999254,alias
lanczos2,0.94531250,0.00959394,alias
lanczos3,0.94531250,0.00419831,alias
lanczos4,0.94531250,0.00229870,alias
nearest,0.96093750,0.99999994,alias
gaussian,0.96093750,0.00829937,alias
hanning,0.96093750,0.02373719,alias
hamming,0.96093750,0.03150718,alias
bilinear,0.96093750,0.00145357,alias
welsh,0.96093750,0.07338995,alias
bicubic,0.96093750,0.01380343,alias
lanczos2,0.96093750,0.00839940,alias
lanczos3,0.96093750,0.00366173,alias
lanczos4,0.96093750,0.00211481,alias
nearest,0.97656250,0.99999994,alias
gaussian,0.97656250,0.00986044,alias
hanning,0.97656250,0.01714609,alias
hamming,0.97656250,0.02874340,alias
bilinear,0.97656250,0.00050566,alias
welsh,0.97656250,0.07072166,alias
bicubic,0.97656250,0.00793477,alias
lanczos2,0.97656250,0.00697742,alias
lanczos3,0.97656250,0.00286414,alias
lanczos4,0.97656250,0.00163253,alias
nearest,0.99218750,0.99999994,alias
gaussian,0.99218750,0.01137261,alias
hanning,0.99218750,0.01158535,alias
hamming,0.99218750,0.02669418,alias
bilinear,0.99218750,0.00005424,alias
welsh,0.99218750,0.06754024,alias
bicubic,0.99218750,0.00251220,alias
lanczos2,0.99218750,0.00542794,alias
lanczos3,0.99218750,0.00191263,alias
lanczos4,0.99218750,0.00096471,alias
nearest,1.00781250,0.99999994,alias
gaussian,1.00781250,0.01281387,alias
hanning,1.00781250,0.00794896,alias
hamming,1.00781250,0.02534062,alias
bilinear,1.00781250,0.00005226,alias
welsh,1.00781250,0.06391050,alias
bicubic,1.00781250,0.00236592,alias
lanczos2,1.00781250,0.00383845,alias
lanczos3,1.00781250,0.00091145,alias
lanczos4,1.00781250,0.00023535,alias
nearest,1.02343750,0.99999994,alias
gaussian,1.02343750,0.01416782,alias
hanning,1.02343750,0.00787718,alias
hamming,1.02343750,0.02461531,alias
bilinear,1.02343750,0.00045278,alias
welsh,1.02343750,0.05989669,alias
bicubic,1.02343750,0.00662817,alias
lanczos2,1.02343750,0.00228353,alias
lanczos3,1.02343750,0.00004583,alias
lanczos4,1.02343750,0.00043927,alias
nearest,1.03906250,0.99999994,alias
gaussian,1.03906250,0.01541903,alias
hanning,1.03906250,0.01067824,alias
hamming,1.03906250,0.02440681,alias
bilinear,1.03906250,0.00120907,alias
welsh,1.03906250,0.05556230,alias
bicubic,1.03906250,0.01022906,alias
lanczos2,1.03906250,0.00082465,alias
lanczos3,1.03906250,0.00088193,alias
lanczos4,1.03906250,0.00096589,alias
nearest,1.05468750,0.99999994,alias
gaussian,1.05468750,0.01655184,alias
hanning,1.05468750,0.01429299,alias
hamming,1.05468750,0.02457872,alias
bilinear,1.05468750,0.00227493,alias
welsh,1.05468750,0.05096949,alias
bicubic,1.05468750,0.01314748,alias
lanczos2,1.05468750,0.00048963,alias
lanczos3,1.05468750,0.00153976,alias
lanczos4,1.05468750,0.00128433,alias
nearest,1.07031250,0.99999994,alias
gaussian,1.07031250,0.01755067,alias
hanning,1.07031250,0.01788586,alias
hamming,1.07031250,0.02499316,alias
bilinear,1.07031250,0.00360508,alias
welsh,1.07031250,0.04617878,alias
bicubic,1.07031250,0.01538470,alias
lanczos2,1.07031250,0.00162328,alias
lanczos3,1.07031250,0.00198423,alias
lanczos4,1.07031250,0.00137193,alias
nearest,1.08593750,0.99999994,alias
gaussian,1.08593750,0.01840072,alias
hanning,1.08593750,0.02120657,alias
hamming,1.08593750,0.02552830,alias
bilinear,1.08593750,0.00515537,alias
welsh,1.08593750,0.04124867,alias
bicubic,1.08593750,0.01696200,alias
lanczos2,1.08593750,0.00255223,alias
lanczos3,1.08593750,0.00220223,alias
lanczos4,1.08593750,0.00124229,alias
nearest,1.10156250,0.99999994,alias
gaussian,1.10156250,0.01908860,alias
hanning,1.10156250,0.02417198,alias
hamming,1.10156250,0.02608654,alias
bilinear,1.10156250,0.00688302,alias
welsh,1.10156250,0.03623534,alias
bicubic,1.10156250,0.01791788,alias
lanczos2,1.10156250,0.00326333,alias
lanczos3,1.10156250,0.00220099,alias
lanczos4,1.10156250,0.00093888,alias
nearest,1.11718750,0.99999994,alias
gaussian,1.11718750,0.01960306,alias
hanning,1.11718750,0.02675371,alias
hamming,1.11718750,0.02659530,alias
bilinear,1.11718750,0.00874677,alias
welsh,1.11718750,0.03119238,alias
bicubic,1.11718750,0.01830519,alias
lanczos2,1.11718750,0.00375343,alias
lanczos3,1.11718750,0.00200502,alias
lanczos4,1.11718750,0.00052561,alias
nearest,1.13281250,0.99999994,alias
gaussian,1.13281250,0.01993557,alias
hanning,1.13281250,0.02894499,alias
hamming,1.13281250,0.02700443,alias
bilinear,1.13281250,0.01070733,alias
welsh,1.13281250,0.02617041,alias
bicubic,1.13281250,0.01818808,alias
lanczos2,1.13281250,0.00402811,alias
lanczos3,1.13281250,0.00165229,alias
lanczos4,1.13281250,0.00007542,alias
nearest,1.14843750,0.99999994,alias
gaussian,1.14843750,0.02008073,alias
hanning,1.14843750,0.03074916,alias
hamming,1.14843750,0.02728236,alias
bilinear,1.14843750,0.01272733,alias
welsh,1.14843750,0.02121685,alias
bicubic,1.14843750,0.01763896,alias
lanczos2,1.14843750,0.00410049,alias
lanczos3,1.14843750,0.00118953,alias
lanczos4,1.14843750,0.00034108,alias
nearest,1.16406250,0.99999994,alias
gaussian,1.16406250,0.02003662,alias
hanning,1.16406250,0.03217490,alias
hamming,1.16406250,0.02741267,alias
bilinear,1.16406250,0.01477166,alias
welsh,1.16406250,0.01637586,alias
bicubic,1.16406250,0.01673533,alias
lanczos2,1.16406250,0.00398973,alias
lanczos3,1.16406250,0.00066765,alias
lanczos4,1.16406250,0.00066547,alias
nearest,1.17968750,0.99999994,alias
gaussian,1.17968750,0.01980510,alias
hanning,1.17968750,0.03323426,alias
hamming,1.17968750,0.02739120,alias
bilinear,1.17968750,0.01680752,alias
welsh,1.17968750,0.01168791,alias
bicubic,1.17968750,0.01555704,alias
lanczos2,1.17968750,0.00371974,alias
lanczos3,1.17968750,0.00013727,alias
lanczos4,1.17968750,0.00085865,alias
nearest,1.19531250,0.99999994,alias
gaussian,1.19531250,0.01939196,alias
hanning,1.19531250,0.03394148,alias
hamming,1.19531250,0.02722382,alias
bilinear,1.19531250,0.01880456,alias
welsh,1.19531250,0.00718987,alias
bicubic,1.19531250,0.01418349,alias
lanczos2,1.19531250,0.00331792,alias
lanczos3,1.19531250,0.00035544,alias
lanczos4,1.19531250,0.00090448,alias
nearest,1.21093750,0.99999994,alias
gaussian,1.21093750,0.01880730,alias
hanning,1.21093750,0.03431247,alias
hamming,1.21093750,0.02692474,alias
bilinear,1.21093750,0.02073512,alias
welsh,1.21093750,0.00291463,alias
bicubic,1.21093750,0.01269121,alias
lanczos2,1.21093750,0.00281363,alias
lanczos3,1.21093750,0.00077196,alias
lanczos4,1.21093750,0.00080988,alias
nearest,1.22656250,0.99999994,alias
gaussian,1.22656250,0.01806570,alias
hanning,1.22656250,0.03436450,alias
hamming,1.22656250,0.02651518,alias
bilinear,1.22656250,0.02257413,alias
welsh,1.22656250,0.00110877,alias
bicubic,1.22656250,0.01115169,alias
lanczos2,1.22656250,0.00223707,alias
lanczos3,1.22656250,0.00108374,alias
lanczos4,1.22656250,0.00060162,alias
nearest,1.24218750,0.99999994,alias
gaussian,1.24218750,0.01718668,alias
hanning,1.24218750,0.03411606,alias
hamming,1.24218750,0.02602223,alias
bilinear,1.24218750,0.02429923,alias
welsh,1.24218750,0.00485531,alias
bicubic,1.24218750,0.00962957,alias
lanczos2,1.24218750,0.00161817,alias
lanczos3,1.24218750,0.00127362,alias
lanczos4,1.24218750,0.00032078,alias
nearest,1.25781250,0.99999994,alias
gaussian,1.25781250,0.01619528,alias
hanning,1.25781250,0.03358670,alias
hamming,1.25781250,0.02547765,alias
bilinear,1.25781250,0.02589090,alias
welsh,1.25781250,0.00830397,alias
bicubic,1.25781250,0.00818117,alias
lanczos2,1.25781250,0.00098552,alias
lanczos3,1.25781250,0.00133608,alias
lanczos4,1.25781250,0.00001531,alias
nearest,1.27343750,0.99999994,alias
gaussian,1.27343750,0.01512298,alias
hanning,1.27343750,0.03279692,alias
hamming,1.27343750,0.02491643,alias
bilinear,1.27343750,0.02733242,alias
welsh,1.27343750,0.01143778,alias
bicubic,1.27343750,0.00685361,alias
lanczos2,1.27343750,0.00036555,alias
lanczos3,1.27343750,0.00127677,alias
lanczos4,1.27343750,0.00026731,alias
nearest,1.28906250,0.99999994,alias
gaussian,1.28906250,0.01400895,alias
hanning,1.28906250,0.03176824,alias
hamming,1.28906250,0.02437523,alias
bilinear,1.28906250,0.02860976,alias
welsh,1.28906250,0.01424371,alias
bicubic,1.28906250,0.00568380,alias
lanczos2,1.28906250,0.00021824,alias
lanczos3,1.28906250,0.00111089,alias
lanczos4,1.28906250,0.00048694,alias
nearest,1.30468750,0.99999994,alias
gaussian,1.30468750,0.01290167,alias
hanning,1.30468750,0.03052315,alias
hamming,1.30468750,0.02389012,alias
bilinear,1.30468750,0.02971172,alias
welsh,1.30468750,0.01671265,alias
bicubic,1.30468750,0.00469838,alias
lanczos2,1.30468750,0.00074581,alias
lanczos3,1.30468750,0.00086129,alias
lanczos4,1.30468750,0.00061596,alias
nearest,1.32031250,0.99999994,alias
gaussian,1.32031250,0.01186053,alias
hanning,1.32031250,0.02908517,alias
hamming,1.32031250,0.02349386,alias
bilinear,1.32031250,0.03062976,alias
welsh,1.32031250,0.01883933,alias
bicubic,1.32031250,0.00391366,alias
lanczos2,1.32031250,0.00120095,alias
lanczos3,1.32031250,0.00055589,alias
lanczos4,1.32031250,0.00064230,alias
nearest,1.33593750,0.99999994,alias
gaussian,1.33593750,0.01095591,alias
hanning,1.33593750,0.02747893,alias
hamming,1.33593750,0.02321312,alias
bilinear,1.33593750,0.03135802,alias
welsh,1.33593750,0.02062213,alias
bicubic,1.33593750,0.00333606,alias
lanczos2,1.33593750,0.00157153,alias
lanczos3,1.33593750,0.00022509,alias
lanczos4,1.33593750,0.00056989,alias
nearest,1.35156250,0.99999994,alias
gaussian,1.35156250,0.01026464,alias
hanning,1.35156250,0.02573044,alias
hamming,1.35156250,0.02306569,alias
bilinear,1.35156250,0.03189316,alias
welsh,1.35156250,0.02206299,alias
bicubic,1.35156250,0.00296260,alias
lanczos2,1.35156250,0.00184961,alias
lanczos3,1.35156250,0.00010100,alias
lanczos4,1.35156250,0.00041690,alias
nearest,1.36718750,0.99999994,alias
gaussian,1.36718750,0.00985720,alias
hanning,1.36718750,0.02386740,alias
hamming,1.36718750,0.02305843,alias
bilinear,1.36718750,0.03223424,alias
welsh,1.36718750,0.02316720,alias
bicubic,1.36718750,0.00278198,alias
lanczos2,1.36718750,0.00203132,alias
lanczos3,1.36718750,0.00039495,alias
lanczos4,1.36718750,0.00021194,alias
nearest,1.38281250,0.99999994,alias
gaussian,1.38281250,0.00977677,alias
hanning,1.38281250,0.02191986,alias
hamming,1.38281250,0.02318658,alias
bilinear,1.38281250,0.03238271,alias
welsh,1.38281250,0.02394323,alias
bicubic,1.38281250,0.00277554,alias
lanczos2,1.38281250,0.00211673,alias
lanczos3,1.38281250,0.00063401,alias
lanczos4,1.38281250,0.00001074,alias
nearest,1.39843750,0.99999994,alias
gaussian,1.39843750,0.01002110,alias
hanning,1.39843750,0.01992112,alias
hamming,1.39843750,0.02343447,alias
bilinear,1.39843750,0.03234216,alias
welsh,1.39843750,0.02440250,alias
bicubic,1.39843750,0.00291865,alias
lanczos2,1.39843750,0.00210946,alias
lanczos3,1.39843750,0.00080164,alias
lanczos4,1.39843750,0.00021674,alias
nearest,1.41406250,0.99999994,alias
gaussian,1.41406250,0.01054219,alias
hanning,1.41406250,0.01790941,alias
hamming,1.41406250,0.02377756,alias
bilinear,1.41406250,0.03211822,alias
welsh,1.41406250,0.02455914,alias
bicubic,1.41406250,0.00318200,alias
lanczos2,1.41406250,0.00201635,alias
lanczos3,1.41406250,0.00088842,alias
lanczos4,1.41406250,0.00037643,alias
nearest,1.42968750,0.99999994,alias
gaussian,1.42968750,0.01126479,alias
hanning,1.42968750,0.01593060,alias
hamming,1.42968750,0.02418536,alias
bilinear,1.42968750,0.03171835,alias
welsh,1.42968750,0.02442974,alias
bicubic,1.42968750,0.00353297,alias
lanczos2,1.42968750,0.00184698,alias
lanczos3,1.42968750,0.00089234,alias
lanczos4,1.42968750,0.00046906,alias
nearest,1.44531250,0.99999994,alias
gaussian,1.44531250,0.01210829,alias
hanning,1.44531250,0.01404214,alias
hamming,1.44531250,0.02462431,alias
bilinear,1.44531250,0.03115177,alias
welsh,1.44531250,0.02403306,alias
bicubic,1.44531250,0.00393717,alias
lanczos2,1.44531250,0.00161307,alias
lanczos3,1.44531250,0.00081842,alias
lanczos4,1.44531250,0.00048508,alias
nearest,1.46093750,0.99999994,alias
gaussian,1.46093750,0.01300049,alias
hanning,1.46093750,0.01231894,alias
hamming,1.46093750,0.02506036,alias
bilinear,1.46093750,0.03042913,alias
welsh,1.46093750,0.02338985,alias
bicubic,1.46093750,0.00435981,alias
lanczos2,1.46093750,0.00132795,alias
lanczos3,1.46093750,0.00067785,alias
lanczos4,1.46093750,0.00042686,alias
nearest,1.47656250,0.99999994,alias
gaussian,1.47656250,0.01388229,alias
hanning,1.47656250,0.01085908,alias
hamming,1.47656250,0.02546118,alias
bilinear,1.47656250,0.02956246,alias
welsh,1.47656250,0.02252245,alias
bicubic,1.47656250,0.00476694,alias
lanczos2,1.47656250,0.00100603,alias
lanczos3,1.47656250,0.00048670,alias
lanczos4,1.47656250,0.00030758,alias
nearest,1.49218750,0.99999994,alias
gaussian,1.49218750,0.01470727,alias
hanning,1.49218750,0.00978227,alias
hamming,1.49218750,0.02579754,alias
bilinear,1.49218750,0.02856487,alias
welsh,1.49218750,0.02145452,alias
bicubic,1.49218750,0.00512673,alias
lanczos2,1.49218750,0.00066214,alias
lanczos3,1.49218750,0.00026430,alias
lanczos4,1.49218750,0.00014868,alias
nearest,1.50781250,0.99999994,alias
gaussian,1.50781250,0.01543972,alias
hanning,1.50781250,0.00920476,alias
hamming,1.50781250,0.02604423,alias
bilinear,1.50781250,0.02745043,alias
welsh,1.50781250,0.02021088,alias
bicubic,1.50781250,0.00541056,alias
lanczos2,1.50781250,0.00031103,alias
lanczos3,1.50781250,0.00003142,alias
lanczos4,1.50781250,0.00002380,alias
nearest,1.52343750,0.99999994,alias
gaussian,1.52343750,0.01605270,alias
hanning,1.52343750,0.00918372,alias
hamming,1.52343750,0.02618068,alias
bilinear,1.52343750,0.02623392,alias
welsh,1.52343750,0.01881698,alias
bicubic,1.52343750,0.00559383,alias
lanczos2,1.52343750,0.00003323,alias
lanczos3,1.52343750,0.00019148,alias
lanczos4,1.52343750,0.00018334,alias
nearest,1.53906250,0.99999994,alias
gaussian,1.53906250,0.01652635,alias
hanning,1.53906250,0.00967235,alias
hamming,1.53906250,0.02619123,alias
bilinear,1.53906250,0.02493062,alias
welsh,1.53906250,0.01729885,alias
bicubic,1.53906250,0.00565677,alias
lanczos2,1.53906250,0.00035756,alias
lanczos3,1.53906250,0.00038591,alias
lanczos4,1.53906250,0.00030673,alias
nearest,1.55468750,0.99999994,alias
gaussian,1.55468750,0.01684677,alias
hanning,1.55468750,0.01054245,alias
hamming,1.55468750,0.02606529,alias
bilinear,1.55468750,0.02355623,alias
welsh,1.55468750,0.01568261,alias
bicubic,1.55468750,0.00558491,alias
lanczos2,1.55468750,0.00065040,alias
lanczos3,1.55468750,0.00053678,alias
lanczos4,1.55468750,0.00037734,alias
nearest,1.57031250,0.99999994,alias
gaussian,1.57031250,0.01700530,alias
hanning,1.57031250,0.01164848,alias
hamming,1.57031250,0.02579743,alias
bilinear,1.57031250,0.02212646,alias
welsh,1.57031250,0.01399432,alias
bicubic,1.57031250,0.00536939,alias
lanczos2,1.57031250,0.00090200,alias
lanczos3,1.57031250,0.00063337,alias
lanczos4,1.57031250,0.00038729,alias
nearest,1.58593750,0.99999994,alias
gaussian,1.58593750,0.01699793,alias
hanning,1.58593750,0.01286956,alias
hamming,1.58593750,0.02538748,alias
bilinear,1.58593750,0.02065709,alias
welsh,1.58593750,0.01225967,alias
bicubic,1.58593750,0.00500717,alias
lanczos2,1.58593750,0.00110466,alias
lanczos3,1.58593750,0.00067017,alias
lanczos4,1.58593750,0.00033804,alias
nearest,1.60156250,0.99999994,alias
gaussian,1.60156250,0.01682512,alias
hanning,1.60156250,0.01411797,alias
hamming,1.60156250,0.02484059,alias
bilinear,1.60156250,0.01916356,alias
welsh,1.60156250,0.01050368,alias
bicubic,1.60156250,0.00450088,alias
lanczos2,1.60156250,0.00125286,alias
lanczos3,1.60156250,0.00064685,alias
lanczos4,1.60156250,0.00023977,alias
nearest,1.61718750,0.99999994,alias
gaussian,1.61718750,0.01649155,alias
hanning,1.61718750,0.01533272,alias
hamming,1.61718750,0.02416741,alias
bilinear,1.61718750,0.01766097,alias
welsh,1.61718750,0.00875053,alias
bicubic,1.61718750,0.00385857,alias
lanczos2,1.61718750,0.00134346,alias
lanczos3,1.61718750,0.00056817,alias
lanczos4,1.61718750,0.00010947,alias
nearest,1.63281250,0.99999994,alias
gaussian,1.63281250,0.01600624,alias
hanning,1.63281250,0.01647156,alias
hamming,1.63281250,0.02338435,alias
bilinear,1.63281250,0.01616384,alias
welsh,1.63281250,0.00702321,alias
bicubic,1.63281250,0.00309341,alias
lanczos2,1.63281250,0.00137549,alias
lanczos3,1.63281250,0.00044331,alias
lanczos4,1.63281250,0.00003190,alias
nearest,1.64843750,0.99999994,alias
gaussian,1.64843750,0.01538260,alias
hanning,1.64843750,0.01750478,alias
hamming,1.64843750,0.02251382,alias
bilinear,1.64843750,0.01468592,alias
welsh,1.64843750,0.00534344,alias
bicubic,1.64843750,0.00222302,alias
lanczos2,1.64843750,0.00135027,alias
lanczos3,1.64843750,0.00028493,alias
lanczos4,1.64843750,0.00016259,alias
nearest,1.66406250,0.99999994,alias
gaussian,1.66406250,0.01463894,alias
hanning,1.66406250,0.01841130,alias
hamming,1.66406250,0.02158459,alias
bilinear,1.66406250,0.01324016,alias
welsh,1.66406250,0.00373139,alias
bicubic,1.66406250,0.00126888,alias
lanczos2,1.66406250,0.00127124,alias
lanczos3,1.66406250,0.00010794,alias
lanczos4,1.66406250,0.00026339,alias
nearest,1.67968750,0.99999994,alias
gaussian,1.67968750,0.01379899,alias
hanning,1.67968750,0.01917609,alias
hamming,1.67968750,0.02063213,alias
bilinear,1.67968750,0.01183851,alias
welsh,1.67968750,0.00220550,alias
bicubic,1.67968750,0.00025552,alias
lanczos2,1.67968750,0.00114360,alias
lanczos3,1.67968750,0.00007174,alias
lanczos4,1.67968750,0.00032029,alias
nearest,1.69531250,0.99999994,alias
gaussian,1.69531250,0.01289297,alias
hanning,1.69531250,0.01978871,alias
hamming,1.69531250,0.01969849,alias
bilinear,1.69531250,0.01049175,alias
welsh,1.69531250,0.00078234,alias
bicubic,1.69531250,0.00079031,alias
lanczos2,1.69531250,0.00097419,alias
lanczos3,1.69531250,0.00023861,alias
lanczos4,1.69531250,0.00032634,alias
nearest,1.71093750,0.99999994,alias
gaussian,1.71093750,0.01195891,alias
hanning,1.71093750,0.02024235,alias
hamming,1.71093750,0.01883168,alias
bilinear,1.71093750,0.00920954,alias
welsh,1.71093750,0.00052351,alias
bicubic,1.71093750,0.00184043,alias
lanczos2,1.71093750,0.00077116,alias
lanczos3,1.71093750,0.00037883,alias
lanczos4,1.71093750,0.00028243,alias
nearest,1.72656250,0.99999994,alias
gaussian,1.72656250,0.01104440,alias
hanning,1.72656250,0.02053316,alias
hamming,1.72656250,0.01808356,alias
bilinear,1.72656250,0.00800022,alias
welsh,1.72656250,0.00169957,alias
bicubic,1.72656250,0.00286623,alias
lanczos2,1.72656250,0.00054357,alias
lanczos3,1.72656250,0.00048127,alias
lanczos4,1.72656250,0.00019688,alias
nearest,1.74218750,0.99999994,alias
gaussian,1.74218750,0.01020770,alias
hanning,1.74218750,0.02065992,alias
hamming,1.74218750,0.01750587,alias
bilinear,1.74218750,0.00687077,alias
welsh,1.74218750,0.00273558,alias
bicubic,1.74218750,0.00383950,alias
lanczos2,1.74218750,0.00030111,alias
lanczos3,1.74218750,0.00053832,alias
lanczos4,1.74218750,0.00008393,alias
nearest,1.75781250,0.99999994,alias
gaussian,1.75781250,0.00951668,alias
hanning,1.75781250,0.02062378,alias
hamming,1.75781250,0.01714393,alias
bilinear,1.75781250,0.00582678,alias
welsh,1.75781250,0.00362352,alias
bicubic,1.75781250,0.00473329,alias
lanczos2,1.75781250,0.00005371,alias
lanczos3,1.75781250,0.00054652,alias
lanczos4,1.75781250,0.00003854,alias
nearest,1.77343750,0.99999994,alias
gaussian,1.77343750,0.00904195,alias
hanning,1.77343750,0.02042809,alias
hamming,1.77343750,0.01702906,alias
bilinear,1.77343750,0.00487242,alias
welsh,1.77343750,0.00435770,alias
bicubic,1.77343750,0.00552261,alias
lanczos2,1.77343750,0.00018888,alias
lanczos3,1.77343750,0.00050653,alias
lanczos4,1.77343750,0.00015173,alias
nearest,1.78906250,0.99999994,alias
gaussian,1.78906250,0.00884155,alias
hanning,1.78906250,0.02007835,alias
hamming,1.78906250,0.01717208,alias
bilinear,1.78906250,0.00401040,alias
welsh,1.78906250,0.00493471,alias
bicubic,1.78906250,0.00618530,alias
lanczos2,1.78906250,0.00041730,alias
lanczos3,1.78906250,0.00042313,alias
lanczos4,1.78906250,0.00023875,alias
nearest,1.80468750,0.99999994,alias
gaussian,1.80468750,0.00894098,alias
hanning,1.80468750,0.01958223,alias
hamming,1.80468750,0.01756080,alias
bilinear,1.80468750,0.00324198,alias
welsh,1.80468750,0.00535344,alias
bicubic,1.80468750,0.00670252,alias
lanczos2,1.80468750,0.00062303,alias
lanczos3,1.80468750,0.00030459,alias
lanczos4,1.80468750,0.00028712,alias
nearest,1.82031250,0.99999994,alias
gaussian,1.82031250,0.00932209,alias
hanning,1.82031250,0.01894959,alias
hamming,1.82031250,0.01816274,alias
bilinear,1.82031250,0.00256701,alias
welsh,1.82031250,0.00561503,alias
bicubic,1.82031250,0.00705931,alias
lanczos2,1.82031250,0.00079858,alias
lanczos3,1.82031250,0.00016195,alias
lanczos4,1.82031250,0.00029038,alias
nearest,1.83593750,0.99999994,alias
gaussian,1.83593750,0.00993068,alias
hanning,1.83593750,0.01819276,alias
hamming,1.83593750,0.01893169,alias
bilinear,1.83593750,0.00198391,alias
welsh,1.83593750,0.00572286,alias
bicubic,1.83593750,0.00724498,alias
lanczos2,1.83593750,0.00093780,alias
lanczos3,1.83593750,0.00000803,alias
lanczos4,1.83593750,0.00024904,alias
nearest,1.85156250,0.99999994,alias
gaussian,1.85156250,0.01069615,alias
hanning,1.85156250,0.01732668,alias
hamming,1.85156250,0.01981515,alias
bilinear,1.85156250,0.00148978,alias
welsh,1.85156250,0.00568239,alias
bicubic,1.85156250,0.00725341,alias
lanczos2,1.85156250,0.00103596,alias
lanczos3,1.85156250,0.00014367,alias
lanczos4,1.85156250,0.00017024,alias
nearest,1.86718750,0.99999994,alias
gaussian,1.86718750,0.01154868,alias
hanning,1.86718750,0.01636953,alias
hamming,1.86718750,0.02076046,alias
bilinear,1.86718750,0.00108040,alias
welsh,1.86718750,0.00550108,alias
bicubic,1.86718750,0.00708317,alias
lanczos2,1.86718750,0.00109003,alias
lanczos3,1.86718750,0.00028008,alias
lanczos4,1.86718750,0.00006664,alias
nearest,1.88281250,0.99999994,alias
gaussian,1.88281250,0.01242784,alias
hanning,1.88281250,0.01534332,alias
hamming,1.88281250,0.02171867,alias
bilinear,1.88281250,0.00075037,alias
welsh,1.88281250,0.00518833,alias
bicubic,1.88281250,0.00673755,alias
lanczos2,1.88281250,0.00109862,alias
lanczos3,1.88281250,0.00038968,alias
lanczos4,1.88281250,0.00004563,alias
nearest,1.89843750,0.99999994,alias
gaussian,1.89843750,0.01328453,alias
hanning,1.89843750,0.01427503,alias
hamming,1.89843750,0.02264648,alias
bilinear,1.89843750,0.00049316,alias
welsh,1.89843750,0.00475524,alias
bicubic,1.89843750,0.00622446,alias
lanczos2,1.89843750,0.00106208,alias
lanczos3,1.89843750,0.00046337,alias
lanczos4,1.89843750,0.00014933,alias
nearest,1.91406250,0.99999994,alias
gaussian,1.91406250,0.01407993,alias
hanning,1.91406250,0.01319807,alias
hamming,1.91406250,0.02350675,alias
bilinear,1.91406250,0.00030122,alias
welsh,1.91406250,0.00421452,alias
bicubic,1.91406250,0.00555620,alias
lanczos2,1.91406250,0.00098243,alias
lanczos3,1.91406250,0.00049526,alias
lanczos4,1.91406250,0.00022880,alias
nearest,1.92968750,0.99999994,alias
gaussian,1.92968750,0.01478372,alias
hanning,1.92968750,0.01215407,alias
hamming,1.92968750,0.02426859,alias
bilinear,1.92968750,0.00016611,alias
welsh,1.92968750,0.00358023,alias
bicubic,1.92968750,0.00474911,alias
lanczos2,1.92968750,0.00086331,alias
lanczos3,1.92968750,0.00048301,alias
lanczos4,1.92968750,0.00027221,alias
nearest,1.94531250,0.99999994,alias
gaussian,1.94531250,0.01537251,alias
hanning,1.94531250,0.01119469,alias
hamming,1.94531250,0.02490699,alias
bilinear,1.94531250,0.00007859,alias
welsh,1.94531250,0.00286771,alias
bicubic,1.94531250,0.00382320,alias
lanczos2,1.94531250,0.00070971,alias
lanczos3,1.94531250,0.00042812,alias
lanczos4,1.94531250,0.00027324,alias
nearest,1.96093750,0.99999994,alias
gaussian,1.96093750,0.01582870,alias
hanning,1.96093750,0.01038204,alias
hamming,1.96093750,0.02540243,alias
bilinear,1.96093750,0.00002875,alias
welsh,1.96093750,0.00209328,alias
bicubic,1.96093750,0.00280148,alias
lanczos2,1.96093750,0.00052796,alias
lanczos3,1.96093750,0.00033566,alias
lanczos4,1.96093750,0.00023206,alias
nearest,1.97656250,0.99999994,alias
gaussian,1.97656250,0.01613963,alias
hanning,1.97656250,0.00978471,alias
hamming,1.97656250,0.02574056,alias
bilinear,1.97656250,0.00000622,alias
welsh,1.97656250,0.00127404,alias
bicubic,1.97656250,0.00170950,alias
lanczos2,1.97656250,0.00032533,alias
lanczos3,1.97656250,0.00021386,alias
lanczos4,1.97656250,0.00015520,alias
nearest,1.99218750,0.99999994,alias
gaussian,1.99218750,0.01629710,alias
hanning,1.99218750,0.00946622,alias
hamming,1.99218750,0.02591195,alias
bilinear,1.99218750,0.00000023,alias
welsh,1.99218750,0.00042770,alias
bicubic,1.99218750,0.00057464,alias
lanczos2,1.99218750,0.00010989,alias
lanczos3,1.99218750,0.00007343,alias
lanczos4,1.99218750,0.00005451,alias
