revision,platform,input,colors,colorspace,label,encoded_bytes,bytes_vs_gamma,command
42db6380105fccc11b8eb90253fa615c8984be8a,macOS-26.5.1-arm64-arm-64bit-Mach-O,images/snake.png,8,gamma,gamma sRGB,37306,1.0,{img2sixel} --threads=1 --precision=float32 --quality=full '--loaders=builtin!' --sampling-policy=full-frame --binning-policy=hard --quantize-model=kmeans:seed=1 -F none -a off -Xgamma -Wgamma --diffusion=none --gpu-policy=off --lookup-policy=none --palette-type=rgb -p 8 {input}
42db6380105fccc11b8eb90253fa615c8984be8a,macOS-26.5.1-arm64-arm-64bit-Mach-O,images/snake.png,8,linear,linear RGB,37065,0.9935399131506997,{img2sixel} --threads=1 --precision=float32 --quality=full '--loaders=builtin!' --sampling-policy=full-frame --binning-policy=hard --quantize-model=kmeans:seed=1 -F none -a off -Xlinear -Wgamma --diffusion=none --gpu-policy=off --lookup-policy=none --palette-type=rgb -p 8 {input}
42db6380105fccc11b8eb90253fa615c8984be8a,macOS-26.5.1-arm64-arm-64bit-Mach-O,images/snake.png,8,oklab,OKLab,41407,1.1099286977966012,{img2sixel} --threads=1 --precision=float32 --quality=full '--loaders=builtin!' --sampling-policy=full-frame --binning-policy=hard --quantize-model=kmeans:seed=1 -F none -a off -Xoklab -Wgamma --diffusion=none --gpu-policy=off --lookup-policy=none --palette-type=rgb -p 8 {input}
42db6380105fccc11b8eb90253fa615c8984be8a,macOS-26.5.1-arm64-arm-64bit-Mach-O,images/snake.png,8,cielab,CIELAB,36116,0.9681016458478529,{img2sixel} --threads=1 --precision=float32 --quality=full '--loaders=builtin!' --sampling-policy=full-frame --binning-policy=hard --quantize-model=kmeans:seed=1 -F none -a off -Xcielab -Wgamma --diffusion=none --gpu-policy=off --lookup-policy=none --palette-type=rgb -p 8 {input}
42db6380105fccc11b8eb90253fa615c8984be8a,macOS-26.5.1-arm64-arm-64bit-Mach-O,images/snake.png,8,din99d,DIN99d,39678,1.063582265587305,{img2sixel} --threads=1 --precision=float32 --quality=full '--loaders=builtin!' --sampling-policy=full-frame --binning-policy=hard --quantize-model=kmeans:seed=1 -F none -a off -Xdin99d -Wgamma --diffusion=none --gpu-policy=off --lookup-policy=none --palette-type=rgb -p 8 {input}
42db6380105fccc11b8eb90253fa615c8984be8a,macOS-26.5.1-arm64-arm-64bit-Mach-O,images/snake.png,16,gamma,gamma sRGB,61408,1.0,{img2sixel} --threads=1 --precision=float32 --quality=full '--loaders=builtin!' --sampling-policy=full-frame --binning-policy=hard --quantize-model=kmeans:seed=1 -F none -a off -Xgamma -Wgamma --diffusion=none --gpu-policy=off --lookup-policy=none --palette-type=rgb -p 16 {input}
42db6380105fccc11b8eb90253fa615c8984be8a,macOS-26.5.1-arm64-arm-64bit-Mach-O,images/snake.png,16,linear,linear RGB,51864,0.8445805106826472,{img2sixel} --threads=1 --precision=float32 --quality=full '--loaders=builtin!' --sampling-policy=full-frame --binning-policy=hard --quantize-model=kmeans:seed=1 -F none -a off -Xlinear -Wgamma --diffusion=none --gpu-policy=off --lookup-policy=none --palette-type=rgb -p 16 {input}
42db6380105fccc11b8eb90253fa615c8984be8a,macOS-26.5.1-arm64-arm-64bit-Mach-O,images/snake.png,16,oklab,OKLab,64022,1.0425677436164669,{img2sixel} --threads=1 --precision=float32 --quality=full '--loaders=builtin!' --sampling-policy=full-frame --binning-policy=hard --quantize-model=kmeans:seed=1 -F none -a off -Xoklab -Wgamma --diffusion=none --gpu-policy=off --lookup-policy=none --palette-type=rgb -p 16 {input}
42db6380105fccc11b8eb90253fa615c8984be8a,macOS-26.5.1-arm64-arm-64bit-Mach-O,images/snake.png,16,cielab,CIELAB,57915,0.9431181605002605,{img2sixel} --threads=1 --precision=float32 --quality=full '--loaders=builtin!' --sampling-policy=full-frame --binning-policy=hard --quantize-model=kmeans:seed=1 -F none -a off -Xcielab -Wgamma --diffusion=none --gpu-policy=off --lookup-policy=none --palette-type=rgb -p 16 {input}
42db6380105fccc11b8eb90253fa615c8984be8a,macOS-26.5.1-arm64-arm-64bit-Mach-O,images/snake.png,16,din99d,DIN99d,63726,1.0377475247524752,{img2sixel} --threads=1 --precision=float32 --quality=full '--loaders=builtin!' --sampling-policy=full-frame --binning-policy=hard --quantize-model=kmeans:seed=1 -F none -a off -Xdin99d -Wgamma --diffusion=none --gpu-policy=off --lookup-policy=none --palette-type=rgb -p 16 {input}
42db6380105fccc11b8eb90253fa615c8984be8a,macOS-26.5.1-arm64-arm-64bit-Mach-O,images/snake.png,32,gamma,gamma sRGB,90439,1.0,{img2sixel} --threads=1 --precision=float32 --quality=full '--loaders=builtin!' --sampling-policy=full-frame --binning-policy=hard --quantize-model=kmeans:seed=1 -F none -a off -Xgamma -Wgamma --diffusion=none --gpu-policy=off --lookup-policy=none --palette-type=rgb -p 32 {input}
42db6380105fccc11b8eb90253fa615c8984be8a,macOS-26.5.1-arm64-arm-64bit-Mach-O,images/snake.png,32,linear,linear RGB,77800,0.860248344187795,{img2sixel} --threads=1 --precision=float32 --quality=full '--loaders=builtin!' --sampling-policy=full-frame --binning-policy=hard --quantize-model=kmeans:seed=1 -F none -a off -Xlinear -Wgamma --diffusion=none --gpu-policy=off --lookup-policy=none --palette-type=rgb -p 32 {input}
42db6380105fccc11b8eb90253fa615c8984be8a,macOS-26.5.1-arm64-arm-64bit-Mach-O,images/snake.png,32,oklab,OKLab,94768,1.0478665177633544,{img2sixel} --threads=1 --precision=float32 --quality=full '--loaders=builtin!' --sampling-policy=full-frame --binning-policy=hard --quantize-model=kmeans:seed=1 -F none -a off -Xoklab -Wgamma --diffusion=none --gpu-policy=off --lookup-policy=none --palette-type=rgb -p 32 {input}
42db6380105fccc11b8eb90253fa615c8984be8a,macOS-26.5.1-arm64-arm-64bit-Mach-O,images/snake.png,32,cielab,CIELAB,85730,0.9479317551056513,{img2sixel} --threads=1 --precision=float32 --quality=full '--loaders=builtin!' --sampling-policy=full-frame --binning-policy=hard --quantize-model=kmeans:seed=1 -F none -a off -Xcielab -Wgamma --diffusion=none --gpu-policy=off --lookup-policy=none --palette-type=rgb -p 32 {input}
42db6380105fccc11b8eb90253fa615c8984be8a,macOS-26.5.1-arm64-arm-64bit-Mach-O,images/snake.png,32,din99d,DIN99d,92187,1.019327944802574,{img2sixel} --threads=1 --precision=float32 --quality=full '--loaders=builtin!' --sampling-policy=full-frame --binning-policy=hard --quantize-model=kmeans:seed=1 -F none -a off -Xdin99d -Wgamma --diffusion=none --gpu-policy=off --lookup-policy=none --palette-type=rgb -p 32 {input}
42db6380105fccc11b8eb90253fa615c8984be8a,macOS-26.5.1-arm64-arm-64bit-Mach-O,images/snake.png,64,gamma,gamma sRGB,123961,1.0,{img2sixel} --threads=1 --precision=float32 --quality=full '--loaders=builtin!' --sampling-policy=full-frame --binning-policy=hard --quantize-model=kmeans:seed=1 -F none -a off -Xgamma -Wgamma --diffusion=none --gpu-policy=off --lookup-policy=none --palette-type=rgb -p 64 {input}
42db6380105fccc11b8eb90253fa615c8984be8a,macOS-26.5.1-arm64-arm-64bit-Mach-O,images/snake.png,64,linear,linear RGB,123775,0.9984995280773792,{img2sixel} --threads=1 --precision=float32 --quality=full '--loaders=builtin!' --sampling-policy=full-frame --binning-policy=hard --quantize-model=kmeans:seed=1 -F none -a off -Xlinear -Wgamma --diffusion=none --gpu-policy=off --lookup-policy=none --palette-type=rgb -p 64 {input}
42db6380105fccc11b8eb90253fa615c8984be8a,macOS-26.5.1-arm64-arm-64bit-Mach-O,images/snake.png,64,oklab,OKLab,133349,1.0757334968256145,{img2sixel} --threads=1 --precision=float32 --quality=full '--loaders=builtin!' --sampling-policy=full-frame --binning-policy=hard --quantize-model=kmeans:seed=1 -F none -a off -Xoklab -Wgamma --diffusion=none --gpu-policy=off --lookup-policy=none --palette-type=rgb -p 64 {input}
42db6380105fccc11b8eb90253fa615c8984be8a,macOS-26.5.1-arm64-arm-64bit-Mach-O,images/snake.png,64,cielab,CIELAB,135072,1.0896330297432257,{img2sixel} --threads=1 --precision=float32 --quality=full '--loaders=builtin!' --sampling-policy=full-frame --binning-policy=hard --quantize-model=kmeans:seed=1 -F none -a off -Xcielab -Wgamma --diffusion=none --gpu-policy=off --lookup-policy=none --palette-type=rgb -p 64 {input}
42db6380105fccc11b8eb90253fa615c8984be8a,macOS-26.5.1-arm64-arm-64bit-Mach-O,images/snake.png,64,din99d,DIN99d,125699,1.0140205387178225,{img2sixel} --threads=1 --precision=float32 --quality=full '--loaders=builtin!' --sampling-policy=full-frame --binning-policy=hard --quantize-model=kmeans:seed=1 -F none -a off -Xdin99d -Wgamma --diffusion=none --gpu-policy=off --lookup-policy=none --palette-type=rgb -p 64 {input}
42db6380105fccc11b8eb90253fa615c8984be8a,macOS-26.5.1-arm64-arm-64bit-Mach-O,images/snake.png,128,gamma,gamma sRGB,175363,1.0,{img2sixel} --threads=1 --precision=float32 --quality=full '--loaders=builtin!' --sampling-policy=full-frame --binning-policy=hard --quantize-model=kmeans:seed=1 -F none -a off -Xgamma -Wgamma --diffusion=none --gpu-policy=off --lookup-policy=none --palette-type=rgb -p 128 {input}
42db6380105fccc11b8eb90253fa615c8984be8a,macOS-26.5.1-arm64-arm-64bit-Mach-O,images/snake.png,128,linear,linear RGB,173727,0.9906707800391189,{img2sixel} --threads=1 --precision=float32 --quality=full '--loaders=builtin!' --sampling-policy=full-frame --binning-policy=hard --quantize-model=kmeans:seed=1 -F none -a off -Xlinear -Wgamma --diffusion=none --gpu-policy=off --lookup-policy=none --palette-type=rgb -p 128 {input}
42db6380105fccc11b8eb90253fa615c8984be8a,macOS-26.5.1-arm64-arm-64bit-Mach-O,images/snake.png,128,oklab,OKLab,185362,1.0570188694308378,{img2sixel} --threads=1 --precision=float32 --quality=full '--loaders=builtin!' --sampling-policy=full-frame --binning-policy=hard --quantize-model=kmeans:seed=1 -F none -a off -Xoklab -Wgamma --diffusion=none --gpu-policy=off --lookup-policy=none --palette-type=rgb -p 128 {input}
42db6380105fccc11b8eb90253fa615c8984be8a,macOS-26.5.1-arm64-arm-64bit-Mach-O,images/snake.png,128,cielab,CIELAB,184402,1.0515445105295873,{img2sixel} --threads=1 --precision=float32 --quality=full '--loaders=builtin!' --sampling-policy=full-frame --binning-policy=hard --quantize-model=kmeans:seed=1 -F none -a off -Xcielab -Wgamma --diffusion=none --gpu-policy=off --lookup-policy=none --palette-type=rgb -p 128 {input}
42db6380105fccc11b8eb90253fa615c8984be8a,macOS-26.5.1-arm64-arm-64bit-Mach-O,images/snake.png,128,din99d,DIN99d,169264,0.9652207136054926,{img2sixel} --threads=1 --precision=float32 --quality=full '--loaders=builtin!' --sampling-policy=full-frame --binning-policy=hard --quantize-model=kmeans:seed=1 -F none -a off -Xdin99d -Wgamma --diffusion=none --gpu-policy=off --lookup-policy=none --palette-type=rgb -p 128 {input}
42db6380105fccc11b8eb90253fa615c8984be8a,macOS-26.5.1-arm64-arm-64bit-Mach-O,images/snake.png,256,gamma,gamma sRGB,255299,1.0,{img2sixel} --threads=1 --precision=float32 --quality=full '--loaders=builtin!' --sampling-policy=full-frame --binning-policy=hard --quantize-model=kmeans:seed=1 -F none -a off -Xgamma -Wgamma --diffusion=none --gpu-policy=off --lookup-policy=none --palette-type=rgb -p 256 {input}
42db6380105fccc11b8eb90253fa615c8984be8a,macOS-26.5.1-arm64-arm-64bit-Mach-O,images/snake.png,256,linear,linear RGB,243032,0.9519504580903176,{img2sixel} --threads=1 --precision=float32 --quality=full '--loaders=builtin!' --sampling-policy=full-frame --binning-policy=hard --quantize-model=kmeans:seed=1 -F none -a off -Xlinear -Wgamma --diffusion=none --gpu-policy=off --lookup-policy=none --palette-type=rgb -p 256 {input}
42db6380105fccc11b8eb90253fa615c8984be8a,macOS-26.5.1-arm64-arm-64bit-Mach-O,images/snake.png,256,oklab,OKLab,259171,1.0151665302253436,{img2sixel} --threads=1 --precision=float32 --quality=full '--loaders=builtin!' --sampling-policy=full-frame --binning-policy=hard --quantize-model=kmeans:seed=1 -F none -a off -Xoklab -Wgamma --diffusion=none --gpu-policy=off --lookup-policy=none --palette-type=rgb -p 256 {input}
42db6380105fccc11b8eb90253fa615c8984be8a,macOS-26.5.1-arm64-arm-64bit-Mach-O,images/snake.png,256,cielab,CIELAB,257330,1.007955377811899,{img2sixel} --threads=1 --precision=float32 --quality=full '--loaders=builtin!' --sampling-policy=full-frame --binning-policy=hard --quantize-model=kmeans:seed=1 -F none -a off -Xcielab -Wgamma --diffusion=none --gpu-policy=off --lookup-policy=none --palette-type=rgb -p 256 {input}
42db6380105fccc11b8eb90253fa615c8984be8a,macOS-26.5.1-arm64-arm-64bit-Mach-O,images/snake.png,256,din99d,DIN99d,246378,0.9650566590546771,{img2sixel} --threads=1 --precision=float32 --quality=full '--loaders=builtin!' --sampling-policy=full-frame --binning-policy=hard --quantize-model=kmeans:seed=1 -F none -a off -Xdin99d -Wgamma --diffusion=none --gpu-policy=off --lookup-policy=none --palette-type=rgb -p 256 {input}
