revision,platform,input,colors,config,sampling_policy,binning_policy,quantize_option,MS-SSIM,Delta E00_mean,command,assessment_command
f2c138d8f6aa0a90c89d019f85eaf9bb3efa5edb,macOS-26.5.1-arm64-arm-64bit-Mach-O,images/snake.png,8,full-frame-hard,full-frame,hard,kmeans:inittype=none:threshold=0.125:binbits=6:mapping=uniform:softdist=trilinear:feedback=0:prune=hamerly:seed=1:restarts=1:iter=20:miniter=0:polish_iter=0:feedback_slots=1:feedback_interval=1:sample_target=16384,0.893544,6.106351,'{img2sixel}' --threads=1 --precision=8bit --quality=full '--loaders=libpng!' --sampling-policy=full-frame --binning-policy=hard --quantize-model=kmeans:inittype=none:threshold=0.125:binbits=6:mapping=uniform:softdist=trilinear:feedback=0:prune=hamerly:seed=1:restarts=1:iter=20:miniter=0:polish_iter=0:feedback_slots=1:feedback_interval=1:sample_target=16384 -Xoklab -Wgamma --diffusion=none --gpu-policy=off --lookup-policy=none -F none -a off -p 8 '{input}','{lsqa}' '{input}' -
f2c138d8f6aa0a90c89d019f85eaf9bb3efa5edb,macOS-26.5.1-arm64-arm-64bit-Mach-O,images/snake.png,8,adaptive-grid-hard,adaptive-grid,hard,kmeans:inittype=none:threshold=0.125:binbits=6:mapping=uniform:softdist=trilinear:feedback=0:prune=hamerly:seed=1:restarts=1:iter=20:miniter=0:polish_iter=0:feedback_slots=1:feedback_interval=1:sample_target=16384,0.911172,6.351918,'{img2sixel}' --threads=1 --precision=8bit --quality=full '--loaders=libpng!' --sampling-policy=adaptive-grid --binning-policy=hard --quantize-model=kmeans:inittype=none:threshold=0.125:binbits=6:mapping=uniform:softdist=trilinear:feedback=0:prune=hamerly:seed=1:restarts=1:iter=20:miniter=0:polish_iter=0:feedback_slots=1:feedback_interval=1:sample_target=16384 -Xoklab -Wgamma --diffusion=none --gpu-policy=off --lookup-policy=none -F none -a off -p 8 '{input}','{lsqa}' '{input}' -
f2c138d8f6aa0a90c89d019f85eaf9bb3efa5edb,macOS-26.5.1-arm64-arm-64bit-Mach-O,images/snake.png,8,full-frame-none,full-frame,none,kmeans:inittype=none:threshold=0.125:binbits=6:mapping=uniform:softdist=trilinear:feedback=0:prune=hamerly:seed=1:restarts=1:iter=20:miniter=0:polish_iter=0:feedback_slots=1:feedback_interval=1:sample_target=16384,0.919752,6.276246,'{img2sixel}' --threads=1 --precision=8bit --quality=full '--loaders=libpng!' --sampling-policy=full-frame --binning-policy=none --quantize-model=kmeans:inittype=none:threshold=0.125:binbits=6:mapping=uniform:softdist=trilinear:feedback=0:prune=hamerly:seed=1:restarts=1:iter=20:miniter=0:polish_iter=0:feedback_slots=1:feedback_interval=1:sample_target=16384 -Xoklab -Wgamma --diffusion=none --gpu-policy=off --lookup-policy=none -F none -a off -p 8 '{input}','{lsqa}' '{input}' -
f2c138d8f6aa0a90c89d019f85eaf9bb3efa5edb,macOS-26.5.1-arm64-arm-64bit-Mach-O,images/snake.png,8,full-frame-exact,full-frame,exact,kmeans:inittype=none:threshold=0.125:binbits=6:mapping=uniform:softdist=trilinear:feedback=0:prune=hamerly:seed=1:restarts=1:iter=20:miniter=0:polish_iter=0:feedback_slots=1:feedback_interval=1:sample_target=16384,0.893264,5.900175,'{img2sixel}' --threads=1 --precision=8bit --quality=full '--loaders=libpng!' --sampling-policy=full-frame --binning-policy=exact --quantize-model=kmeans:inittype=none:threshold=0.125:binbits=6:mapping=uniform:softdist=trilinear:feedback=0:prune=hamerly:seed=1:restarts=1:iter=20:miniter=0:polish_iter=0:feedback_slots=1:feedback_interval=1:sample_target=16384 -Xoklab -Wgamma --diffusion=none --gpu-policy=off --lookup-policy=none -F none -a off -p 8 '{input}','{lsqa}' '{input}' -
f2c138d8f6aa0a90c89d019f85eaf9bb3efa5edb,macOS-26.5.1-arm64-arm-64bit-Mach-O,images/snake.png,8,full-frame-soft,full-frame,soft,kmeans:inittype=none:threshold=0.125:binbits=6:mapping=uniform:softdist=trilinear:feedback=0:prune=hamerly:seed=1:restarts=1:iter=20:miniter=0:polish_iter=0:feedback_slots=1:feedback_interval=1:sample_target=16384,0.919167,5.828507,'{img2sixel}' --threads=1 --precision=8bit --quality=full '--loaders=libpng!' --sampling-policy=full-frame --binning-policy=soft --quantize-model=kmeans:inittype=none:threshold=0.125:binbits=6:mapping=uniform:softdist=trilinear:feedback=0:prune=hamerly:seed=1:restarts=1:iter=20:miniter=0:polish_iter=0:feedback_slots=1:feedback_interval=1:sample_target=16384 -Xoklab -Wgamma --diffusion=none --gpu-policy=off --lookup-policy=none -F none -a off -p 8 '{input}','{lsqa}' '{input}' -
f2c138d8f6aa0a90c89d019f85eaf9bb3efa5edb,macOS-26.5.1-arm64-arm-64bit-Mach-O,images/snake.png,16,full-frame-hard,full-frame,hard,kmeans:inittype=none:threshold=0.125:binbits=6:mapping=uniform:softdist=trilinear:feedback=0:prune=hamerly:seed=1:restarts=1:iter=20:miniter=0:polish_iter=0:feedback_slots=1:feedback_interval=1:sample_target=16384,0.935376,4.441328,'{img2sixel}' --threads=1 --precision=8bit --quality=full '--loaders=libpng!' --sampling-policy=full-frame --binning-policy=hard --quantize-model=kmeans:inittype=none:threshold=0.125:binbits=6:mapping=uniform:softdist=trilinear:feedback=0:prune=hamerly:seed=1:restarts=1:iter=20:miniter=0:polish_iter=0:feedback_slots=1:feedback_interval=1:sample_target=16384 -Xoklab -Wgamma --diffusion=none --gpu-policy=off --lookup-policy=none -F none -a off -p 16 '{input}','{lsqa}' '{input}' -
f2c138d8f6aa0a90c89d019f85eaf9bb3efa5edb,macOS-26.5.1-arm64-arm-64bit-Mach-O,images/snake.png,16,adaptive-grid-hard,adaptive-grid,hard,kmeans:inittype=none:threshold=0.125:binbits=6:mapping=uniform:softdist=trilinear:feedback=0:prune=hamerly:seed=1:restarts=1:iter=20:miniter=0:polish_iter=0:feedback_slots=1:feedback_interval=1:sample_target=16384,0.94964,4.088191,'{img2sixel}' --threads=1 --precision=8bit --quality=full '--loaders=libpng!' --sampling-policy=adaptive-grid --binning-policy=hard --quantize-model=kmeans:inittype=none:threshold=0.125:binbits=6:mapping=uniform:softdist=trilinear:feedback=0:prune=hamerly:seed=1:restarts=1:iter=20:miniter=0:polish_iter=0:feedback_slots=1:feedback_interval=1:sample_target=16384 -Xoklab -Wgamma --diffusion=none --gpu-policy=off --lookup-policy=none -F none -a off -p 16 '{input}','{lsqa}' '{input}' -
f2c138d8f6aa0a90c89d019f85eaf9bb3efa5edb,macOS-26.5.1-arm64-arm-64bit-Mach-O,images/snake.png,16,full-frame-none,full-frame,none,kmeans:inittype=none:threshold=0.125:binbits=6:mapping=uniform:softdist=trilinear:feedback=0:prune=hamerly:seed=1:restarts=1:iter=20:miniter=0:polish_iter=0:feedback_slots=1:feedback_interval=1:sample_target=16384,0.9513,3.922885,'{img2sixel}' --threads=1 --precision=8bit --quality=full '--loaders=libpng!' --sampling-policy=full-frame --binning-policy=none --quantize-model=kmeans:inittype=none:threshold=0.125:binbits=6:mapping=uniform:softdist=trilinear:feedback=0:prune=hamerly:seed=1:restarts=1:iter=20:miniter=0:polish_iter=0:feedback_slots=1:feedback_interval=1:sample_target=16384 -Xoklab -Wgamma --diffusion=none --gpu-policy=off --lookup-policy=none -F none -a off -p 16 '{input}','{lsqa}' '{input}' -
f2c138d8f6aa0a90c89d019f85eaf9bb3efa5edb,macOS-26.5.1-arm64-arm-64bit-Mach-O,images/snake.png,16,full-frame-exact,full-frame,exact,kmeans:inittype=none:threshold=0.125:binbits=6:mapping=uniform:softdist=trilinear:feedback=0:prune=hamerly:seed=1:restarts=1:iter=20:miniter=0:polish_iter=0:feedback_slots=1:feedback_interval=1:sample_target=16384,0.948229,4.045077,'{img2sixel}' --threads=1 --precision=8bit --quality=full '--loaders=libpng!' --sampling-policy=full-frame --binning-policy=exact --quantize-model=kmeans:inittype=none:threshold=0.125:binbits=6:mapping=uniform:softdist=trilinear:feedback=0:prune=hamerly:seed=1:restarts=1:iter=20:miniter=0:polish_iter=0:feedback_slots=1:feedback_interval=1:sample_target=16384 -Xoklab -Wgamma --diffusion=none --gpu-policy=off --lookup-policy=none -F none -a off -p 16 '{input}','{lsqa}' '{input}' -
f2c138d8f6aa0a90c89d019f85eaf9bb3efa5edb,macOS-26.5.1-arm64-arm-64bit-Mach-O,images/snake.png,16,full-frame-soft,full-frame,soft,kmeans:inittype=none:threshold=0.125:binbits=6:mapping=uniform:softdist=trilinear:feedback=0:prune=hamerly:seed=1:restarts=1:iter=20:miniter=0:polish_iter=0:feedback_slots=1:feedback_interval=1:sample_target=16384,0.942923,4.20246,'{img2sixel}' --threads=1 --precision=8bit --quality=full '--loaders=libpng!' --sampling-policy=full-frame --binning-policy=soft --quantize-model=kmeans:inittype=none:threshold=0.125:binbits=6:mapping=uniform:softdist=trilinear:feedback=0:prune=hamerly:seed=1:restarts=1:iter=20:miniter=0:polish_iter=0:feedback_slots=1:feedback_interval=1:sample_target=16384 -Xoklab -Wgamma --diffusion=none --gpu-policy=off --lookup-policy=none -F none -a off -p 16 '{input}','{lsqa}' '{input}' -
f2c138d8f6aa0a90c89d019f85eaf9bb3efa5edb,macOS-26.5.1-arm64-arm-64bit-Mach-O,images/snake.png,32,full-frame-hard,full-frame,hard,kmeans:inittype=none:threshold=0.125:binbits=6:mapping=uniform:softdist=trilinear:feedback=0:prune=hamerly:seed=1:restarts=1:iter=20:miniter=0:polish_iter=0:feedback_slots=1:feedback_interval=1:sample_target=16384,0.968379,3.237988,'{img2sixel}' --threads=1 --precision=8bit --quality=full '--loaders=libpng!' --sampling-policy=full-frame --binning-policy=hard --quantize-model=kmeans:inittype=none:threshold=0.125:binbits=6:mapping=uniform:softdist=trilinear:feedback=0:prune=hamerly:seed=1:restarts=1:iter=20:miniter=0:polish_iter=0:feedback_slots=1:feedback_interval=1:sample_target=16384 -Xoklab -Wgamma --diffusion=none --gpu-policy=off --lookup-policy=none -F none -a off -p 32 '{input}','{lsqa}' '{input}' -
f2c138d8f6aa0a90c89d019f85eaf9bb3efa5edb,macOS-26.5.1-arm64-arm-64bit-Mach-O,images/snake.png,32,adaptive-grid-hard,adaptive-grid,hard,kmeans:inittype=none:threshold=0.125:binbits=6:mapping=uniform:softdist=trilinear:feedback=0:prune=hamerly:seed=1:restarts=1:iter=20:miniter=0:polish_iter=0:feedback_slots=1:feedback_interval=1:sample_target=16384,0.965196,3.323455,'{img2sixel}' --threads=1 --precision=8bit --quality=full '--loaders=libpng!' --sampling-policy=adaptive-grid --binning-policy=hard --quantize-model=kmeans:inittype=none:threshold=0.125:binbits=6:mapping=uniform:softdist=trilinear:feedback=0:prune=hamerly:seed=1:restarts=1:iter=20:miniter=0:polish_iter=0:feedback_slots=1:feedback_interval=1:sample_target=16384 -Xoklab -Wgamma --diffusion=none --gpu-policy=off --lookup-policy=none -F none -a off -p 32 '{input}','{lsqa}' '{input}' -
f2c138d8f6aa0a90c89d019f85eaf9bb3efa5edb,macOS-26.5.1-arm64-arm-64bit-Mach-O,images/snake.png,32,full-frame-none,full-frame,none,kmeans:inittype=none:threshold=0.125:binbits=6:mapping=uniform:softdist=trilinear:feedback=0:prune=hamerly:seed=1:restarts=1:iter=20:miniter=0:polish_iter=0:feedback_slots=1:feedback_interval=1:sample_target=16384,0.971421,3.059626,'{img2sixel}' --threads=1 --precision=8bit --quality=full '--loaders=libpng!' --sampling-policy=full-frame --binning-policy=none --quantize-model=kmeans:inittype=none:threshold=0.125:binbits=6:mapping=uniform:softdist=trilinear:feedback=0:prune=hamerly:seed=1:restarts=1:iter=20:miniter=0:polish_iter=0:feedback_slots=1:feedback_interval=1:sample_target=16384 -Xoklab -Wgamma --diffusion=none --gpu-policy=off --lookup-policy=none -F none -a off -p 32 '{input}','{lsqa}' '{input}' -
f2c138d8f6aa0a90c89d019f85eaf9bb3efa5edb,macOS-26.5.1-arm64-arm-64bit-Mach-O,images/snake.png,32,full-frame-exact,full-frame,exact,kmeans:inittype=none:threshold=0.125:binbits=6:mapping=uniform:softdist=trilinear:feedback=0:prune=hamerly:seed=1:restarts=1:iter=20:miniter=0:polish_iter=0:feedback_slots=1:feedback_interval=1:sample_target=16384,0.972071,3.118642,'{img2sixel}' --threads=1 --precision=8bit --quality=full '--loaders=libpng!' --sampling-policy=full-frame --binning-policy=exact --quantize-model=kmeans:inittype=none:threshold=0.125:binbits=6:mapping=uniform:softdist=trilinear:feedback=0:prune=hamerly:seed=1:restarts=1:iter=20:miniter=0:polish_iter=0:feedback_slots=1:feedback_interval=1:sample_target=16384 -Xoklab -Wgamma --diffusion=none --gpu-policy=off --lookup-policy=none -F none -a off -p 32 '{input}','{lsqa}' '{input}' -
f2c138d8f6aa0a90c89d019f85eaf9bb3efa5edb,macOS-26.5.1-arm64-arm-64bit-Mach-O,images/snake.png,32,full-frame-soft,full-frame,soft,kmeans:inittype=none:threshold=0.125:binbits=6:mapping=uniform:softdist=trilinear:feedback=0:prune=hamerly:seed=1:restarts=1:iter=20:miniter=0:polish_iter=0:feedback_slots=1:feedback_interval=1:sample_target=16384,0.96454,3.314476,'{img2sixel}' --threads=1 --precision=8bit --quality=full '--loaders=libpng!' --sampling-policy=full-frame --binning-policy=soft --quantize-model=kmeans:inittype=none:threshold=0.125:binbits=6:mapping=uniform:softdist=trilinear:feedback=0:prune=hamerly:seed=1:restarts=1:iter=20:miniter=0:polish_iter=0:feedback_slots=1:feedback_interval=1:sample_target=16384 -Xoklab -Wgamma --diffusion=none --gpu-policy=off --lookup-policy=none -F none -a off -p 32 '{input}','{lsqa}' '{input}' -
f2c138d8f6aa0a90c89d019f85eaf9bb3efa5edb,macOS-26.5.1-arm64-arm-64bit-Mach-O,images/snake.png,64,full-frame-hard,full-frame,hard,kmeans:inittype=none:threshold=0.125:binbits=6:mapping=uniform:softdist=trilinear:feedback=0:prune=hamerly:seed=1:restarts=1:iter=20:miniter=0:polish_iter=0:feedback_slots=1:feedback_interval=1:sample_target=16384,0.979406,2.729795,'{img2sixel}' --threads=1 --precision=8bit --quality=full '--loaders=libpng!' --sampling-policy=full-frame --binning-policy=hard --quantize-model=kmeans:inittype=none:threshold=0.125:binbits=6:mapping=uniform:softdist=trilinear:feedback=0:prune=hamerly:seed=1:restarts=1:iter=20:miniter=0:polish_iter=0:feedback_slots=1:feedback_interval=1:sample_target=16384 -Xoklab -Wgamma --diffusion=none --gpu-policy=off --lookup-policy=none -F none -a off -p 64 '{input}','{lsqa}' '{input}' -
f2c138d8f6aa0a90c89d019f85eaf9bb3efa5edb,macOS-26.5.1-arm64-arm-64bit-Mach-O,images/snake.png,64,adaptive-grid-hard,adaptive-grid,hard,kmeans:inittype=none:threshold=0.125:binbits=6:mapping=uniform:softdist=trilinear:feedback=0:prune=hamerly:seed=1:restarts=1:iter=20:miniter=0:polish_iter=0:feedback_slots=1:feedback_interval=1:sample_target=16384,0.98146,2.732823,'{img2sixel}' --threads=1 --precision=8bit --quality=full '--loaders=libpng!' --sampling-policy=adaptive-grid --binning-policy=hard --quantize-model=kmeans:inittype=none:threshold=0.125:binbits=6:mapping=uniform:softdist=trilinear:feedback=0:prune=hamerly:seed=1:restarts=1:iter=20:miniter=0:polish_iter=0:feedback_slots=1:feedback_interval=1:sample_target=16384 -Xoklab -Wgamma --diffusion=none --gpu-policy=off --lookup-policy=none -F none -a off -p 64 '{input}','{lsqa}' '{input}' -
f2c138d8f6aa0a90c89d019f85eaf9bb3efa5edb,macOS-26.5.1-arm64-arm-64bit-Mach-O,images/snake.png,64,full-frame-none,full-frame,none,kmeans:inittype=none:threshold=0.125:binbits=6:mapping=uniform:softdist=trilinear:feedback=0:prune=hamerly:seed=1:restarts=1:iter=20:miniter=0:polish_iter=0:feedback_slots=1:feedback_interval=1:sample_target=16384,0.981261,2.625562,'{img2sixel}' --threads=1 --precision=8bit --quality=full '--loaders=libpng!' --sampling-policy=full-frame --binning-policy=none --quantize-model=kmeans:inittype=none:threshold=0.125:binbits=6:mapping=uniform:softdist=trilinear:feedback=0:prune=hamerly:seed=1:restarts=1:iter=20:miniter=0:polish_iter=0:feedback_slots=1:feedback_interval=1:sample_target=16384 -Xoklab -Wgamma --diffusion=none --gpu-policy=off --lookup-policy=none -F none -a off -p 64 '{input}','{lsqa}' '{input}' -
f2c138d8f6aa0a90c89d019f85eaf9bb3efa5edb,macOS-26.5.1-arm64-arm-64bit-Mach-O,images/snake.png,64,full-frame-exact,full-frame,exact,kmeans:inittype=none:threshold=0.125:binbits=6:mapping=uniform:softdist=trilinear:feedback=0:prune=hamerly:seed=1:restarts=1:iter=20:miniter=0:polish_iter=0:feedback_slots=1:feedback_interval=1:sample_target=16384,0.979294,2.748781,'{img2sixel}' --threads=1 --precision=8bit --quality=full '--loaders=libpng!' --sampling-policy=full-frame --binning-policy=exact --quantize-model=kmeans:inittype=none:threshold=0.125:binbits=6:mapping=uniform:softdist=trilinear:feedback=0:prune=hamerly:seed=1:restarts=1:iter=20:miniter=0:polish_iter=0:feedback_slots=1:feedback_interval=1:sample_target=16384 -Xoklab -Wgamma --diffusion=none --gpu-policy=off --lookup-policy=none -F none -a off -p 64 '{input}','{lsqa}' '{input}' -
f2c138d8f6aa0a90c89d019f85eaf9bb3efa5edb,macOS-26.5.1-arm64-arm-64bit-Mach-O,images/snake.png,64,full-frame-soft,full-frame,soft,kmeans:inittype=none:threshold=0.125:binbits=6:mapping=uniform:softdist=trilinear:feedback=0:prune=hamerly:seed=1:restarts=1:iter=20:miniter=0:polish_iter=0:feedback_slots=1:feedback_interval=1:sample_target=16384,0.979392,2.749422,'{img2sixel}' --threads=1 --precision=8bit --quality=full '--loaders=libpng!' --sampling-policy=full-frame --binning-policy=soft --quantize-model=kmeans:inittype=none:threshold=0.125:binbits=6:mapping=uniform:softdist=trilinear:feedback=0:prune=hamerly:seed=1:restarts=1:iter=20:miniter=0:polish_iter=0:feedback_slots=1:feedback_interval=1:sample_target=16384 -Xoklab -Wgamma --diffusion=none --gpu-policy=off --lookup-policy=none -F none -a off -p 64 '{input}','{lsqa}' '{input}' -
f2c138d8f6aa0a90c89d019f85eaf9bb3efa5edb,macOS-26.5.1-arm64-arm-64bit-Mach-O,images/snake.png,128,full-frame-hard,full-frame,hard,kmeans:inittype=none:threshold=0.125:binbits=6:mapping=uniform:softdist=trilinear:feedback=0:prune=hamerly:seed=1:restarts=1:iter=20:miniter=0:polish_iter=0:feedback_slots=1:feedback_interval=1:sample_target=16384,0.985829,2.308347,'{img2sixel}' --threads=1 --precision=8bit --quality=full '--loaders=libpng!' --sampling-policy=full-frame --binning-policy=hard --quantize-model=kmeans:inittype=none:threshold=0.125:binbits=6:mapping=uniform:softdist=trilinear:feedback=0:prune=hamerly:seed=1:restarts=1:iter=20:miniter=0:polish_iter=0:feedback_slots=1:feedback_interval=1:sample_target=16384 -Xoklab -Wgamma --diffusion=none --gpu-policy=off --lookup-policy=none -F none -a off -p 128 '{input}','{lsqa}' '{input}' -
f2c138d8f6aa0a90c89d019f85eaf9bb3efa5edb,macOS-26.5.1-arm64-arm-64bit-Mach-O,images/snake.png,128,adaptive-grid-hard,adaptive-grid,hard,kmeans:inittype=none:threshold=0.125:binbits=6:mapping=uniform:softdist=trilinear:feedback=0:prune=hamerly:seed=1:restarts=1:iter=20:miniter=0:polish_iter=0:feedback_slots=1:feedback_interval=1:sample_target=16384,0.985191,2.340443,'{img2sixel}' --threads=1 --precision=8bit --quality=full '--loaders=libpng!' --sampling-policy=adaptive-grid --binning-policy=hard --quantize-model=kmeans:inittype=none:threshold=0.125:binbits=6:mapping=uniform:softdist=trilinear:feedback=0:prune=hamerly:seed=1:restarts=1:iter=20:miniter=0:polish_iter=0:feedback_slots=1:feedback_interval=1:sample_target=16384 -Xoklab -Wgamma --diffusion=none --gpu-policy=off --lookup-policy=none -F none -a off -p 128 '{input}','{lsqa}' '{input}' -
f2c138d8f6aa0a90c89d019f85eaf9bb3efa5edb,macOS-26.5.1-arm64-arm-64bit-Mach-O,images/snake.png,128,full-frame-none,full-frame,none,kmeans:inittype=none:threshold=0.125:binbits=6:mapping=uniform:softdist=trilinear:feedback=0:prune=hamerly:seed=1:restarts=1:iter=20:miniter=0:polish_iter=0:feedback_slots=1:feedback_interval=1:sample_target=16384,0.989268,2.140417,'{img2sixel}' --threads=1 --precision=8bit --quality=full '--loaders=libpng!' --sampling-policy=full-frame --binning-policy=none --quantize-model=kmeans:inittype=none:threshold=0.125:binbits=6:mapping=uniform:softdist=trilinear:feedback=0:prune=hamerly:seed=1:restarts=1:iter=20:miniter=0:polish_iter=0:feedback_slots=1:feedback_interval=1:sample_target=16384 -Xoklab -Wgamma --diffusion=none --gpu-policy=off --lookup-policy=none -F none -a off -p 128 '{input}','{lsqa}' '{input}' -
f2c138d8f6aa0a90c89d019f85eaf9bb3efa5edb,macOS-26.5.1-arm64-arm-64bit-Mach-O,images/snake.png,128,full-frame-exact,full-frame,exact,kmeans:inittype=none:threshold=0.125:binbits=6:mapping=uniform:softdist=trilinear:feedback=0:prune=hamerly:seed=1:restarts=1:iter=20:miniter=0:polish_iter=0:feedback_slots=1:feedback_interval=1:sample_target=16384,0.98545,2.268727,'{img2sixel}' --threads=1 --precision=8bit --quality=full '--loaders=libpng!' --sampling-policy=full-frame --binning-policy=exact --quantize-model=kmeans:inittype=none:threshold=0.125:binbits=6:mapping=uniform:softdist=trilinear:feedback=0:prune=hamerly:seed=1:restarts=1:iter=20:miniter=0:polish_iter=0:feedback_slots=1:feedback_interval=1:sample_target=16384 -Xoklab -Wgamma --diffusion=none --gpu-policy=off --lookup-policy=none -F none -a off -p 128 '{input}','{lsqa}' '{input}' -
f2c138d8f6aa0a90c89d019f85eaf9bb3efa5edb,macOS-26.5.1-arm64-arm-64bit-Mach-O,images/snake.png,128,full-frame-soft,full-frame,soft,kmeans:inittype=none:threshold=0.125:binbits=6:mapping=uniform:softdist=trilinear:feedback=0:prune=hamerly:seed=1:restarts=1:iter=20:miniter=0:polish_iter=0:feedback_slots=1:feedback_interval=1:sample_target=16384,0.983428,2.398769,'{img2sixel}' --threads=1 --precision=8bit --quality=full '--loaders=libpng!' --sampling-policy=full-frame --binning-policy=soft --quantize-model=kmeans:inittype=none:threshold=0.125:binbits=6:mapping=uniform:softdist=trilinear:feedback=0:prune=hamerly:seed=1:restarts=1:iter=20:miniter=0:polish_iter=0:feedback_slots=1:feedback_interval=1:sample_target=16384 -Xoklab -Wgamma --diffusion=none --gpu-policy=off --lookup-policy=none -F none -a off -p 128 '{input}','{lsqa}' '{input}' -
f2c138d8f6aa0a90c89d019f85eaf9bb3efa5edb,macOS-26.5.1-arm64-arm-64bit-Mach-O,images/snake.png,256,full-frame-hard,full-frame,hard,kmeans:inittype=none:threshold=0.125:binbits=6:mapping=uniform:softdist=trilinear:feedback=0:prune=hamerly:seed=1:restarts=1:iter=20:miniter=0:polish_iter=0:feedback_slots=1:feedback_interval=1:sample_target=16384,0.988623,1.941093,'{img2sixel}' --threads=1 --precision=8bit --quality=full '--loaders=libpng!' --sampling-policy=full-frame --binning-policy=hard --quantize-model=kmeans:inittype=none:threshold=0.125:binbits=6:mapping=uniform:softdist=trilinear:feedback=0:prune=hamerly:seed=1:restarts=1:iter=20:miniter=0:polish_iter=0:feedback_slots=1:feedback_interval=1:sample_target=16384 -Xoklab -Wgamma --diffusion=none --gpu-policy=off --lookup-policy=none -F none -a off -p 256 '{input}','{lsqa}' '{input}' -
f2c138d8f6aa0a90c89d019f85eaf9bb3efa5edb,macOS-26.5.1-arm64-arm-64bit-Mach-O,images/snake.png,256,adaptive-grid-hard,adaptive-grid,hard,kmeans:inittype=none:threshold=0.125:binbits=6:mapping=uniform:softdist=trilinear:feedback=0:prune=hamerly:seed=1:restarts=1:iter=20:miniter=0:polish_iter=0:feedback_slots=1:feedback_interval=1:sample_target=16384,0.989407,1.959283,'{img2sixel}' --threads=1 --precision=8bit --quality=full '--loaders=libpng!' --sampling-policy=adaptive-grid --binning-policy=hard --quantize-model=kmeans:inittype=none:threshold=0.125:binbits=6:mapping=uniform:softdist=trilinear:feedback=0:prune=hamerly:seed=1:restarts=1:iter=20:miniter=0:polish_iter=0:feedback_slots=1:feedback_interval=1:sample_target=16384 -Xoklab -Wgamma --diffusion=none --gpu-policy=off --lookup-policy=none -F none -a off -p 256 '{input}','{lsqa}' '{input}' -
f2c138d8f6aa0a90c89d019f85eaf9bb3efa5edb,macOS-26.5.1-arm64-arm-64bit-Mach-O,images/snake.png,256,full-frame-none,full-frame,none,kmeans:inittype=none:threshold=0.125:binbits=6:mapping=uniform:softdist=trilinear:feedback=0:prune=hamerly:seed=1:restarts=1:iter=20:miniter=0:polish_iter=0:feedback_slots=1:feedback_interval=1:sample_target=16384,0.992121,1.805527,'{img2sixel}' --threads=1 --precision=8bit --quality=full '--loaders=libpng!' --sampling-policy=full-frame --binning-policy=none --quantize-model=kmeans:inittype=none:threshold=0.125:binbits=6:mapping=uniform:softdist=trilinear:feedback=0:prune=hamerly:seed=1:restarts=1:iter=20:miniter=0:polish_iter=0:feedback_slots=1:feedback_interval=1:sample_target=16384 -Xoklab -Wgamma --diffusion=none --gpu-policy=off --lookup-policy=none -F none -a off -p 256 '{input}','{lsqa}' '{input}' -
f2c138d8f6aa0a90c89d019f85eaf9bb3efa5edb,macOS-26.5.1-arm64-arm-64bit-Mach-O,images/snake.png,256,full-frame-exact,full-frame,exact,kmeans:inittype=none:threshold=0.125:binbits=6:mapping=uniform:softdist=trilinear:feedback=0:prune=hamerly:seed=1:restarts=1:iter=20:miniter=0:polish_iter=0:feedback_slots=1:feedback_interval=1:sample_target=16384,0.991373,1.803524,'{img2sixel}' --threads=1 --precision=8bit --quality=full '--loaders=libpng!' --sampling-policy=full-frame --binning-policy=exact --quantize-model=kmeans:inittype=none:threshold=0.125:binbits=6:mapping=uniform:softdist=trilinear:feedback=0:prune=hamerly:seed=1:restarts=1:iter=20:miniter=0:polish_iter=0:feedback_slots=1:feedback_interval=1:sample_target=16384 -Xoklab -Wgamma --diffusion=none --gpu-policy=off --lookup-policy=none -F none -a off -p 256 '{input}','{lsqa}' '{input}' -
f2c138d8f6aa0a90c89d019f85eaf9bb3efa5edb,macOS-26.5.1-arm64-arm-64bit-Mach-O,images/snake.png,256,full-frame-soft,full-frame,soft,kmeans:inittype=none:threshold=0.125:binbits=6:mapping=uniform:softdist=trilinear:feedback=0:prune=hamerly:seed=1:restarts=1:iter=20:miniter=0:polish_iter=0:feedback_slots=1:feedback_interval=1:sample_target=16384,0.989329,1.967002,'{img2sixel}' --threads=1 --precision=8bit --quality=full '--loaders=libpng!' --sampling-policy=full-frame --binning-policy=soft --quantize-model=kmeans:inittype=none:threshold=0.125:binbits=6:mapping=uniform:softdist=trilinear:feedback=0:prune=hamerly:seed=1:restarts=1:iter=20:miniter=0:polish_iter=0:feedback_slots=1:feedback_interval=1:sample_target=16384 -Xoklab -Wgamma --diffusion=none --gpu-policy=off --lookup-policy=none -F none -a off -p 256 '{input}','{lsqa}' '{input}' -
